"TrialName","Species","Individual","CAA:Sc","CAA:Jc","CAA:St","CAA:Jt","CAA:Hc","CAA:Qc","CAA:Ht","CAA:Qt","CAA:Scpl","CAA:Qcpl","CAA:C","CAA:Sc Hrz","CAA:Sc Vrt","CAA:Jc Hrz","CAA:Jc Vrt","CAA:St Hrz","CAA:St Vrt","CAA:Jt Hrz","CAA:Jt Vrt","CAA:Hc Hrz","CAA:Hc Vrt","CAA:Qc Hrz","CAA:Qc Vrt","CAA:Ht Hrz","CAA:Ht Vrt","CAA:Qt Hrz","CAA:Qt Vrt","CAA:Scpl Hrz","CAA:Scpl Vrt","CAA:Qcpl Hrz","CAA:Qcpl Vrt","CAA:C Hrz","CAA:C Vrt","CAA:PT","CAA:PT Hrz","CAA:PT Vrt","CAA:Asp","VCA:ML","VCA:sL","VCA:CVL","VCA:MDmax","VCA:sDmax","VCA:CVDmax","VCA:MSsat","VCA:sSsat","VCA:CVSsat","VCA:MSL","VCA:sSL","VCA:CVSL","VCA:MS","VCA:sS","VCA:CVS","VCA:ML Hrz","VCA:sL Hrz","VCA:CVL Hrz","VCA:ML Vrt","VCA:sL Vrt","VCA:CVL Vrt","VCA:MDmax Hrz","VCA:sDmax Hrz","VCA:CVDmax Hrz","VCA:MDmax Vrt","VCA:sDmax Vrt","VCA:CVDmax Vrt","VCA:MSsat Hrz","VCA:sSsat Hrz","VCA:CVSsat Hrz","VCA:MSsat Vrt","VCA:sSsat Vrt","VCA:CVSsat Vrt","VCA:MSL Hrz","VCA:sSL Hrz","VCA:CVSL Hrz","VCA:MSL Vrt","VCA:sSL Vrt","VCA:CVSL Vrt","VCA:MS Hrz","VCA:sS Hrz","VCA:CVS Hrz","VCA:MS Vrt","VCA:sS Vrt","VCA:CVS Vrt","BSA:BML","BSA:BsL","BSA:BCVL","BSA:BMDmax","BSA:BsDmax","BSA:BCVDmax","BSA:BMSsat","BSA:BsSsat","BSA:BCVSsat","BSA:BMSL","BSA:BsSL","BSA:BCVSL","BSA:BMS","BSA:BsS","BSA:BCVS","BSA:BML Hrz","BSA:BsL Hrz","BSA:BCVL Hrz","BSA:BML Vrt","BSA:BsL Vrt","BSA:BCVL Vrt","BSA:BMDmax Hrz","BSA:BsDmax Hrz","BSA:BCVDmax Hrz","BSA:BMDmax Vrt","BSA:BsDmax Vrt","BSA:BCVDmax Vrt","BSA:BMSsat Hrz","BSA:BsSsat Hrz","BSA:BCVSsat Hrz","BSA:BMSsat Vrt","BSA:BsSsat Vrt","BSA:BCVSsat Vrt","BSA:BMSL Hrz","BSA:BsSL Hrz","BSA:BCVSL Hrz","BSA:BMSL Vrt","BSA:BsSL Vrt","BSA:BCVSL Vrt","BSA:BMS Hrz","BSA:BsS Hrz","BSA:BCVS Hrz","BSA:BMS Vrt","BSA:BsS Vrt","BSA:BCVS Vrt","Col mean","Col sd","Col CoV","Col skew","Col kurtosis","Lum mean","Lum sd","Lum CoV","Lum skew","Lum kurtosis","Col mean hrz","Col sd hrz","Col CoV hrz","Col skew hrz","Col kurtosis hrz","Col mean vrt","Col sd vrt","Col CoV vrt","Col skew vrt","Col kurtosis vrt","Lum mean hrz","Lum sd hrz","Lum CoV hrz","Lum skew hrz","Lum kurtosis hrz","Lum mean vrt","Lum sd vrt","Lum CoV vrt","Lum skew vrt","Lum kurtosis vrt"
"Botia_lohachata_C_10","Botia_lohachata",10,2.020912538,0.673637513,1.061411255,0.353803752,0.728601507,0.663201672,0.134109581,0.193479228,0.513720632,0.42834045,0.035978753,2.018139907,2.023695516,0.672713302,0.674565172,1.097498428,1.034155604,0.365832809,0.344718535,0.726417743,0.730790745,1.047999276,1.054308183,0.188346612,0.085292381,0.171440474,0.077636471,0.519273056,0.509641853,0.609719875,0.565972327,0.031251625,0.040766881,26.794181818,30.998336106,23.529715762,0.568484203,0.229465251,0.060334586,0.26293561,0.158538691,0.009932014,0.062647254,2.607991964,0.080299646,0.030789837,6.683703855,3.556528558,0.532119411,0.39477202,0.294147842,0.745108131,0.229637257,0.060075711,0.261611343,0.229865808,0.060307861,0.262361163,0.158602903,0.009682221,0.061046932,0.158604245,0.009878294,0.062282657,2.608568897,0.077783453,0.029818439,2.608511828,0.079746003,0.030571455,6.678665908,3.552030202,0.531847266,6.688857433,3.56111322,0.532394846,0.394520926,0.293970453,0.745132726,0.395028877,0.294328859,0.745081883,0.209448379,0.033785272,0.161305962,0.046019029,0.032997622,0.717042995,0.021548069,0.017100212,0.793584437,4.255218088,0.732936169,0.172244091,0.171026183,0.095060161,0.555822269,0.211803971,0.041864136,0.197655105,0.207619296,0.025526033,0.122946341,0.048319704,0.04088814,0.846200144,0.044232588,0.024930934,0.563632723,0.022740337,0.02118928,0.931792698,0.020622289,0.012919848,0.6264992,4.306320187,0.908198675,0.210899012,4.215538035,0.553760601,0.131361785,0.17765401,0.117791311,0.66303773,0.16587977,0.071821496,0.432973205,0.056228548,0.091048038,1.619249325,3.048402955,17.556796285,0.530834432,0.847086985,1.595764958,2.302809044,9.784178283,0.025754862,0.054944126,2.133349629,6.04058442,62.317433608,0.031598514,0.066025385,2.089509158,4.437042245,30.905996446,0.233908253,0.515563214,2.204125798,4.300194171,27.608743628,0.298193676,0.605853414,2.031744678,3.60949335,20.318096671
"Botia_lohachata_C_11","Botia_lohachata",11,1.924980257,0.962490129,1,1,0.673532752,0.971702361,0,NA,0.981245064,NA,0.051356978,1.923234475,1.926749407,0.961617237,0.963374704,1,1,1,1,0.673054847,0.674016012,Inf,Inf,0,0,0,0,0.980808619,0.981687352,Inf,Inf,0.047208122,0.055567822,18.471550498,20.182795699,16.99602649,0.542857318,0.297178513,0.105866659,0.356239279,0.171034516,0.009561536,0.055904133,2.635770765,0.116283448,0.044117436,4.993021722,0,0,0.176994707,0,0,0.296752165,0.105745508,0.356342836,0.297118889,0.105849931,0.356254467,0.17099601,0.009550594,0.055852732,0.171029131,0.009560025,0.055897059,2.635302466,0.116150376,0.04407478,2.635705274,0.116265074,0.044111561,4.993021722,0,0,4.993021722,0,0,0.176994707,0,0,0.176994707,0,0,0.24459065,NA,NA,0.039984466,NA,NA,0.031605978,NA,NA,4.993021722,NA,NA,0.176994707,NA,NA,0.24459065,NA,NA,0.24459065,NA,NA,0.039984466,NA,NA,0.039984466,NA,NA,0.031605978,NA,NA,0.031605978,NA,NA,4.993021722,NA,NA,4.993021722,NA,NA,0.176994707,NA,NA,0.176994707,NA,NA,0.056548609,0.091441351,1.617039801,2.585395231,13.632617283,0.728395908,1.187719836,1.630596524,2.086319491,8.387644651,0.02694426,0.053905029,2.000612735,3.950322248,25.677554548,0.030868151,0.06516316,2.111016004,4.414009808,31.870103949,0.343858018,0.755585877,2.197377513,3.714629101,20.564035445,0.385425421,0.818596456,2.123877697,3.70562252,20.977710103
"Botia_lohachata_C_12","Botia_lohachata",12,1.956877065,0.978438532,1,1,0.682088047,0.984045043,0,NA,0.989219266,NA,0.032758013,1.958845678,1.95480739,0.979422839,0.977403695,1,1,1,1,0.682605346,0.681542873,Inf,Inf,0,0,0,0,0.989711419,0.988701848,Inf,Inf,0.026009539,0.039602683,29.52688172,37.447432763,24.250814332,0.606944841,0.230314534,0.060253429,0.261613662,0.134359826,0.013844407,0.10303978,2.250073752,0.145122243,0.064496661,3.881774392,0,0,0.241254209,0,0,0.230633103,0.06018915,0.260973595,0.230938587,0.060124277,0.260347469,0.134433024,0.013829638,0.102873812,0.134503215,0.013814732,0.102709305,2.250841036,0.144967426,0.064405893,2.251576803,0.144811177,0.064315451,3.881774392,0,0,3.881774392,0,0,0.241254209,0,0,0.241254209,0,0,0.191687756,NA,NA,0.074311053,NA,NA,0.046337063,NA,NA,3.881774392,NA,NA,0.241254209,NA,NA,0.191687756,NA,NA,0.191687756,NA,NA,0.074311053,NA,NA,0.074311053,NA,NA,0.046337063,NA,NA,0.046337063,NA,NA,3.881774392,NA,NA,3.881774392,NA,NA,0.241254209,NA,NA,0.241254209,NA,NA,0.051176564,0.079622024,1.555829802,2.294248143,10.463735704,0.425934295,0.674120797,1.582687293,2.043472574,8.34437565,0.023707426,0.047814866,2.016872946,4.26882398,29.81666928,0.028684745,0.05784314,2.016512244,3.58192225,20.786104177,0.176816094,0.39709475,2.245806594,4.223479577,26.980749942,0.249821043,0.500328894,2.002749206,3.147401572,16.000449338
"Botia_lohachata_C_13","Botia_lohachata",13,2.990299093,0.996766364,2.409410815,0.803136938,1.096992762,0.998525843,0.948894061,0.863720597,0.899951651,0.93112322,0.0718983,2.990672994,2.989693083,0.996890998,0.996564361,2.372571506,2.43665926,0.790857169,0.812219753,1.097049035,1.096898132,0.998577065,0.998439707,0.934826981,0.958779059,0.850916188,0.872718309,0.893874083,0.904392057,0.924746626,0.935579008,0.061054013,0.082868773,12.90853472,15.378939828,11.067271757,0.581517688,0.220885942,0.076477655,0.346231425,0.154202754,0.003894679,0.025256873,2.374587181,0.104013495,0.043802769,4.709021242,2.048062207,0.434923119,0.179653968,0.087756757,0.488476589,0.221347899,0.076905956,0.347443807,0.2215866,0.077211773,0.348449652,0.1542531,0.003873082,0.025108618,0.154290268,0.003856626,0.024995914,2.37520077,0.103902991,0.04374493,2.375755783,0.103885231,0.043727235,4.704083198,2.046142312,0.43497154,4.714135568,2.050029937,0.434868685,0.17957619,0.087778201,0.488807571,0.179734523,0.087734434,0.488133455,0.190704279,0.062180892,0.326059237,0.01978446,0.007794422,0.393966888,0.026911803,0.018861176,0.70085147,3.874801733,1.332138626,0.3437953,0.163387453,0.090403663,0.55330848,0.189239134,0.059756729,0.315773634,0.191796293,0.063895158,0.333140733,0.01997562,0.007471347,0.374023278,0.019641983,0.008022323,0.408427347,0.026828739,0.018945988,0.706182583,0.026973712,0.018797357,0.696876892,3.843324796,1.279948327,0.333031527,3.898262386,1.36903884,0.351192071,0.162535407,0.090446277,0.556471223,0.164022507,0.090364051,0.550924705,0.066169846,0.119028706,1.79883606,2.953474551,15.902888743,0.656512292,1.179229571,1.796203339,2.408621568,10.066188009,0.029679941,0.068022107,2.291854492,4.88236171,37.820252744,0.037673991,0.090799638,2.410141211,4.662397928,33.284456187,0.281603729,0.702100029,2.493219933,4.466477872,28.028825472,0.375820997,0.89057714,2.369684361,3.858671553,21.340165261
"Botia_lohachata_C_14","Botia_lohachata",14,1,1,Inf,NA,0,NA,0,NA,Inf,NA,0,1,1,1,1,Inf,Inf,NA,NA,0,0,NA,NA,0,0,NA,NA,Inf,Inf,NA,NA,0,0,Inf,Inf,Inf,NA,0.219187847,NA,NA,0.15068401,NA,NA,2.371509858,NA,NA,NA,NA,NA,NA,NA,NA,0.219187847,NA,NA,0.219187847,NA,NA,0.15068401,NA,NA,0.15068401,NA,NA,2.371509858,NA,NA,2.371509858,NA,NA,NA,NA,NA,NA,NA,NA,NA,NA,NA,NA,NA,NA,0,0,NA,0,0,NA,0,0,NA,0,0,NA,0,0,NA,0,0,NA,0,0,NA,0,0,NA,0,0,NA,0,0,NA,0,0,NA,0,0,NA,0,0,NA,0,0,NA,0,0,NA,0.055214406,0.086821919,1.572450464,2.56239843,12.119975,0.746705092,1.275068661,1.707593365,2.122842524,7.364602925,0.027436609,0.055808414,2.034085698,4.03445274,26.319571397,0.029070688,0.061920339,2.12999222,4.375730575,27.877991965,0.413935485,0.976452268,2.358947963,3.386919813,15.096039673,0.335098787,0.763296801,2.277826216,3.873061505,20.278590349
"Botia_lohachata_C_4","Botia_lohachata",4,2.112234084,0.704078028,1.187455605,0.395818535,0.83865204,0.763373984,0.294118914,0.424323899,0.549948281,0.593848942,0.048103464,2.112624385,2.111802524,0.704208128,0.703934175,1.156336261,1.218600741,0.38544542,0.406200247,0.839663962,0.837606341,1.211379034,1.208410514,0.261118942,0.324240308,0.237680704,0.295136248,0.544826774,0.555067211,0.724529869,0.751773381,0.047328527,0.048888611,19.788523533,20.12890625,19.454661558,0.508516725,0.349546076,0.115851784,0.331434944,0.157361656,0.012301169,0.078171322,2.462671301,0.120828725,0.04906409,6.491957728,2.928634659,0.451117333,0.281655403,0.096660815,0.343188216,0.349023316,0.115625581,0.331283259,0.349785597,0.115523103,0.330268325,0.157308292,0.012277001,0.07804421,0.157390831,0.01225714,0.077877093,2.462047124,0.120621205,0.04899224,2.462717008,0.12083056,0.049063924,6.490430891,2.926106394,0.450833919,6.493507217,2.931196985,0.451404285,0.281604005,0.096577286,0.342954234,0.281707563,0.096745468,0.343425172,0.236280622,0.028653354,0.121268319,0.055999598,0.00127789,0.022819625,0.037469215,0.015701141,0.419041095,4.819036115,0.617116577,0.128058093,0.226764037,0.019847168,0.087523438,0.235308548,0.026516899,0.112689907,0.237234074,0.03054429,0.128751698,0.055956245,0.001182608,0.021134506,0.05604212,0.001362222,0.024307115,0.038001881,0.01453043,0.382360816,0.036946753,0.016737315,0.453011786,4.798100244,0.571103046,0.11902691,4.839570915,0.657842282,0.135929878,0.226090716,0.018367321,0.081238722,0.22742446,0.021156953,0.093028485,0.052016991,0.081990907,1.576233195,2.483997024,12.348506482,0.68805962,1.148590908,1.669318871,2.185882098,8.428451817,0.026306193,0.054216092,2.060963058,4.299959742,30.192293246,0.026976238,0.055386379,2.053154269,3.954292523,25.260343673,0.336792905,0.77743385,2.30834391,3.94040817,22.02297535,0.352751579,0.771479012,2.187032057,3.668794051,19.487874783
"Botia_lohachata_C_5","Botia_lohachata",5,1.97301187,0.493252967,1.3447632,0.2241272,0.810377931,0.584564111,0.501884482,0.456834943,0.358690084,0.520699527,0.038868716,1.981412758,1.964225022,0.495353189,0.491056255,1.361719198,1.331059159,0.2269532,0.221843193,0.812710739,0.807868039,0.739761195,0.735353179,0.523767834,0.47953564,0.377818628,0.345911845,0.361153195,0.356449724,0.558789912,0.540632512,0.033150852,0.044689854,24.727631579,29.165137615,21.376443418,0.57705234,0.338326401,0.089925986,0.265796536,0.163425366,0.00744379,0.045548557,2.581966495,0.055564893,0.021520377,9.371328885,5.245487334,0.559737834,0.291494772,0.239491977,0.821599561,0.339974589,0.088538631,0.260427203,0.340882873,0.088544345,0.259750054,0.163535254,0.007153165,0.043740815,0.163516557,0.007383668,0.045155477,2.582474797,0.053420301,0.020685701,2.582161746,0.054816574,0.021228947,9.359824422,5.239328392,0.559767807,9.383182608,5.251790551,0.559702477,0.291313465,0.239340557,0.821591122,0.291681583,0.239647702,0.821607246,0.213819391,0.051412634,0.240448883,0.017745232,0.031681593,1.785358093,0.011495078,0.020269033,1.763279362,4.353425941,1.108959324,0.254732558,0.084460624,0.128656364,1.523270355,0.2128193,0.048726371,0.228956542,0.214574655,0.053333083,0.248552577,0.019903847,0.03722162,1.870071669,0.016115053,0.026574064,1.649021178,0.012695061,0.023504951,1.85150363,0.010588855,0.01734929,1.638448161,4.331411162,1.050548533,0.242541863,4.370051421,1.150689593,0.263312598,0.08958613,0.141969217,1.584723188,0.080589861,0.117385716,1.456581698,0.053611863,0.091259913,1.702233562,3.039968472,15.332159357,0.500669681,0.824060678,1.645916879,2.798030865,15.626775576,0.025626192,0.057980319,2.262541321,5.651945792,45.893797506,0.029055843,0.064424148,2.217252796,4.447865173,29.166950736,0.200402707,0.484098944,2.415630767,6.141210928,65.654024914,0.30169108,0.617546328,2.046949241,3.715012389,21.858160938
"Botia_lohachata_C_6","Botia_lohachata",6,1.266009353,0.316502338,1.37143403,0.228572338,0.426564855,0.307701501,0.540083289,0.389587742,0.272537338,0.348644621,0.020233295,1.26303357,1.269037796,0.315758393,0.317259449,1.479917534,1.271738955,0.246652922,0.211956493,0.422389023,0.430769087,0.304689275,0.392102921,0.628892928,0.43876684,0.453650354,0.316503372,0.281205657,0.264607971,0.379169814,0.354303146,0.020090084,0.020378563,48.423487544,48.775800712,48.071174377,0.503637833,0.349175554,0.095591808,0.273764321,0.180384952,0.009023422,0.05002314,2.835814098,0.087157861,0.030734688,9.602608761,4.08634981,0.425545798,0.43281124,0.255776496,0.590965466,0.34850763,0.092243257,0.26468074,0.348333981,0.093131416,0.267362419,0.180492859,0.00842877,0.046698633,0.180423157,0.008728009,0.048375214,2.836270021,0.082214627,0.028986883,2.83575657,0.084372599,0.029753118,9.600264679,4.081674241,0.425162678,9.604987202,4.091086622,0.425933584,0.432730232,0.255743716,0.591000344,0.432893436,0.255809718,0.59093,0.280891892,0.061027019,0.21726159,0.034256,0.033922339,0.990259774,0.028514784,0.012989032,0.455519209,5.795044852,1.382197661,0.238513712,0.180199982,0.103967408,0.576955707,0.281904394,0.06774383,0.240307819,0.27987939,0.056689621,0.20255018,0.036838267,0.036837831,0.999988154,0.031673732,0.032287351,1.019373115,0.029090421,0.014134433,0.485879283,0.027939147,0.012404015,0.443965417,5.822311543,1.536728713,0.263937905,5.76777816,1.280469014,0.22200386,0.186990006,0.112857254,0.603546983,0.173409959,0.099265208,0.572430837,0.057560207,0.089143798,1.548705308,2.137557491,9.224016724,0.609362385,0.97711872,1.603510068,2.102437784,9.231646546,0.028311972,0.058756038,2.075307125,3.855059734,22.788034855,0.030169295,0.058273489,1.931549566,3.610143976,21.916574885,0.287026126,0.648659796,2.259932935,4.15419432,27.819376276,0.323711368,0.640435434,1.978415027,3.198989937,16.288458793
"Botia_lohachata_C_7","Botia_lohachata",7,1.673434502,0.836717251,1,1,0.592122971,0.854252874,0,NA,0.918358625,NA,0.03509799,1.672531601,1.67435266,0.836265801,0.83717633,1,1,1,1,0.591776486,0.592474836,Inf,Inf,0,0,0,0,0.9181329,0.918588165,Inf,Inf,0.033283491,0.03693724,27.491660048,29.044925125,26.072948328,0.526960191,0.150006876,0.051468195,0.343105572,0.157823824,0.011469256,0.07267126,2.669452483,0.085854448,0.032161819,4.911676112,0,0,0.213875167,0,0,0.149412464,0.051061953,0.341751626,0.149471733,0.051103225,0.341892234,0.157691364,0.011378728,0.072158222,0.157704572,0.011387926,0.072210497,2.668460941,0.085176793,0.03191982,2.668559808,0.085245639,0.031944436,4.911676112,0,0,4.911676112,0,0,0.213875167,0,0,0.213875167,0,0,0.240762906,NA,NA,0.055499398,NA,NA,0.024891517,NA,NA,4.911676112,NA,NA,0.213875167,NA,NA,0.240762906,NA,NA,0.240762906,NA,NA,0.055499398,NA,NA,0.055499398,NA,NA,0.024891517,NA,NA,0.024891517,NA,NA,4.911676112,NA,NA,4.911676112,NA,NA,0.213875167,NA,NA,0.213875167,NA,NA,0.066507063,0.107090113,1.610206635,2.56147995,11.971061883,0.541129926,0.89263934,1.649584133,2.333048302,9.594023323,0.030492289,0.068115769,2.233868638,4.991787936,38.359156876,0.037640487,0.078353698,2.081633466,3.812666746,21.940682717,0.247148107,0.575843725,2.329954022,4.125268721,24.102629423,0.295148995,0.642915758,2.178275274,3.826691541,21.770123218
"Botia_lohachata_C_8","Botia_lohachata",8,1.797668342,0.599222781,1.621162481,0.540387494,0.765186225,0.696502518,0.644474848,0.586626287,0.569805137,0.641564403,0.03796099,1.821637481,1.77317963,0.607212494,0.591059877,1.371193437,1.756989753,0.457064479,0.585663251,0.777015211,0.752649183,0.707269724,0.68509081,0.528797783,0.660038932,0.481332485,0.600793327,0.532138486,0.588361564,0.594301105,0.642942068,0.029685567,0.046354992,25.34283247,32.686403509,20.572649573,0.613724834,0.327489543,0.088763756,0.271043024,0.152104099,0.014452412,0.095016584,2.509419727,0.160521032,0.063967391,5.801265531,2.381991609,0.410598618,0.292251961,0.068801865,0.235419687,0.328811922,0.088138638,0.268051833,0.331150999,0.086079172,0.259939339,0.152342996,0.014323176,0.09401926,0.152661197,0.014154618,0.092719159,2.512122085,0.158831448,0.063226007,2.514940789,0.157774198,0.062734756,5.795405526,2.382472943,0.411096848,5.807313403,2.381472061,0.410081546,0.291770872,0.069305171,0.237532865,0.292748473,0.068273201,0.233214542,0.214684675,0.038328247,0.178532758,0.070402215,0.041514315,0.589673426,0.055140424,0.017929223,0.325155701,4.36760306,0.84033732,0.192402402,0.296407281,0.085051597,0.286941659,0.222499073,0.050096751,0.225154873,0.209608655,0.026361748,0.125766507,0.080080578,0.029941695,0.373894588,0.064115415,0.045935138,0.716444532,0.058496024,0.014420054,0.24651341,0.052960719,0.01941901,0.366668167,4.536462816,1.104076044,0.243378176,4.25791638,0.572036362,0.134346547,0.31538114,0.061914144,0.196315302,0.284082381,0.094148597,0.331413009,0.052035229,0.08383627,1.611144448,2.670314255,14.06963121,0.549336516,0.907037219,1.651150421,2.203750574,8.892511804,0.022445808,0.045260033,2.016413629,4.358306367,30.35675007,0.030744598,0.064218991,2.088789414,4.269188095,29.820305018,0.216443173,0.506573468,2.340445586,4.618183069,32.108274096,0.333673718,0.697123592,2.089237345,3.370446371,17.063756694
"Botia_lohachata_P_1","Botia_lohachata",1,2.416389543,0.805463181,1.773346163,0.591115388,0.955008619,0.869286307,0.700697661,0.637802497,0.698289284,0.753544402,0.058049645,2.416407242,2.416370641,0.805469081,0.80545688,1.696569832,1.856418904,0.565523277,0.618806301,0.954981952,0.955035402,0.869262033,0.869310685,0.649138318,0.748138067,0.590871161,0.680984616,0.685496179,0.712131591,0.730066597,0.775147651,0.059146599,0.056936705,16.226634087,15.907142857,16.56336261,0.489895141,0.313957072,0.121950326,0.388429939,0.140168811,0.006450918,0.046022495,2.237903366,0.1100832,0.049190328,5.736380087,2.469589429,0.430513563,0.201128826,0.063619373,0.316311562,0.313581015,0.121500645,0.387461736,0.313654617,0.121508161,0.387394781,0.140144409,0.006413773,0.045765455,0.140145235,0.0064164,0.045783935,2.237574602,0.109732596,0.049040866,2.23754559,0.109766992,0.049056874,5.736766896,2.469884213,0.43053592,5.735988561,2.469290921,0.430490907,0.201118165,0.063612249,0.316292906,0.201139617,0.063626581,0.316330426,0.227700552,0.040687734,0.178689659,0.022315222,0.02989463,1.339651923,0.036715144,0.018092213,0.4927725,4.643068651,0.913773852,0.196803864,0.191058993,0.066367722,0.347367693,0.225153615,0.030942839,0.137429903,0.230384902,0.048683885,0.211315431,0.021172936,0.029324133,1.384981896,0.023519137,0.03041478,1.29319285,0.0362758,0.017893969,0.493275671,0.037178191,0.018281694,0.491731665,4.586034213,0.693875242,0.151301802,4.703180228,1.094080855,0.232625756,0.189319248,0.065667019,0.346858651,0.192892602,0.067025032,0.347473316,0.054270644,0.087408429,1.610602391,2.500881942,11.476364958,0.737034465,1.264569904,1.715754099,2.360598312,9.403187607,0.0270741,0.056747384,2.096002576,4.09610986,25.578649995,0.028444435,0.061001482,2.144584072,4.356869279,28.738550052,0.376538189,0.897514024,2.383593616,3.850122714,19.867557295,0.362979836,0.819838984,2.258635058,4.201555412,25.9265313
"Botia_lohachata_P_10","Botia_lohachata",10,1.770335755,0.885167878,1,1,0.626801825,0.904283884,0,NA,0.942583939,NA,0.024418358,1.770465151,1.770203006,0.885232575,0.885101503,1,1,1,1,0.626845046,0.626757475,Inf,Inf,0,0,0,0,0.942616288,0.942550751,Inf,Inf,0.017774452,0.031140558,39.952793834,55.260526316,31.112462006,0.639789446,0.395285668,0.126077581,0.318953079,0.158053641,0.002095098,0.013255611,2.575397283,0.009979662,0.003874999,4.520258852,0,0,0.041242656,0,0,0.394874589,0.125854746,0.318720804,0.394852436,0.125842651,0.318708052,0.15804681,0.002091395,0.013232754,0.158046442,0.002091194,0.013231513,2.575364744,0.009962023,0.003868199,2.57536299,0.009961066,0.00386783,4.520258852,0,0,4.520258852,0,0,0.041242656,0,0,0.041242656,0,0,0.222241596,NA,NA,0.009993598,NA,NA,0.002928787,NA,NA,4.520258852,NA,NA,0.041242656,NA,NA,0.222241596,NA,NA,0.222241596,NA,NA,0.009993598,NA,NA,0.009993598,NA,NA,0.002928787,NA,NA,0.002928787,NA,NA,4.520258852,NA,NA,4.520258852,NA,NA,0.041242656,NA,NA,0.041242656,NA,NA,0.05778642,0.101308508,1.753154241,3.00408104,15.619853413,0.409596088,0.708863705,1.73064081,3.029046961,16.918513448,0.024568974,0.053752071,2.187802796,5.205102076,41.936729755,0.034027133,0.076630426,2.252038825,4.461556359,30.553395123,0.150319481,0.360594942,2.398857024,6.426875226,67.115870075,0.259970601,0.561444856,2.159647487,4.339602795,30.178972474
"Botia_lohachata_P_11","Botia_lohachata",11,1,1,Inf,NA,0,NA,0,NA,Inf,NA,0,1,1,1,1,Inf,Inf,NA,NA,0,0,NA,NA,0,0,NA,NA,Inf,Inf,NA,NA,0,0,Inf,Inf,Inf,NA,0.479561171,NA,NA,0.184799436,NA,NA,2.903893618,NA,NA,NA,NA,NA,NA,NA,NA,0.479561171,NA,NA,0.479561171,NA,NA,0.184799436,NA,NA,0.184799436,NA,NA,2.903893618,NA,NA,2.903893618,NA,NA,NA,NA,NA,NA,NA,NA,NA,NA,NA,NA,NA,NA,0,0,NA,0,0,NA,0,0,NA,0,0,NA,0,0,NA,0,0,NA,0,0,NA,0,0,NA,0,0,NA,0,0,NA,0,0,NA,0,0,NA,0,0,NA,0,0,NA,0,0,NA,0.055022279,0.088406473,1.606739576,2.695034413,15.784849041,0.480658078,0.77645149,1.615392573,2.237819688,10.378288174,0.024938697,0.050821801,2.037869116,4.585811827,36.020111656,0.030926517,0.063533524,2.054338135,4.308197318,34.363656434,0.188402872,0.42415784,2.251334253,4.927634216,40.942432333,0.293106607,0.585818408,1.998653029,3.336727747,18.458775265
"Botia_lohachata_P_12","Botia_lohachata",12,1.901985589,0.950992795,1,1,0.667154848,0.962500991,0,NA,0.975496397,NA,0.027639558,1.900292184,1.903683107,0.950146092,0.951841553,1,1,1,1,0.666677938,0.667631909,Inf,Inf,0,0,0,0,0.975073046,0.975920777,Inf,Inf,0.02813289,0.02714089,35.180029155,34.545584046,35.844776119,0.49077152,0.298628692,0.147033911,0.492363643,0.196735511,0.00388399,0.019742192,3.271951233,0.027477245,0.008397816,6.873744046,0,0,0.068681972,0,0,0.298084009,0.146854774,0.492662369,0.298524521,0.14699998,0.492421793,0.196721123,0.003879258,0.019719581,0.196732759,0.003883094,0.019737912,3.271849445,0.027443769,0.008387846,3.271931766,0.027470904,0.008395928,6.873744046,0,0,6.873744046,0,0,0.068681972,0,0,0.068681972,0,0,0.330765191,NA,NA,0.014277871,NA,NA,0.006084616,NA,NA,6.873744046,NA,NA,0.068681972,NA,NA,0.330765191,NA,NA,0.330765191,NA,NA,0.014277871,NA,NA,0.014277871,NA,NA,0.006084616,NA,NA,0.006084616,NA,NA,6.873744046,NA,NA,6.873744046,NA,NA,0.068681972,NA,NA,0.068681972,NA,NA,0.05844768,0.097676264,1.671174351,2.832577944,14.641546755,0.682093216,1.134743883,1.663619952,2.379705269,9.962101706,0.028491055,0.064023643,2.247148903,4.853160946,37.22634614,0.031072669,0.067819787,2.182618681,4.482423295,30.467299108,0.334298613,0.770231971,2.304023828,4.059765957,23.130969883,0.349696293,0.757012016,2.16476992,3.888866645,22.739351668
"Botia_lohachata_P_13","Botia_lohachata",13,1.2836311,0.64181555,1,1,0.379632833,0.547694405,0,NA,0.820907775,NA,0.01910299,1.28554949,1.281664799,0.642774745,0.640832399,1,1,1,1,0.381135305,0.378085722,Inf,Inf,0,0,0,0,0.821387373,0.8204162,Inf,Inf,0.014825733,0.023452654,51.347826087,66.450292398,41.639097744,0.614771647,0.369359266,0.147574094,0.399540794,0.163731789,0.010254228,0.062628203,2.729619626,0.139487931,0.0511016,6.613721097,0,0,0.299400175,0,0,0.367832141,0.145194091,0.394729211,0.367346007,0.144421452,0.393148283,0.163625676,0.010088853,0.061658126,0.163591897,0.010035166,0.061342681,2.728176179,0.137238337,0.05030406,2.727716682,0.136508034,0.050044799,6.613721097,0,0,6.613721097,0,0,0.299400175,0,0,0.299400175,0,0,0.319137093,NA,NA,0.062371468,NA,NA,0.051325505,NA,NA,6.613721097,NA,NA,0.299400175,NA,NA,0.319137093,NA,NA,0.319137093,NA,NA,0.062371468,NA,NA,0.062371468,NA,NA,0.051325505,NA,NA,0.051325505,NA,NA,6.613721097,NA,NA,6.613721097,NA,NA,0.299400175,NA,NA,0.299400175,NA,NA,0.054945987,0.094603244,1.72174983,3.657261894,24.698601788,0.56976921,0.89935458,1.57845416,2.477294126,12.082653283,0.025241354,0.054767685,2.169760213,5.474665733,48.256987932,0.030705578,0.070093555,2.282762917,5.920669197,57.140733373,0.24788678,0.542047459,2.186673522,4.714498692,35.963155717,0.323061362,0.65115549,2.015578361,3.893474683,24.530033197
"Botia_lohachata_P_14","Botia_lohachata",14,1.45063216,0.72531608,1,1,0.489545457,0.706264803,0,NA,0.86265804,NA,0.026729471,1.448110619,1.453199007,0.72405531,0.726599503,1,1,1,1,0.488144992,0.490964369,Inf,Inf,0,0,0,0,0.862027655,0.863299752,Inf,Inf,0.027434225,0.02601123,36.411889597,35.450819672,37.444933921,0.486322151,0.388509768,0.208656978,0.537070096,0.176261623,0.007074583,0.040136832,2.886943886,0.10698944,0.037059757,7.761503463,0,0,0.190527484,0,0,0.385620092,0.205514751,0.532946171,0.38634592,0.206316129,0.534019173,0.176163647,0.006968045,0.039554386,0.176188257,0.006995216,0.039703077,2.885462196,0.105378254,0.036520407,2.885834366,0.105789162,0.036658085,7.761503463,0,0,7.761503463,0,0,0.190527484,0,0,0.190527484,0,0,0.369699666,NA,NA,0.034789168,NA,NA,0.032173701,NA,NA,7.761503463,NA,NA,0.190527484,NA,NA,0.369699666,NA,NA,0.369699666,NA,NA,0.034789168,NA,NA,0.034789168,NA,NA,0.032173701,NA,NA,0.032173701,NA,NA,7.761503463,NA,NA,7.761503463,NA,NA,0.190527484,NA,NA,0.190527484,NA,NA,0.059703652,0.09770162,1.636442942,2.359377321,10.573491318,0.812841477,1.310173642,1.61184398,2.051221995,8.270971742,0.029097201,0.06129309,2.106494334,4.018337622,25.350455147,0.031869533,0.067823301,2.128154848,4.07545183,25.883181814,0.40458806,0.871694846,2.154524396,3.4509499,17.984497528,0.411737349,0.856258973,2.079624242,3.722704408,21.82795767
"Botia_lohachata_P_15","Botia_lohachata",15,1.26511461,0.42170487,1.117515978,0.372505326,0.388680393,0.35379214,0.214909568,0.310048968,0.397105098,0.331920554,0.020227047,1.264488854,1.265754193,0.421496285,0.421918064,1.178334377,1.073072924,0.392778126,0.357690975,0.386914925,0.390449527,0.558200243,0.563299596,0.284771089,0.152688725,0.259209816,0.138983267,0.407137205,0.38980452,0.40870503,0.351141432,0.01733381,0.02316918,48.438752784,56.690721649,42.160784314,0.573493758,0.439465887,0.1330576,0.302771168,0.153219816,0.011964433,0.078086722,2.546719916,0.179428197,0.070454625,7.00008343,2.06463356,0.294944136,0.399983439,0.136308438,0.340785203,0.437952535,0.130006328,0.29685027,0.437549107,0.130034011,0.29718724,0.153093349,0.011670866,0.076233658,0.153051423,0.011692412,0.07639532,2.544626226,0.175406025,0.068931941,2.544114637,0.175352568,0.06892479,6.999214688,2.063368572,0.294800012,7.00097213,2.065926242,0.295091339,0.399979918,0.136246758,0.340633996,0.399987041,0.136371505,0.340939808,0.295099323,0.018237587,0.061801522,0.089463328,5.1449e-05,0.000575086,0.080830835,0.009951742,0.123118135,6.084131551,0.406562838,0.066823479,0.443005844,0.049660709,0.112099443,0.296606272,0.02187908,0.073764724,0.29395286,0.014676058,0.04992657,0.089467579,6.1722e-05,0.00068988,0.089460094,4.1402e-05,0.000462797,0.080008535,0.011938802,0.149219111,0.081456428,0.008008315,0.098314091,6.117725331,0.487741097,0.07972589,6.05857393,0.327167169,0.054000689,0.438902442,0.059576445,0.135739607,0.446127648,0.039962712,0.089576855,0.045376386,0.070017972,1.543048666,2.30908358,10.514480354,0.666530757,1.094922997,1.642719388,2.256987162,9.621972316,0.021043037,0.040291802,1.914733248,4.065382004,27.644337882,0.025194466,0.051967322,2.062648271,3.787323694,22.143523188,0.296268187,0.666425826,2.249400562,4.179162341,25.852390879,0.372194122,0.7916033,2.126856,3.704765394,21.469117109
"Botia_lohachata_P_2","Botia_lohachata",2,2.058655247,0.686218416,1.090170056,0.363390019,0.761848712,0.693464583,0.178059129,0.256885023,0.524804217,0.475174803,0.04476051,2.054300161,2.06298397,0.68476672,0.687661323,1.141731139,1.051248357,0.380577046,0.350416119,0.758885758,0.764820505,1.094840719,1.103402749,0.244461856,0.116906849,0.222518771,0.1064132,0.532671883,0.519038721,0.658679745,0.604907975,0.038987972,0.050632911,21.341121495,24.64893617,18.75,0.56796176,0.337375848,0.077422412,0.229484158,0.157666654,0.005799903,0.036785857,2.604366313,0.029701513,0.011404507,7.678048172,5.505273447,0.717014705,0.238284775,0.233050437,0.978033265,0.338061157,0.076484013,0.226243126,0.338379443,0.077366825,0.22863926,0.157738694,0.005524772,0.035024837,0.157710026,0.005756233,0.036498842,2.604708177,0.028712693,0.011023382,2.604672228,0.029564226,0.011350459,7.669680674,5.499210341,0.717006428,7.686664835,5.511490213,0.717019713,0.238072571,0.232971614,0.978573942,0.238503299,0.233131276,0.977476107,0.175575972,0.090724844,0.51672699,0.01653653,0.029200792,1.765835504,0.006806021,0.005788921,0.850558768,3.575533211,2.049019032,0.573066704,0.061136824,0.103145137,1.687119649,0.182915133,0.11114576,0.607635671,0.169826963,0.069651343,0.410131239,0.01889872,0.035773489,1.892905393,0.014686148,0.022418053,1.526476046,0.007274314,0.007091927,0.974927293,0.006439191,0.004444274,0.690191397,3.741288033,2.510225065,0.670952101,3.445691933,1.573074374,0.456533667,0.069480721,0.12636169,1.818658303,0.054600771,0.079186659,1.450284627,0.050090861,0.08124532,1.621958953,2.481181647,12.040603524,0.471231415,0.745262972,1.58152226,2.538578358,16.100901831,0.022095343,0.045330372,2.051580373,4.427217577,32.343611591,0.028790924,0.06051914,2.102021449,3.999884909,25.765492858,0.200056196,0.45447119,2.271717635,6.060015936,71.102251513,0.271392168,0.529801889,1.952163516,3.361480705,21.180096569
"Botia_lohachata_P_3","Botia_lohachata",3,2.024766367,0.674922122,1.122071464,0.374023821,0.750814513,0.683420822,0.220670054,0.318359592,0.524472972,0.500890207,0.030321852,2.019540085,2.03015346,0.673180028,0.67671782,1.246153846,1.039200615,0.415384615,0.346400205,0.746592545,0.755069214,1.077105362,1.089334611,0.348832096,0.095030117,0.317520657,0.08650014,0.544282322,0.511559013,0.697313009,0.587917376,0.025167785,0.035575827,31.979515829,38.733333333,27.108974359,0.588274237,0.385459579,0.100145333,0.259807612,0.15117737,0.010073013,0.066630428,2.434498332,0.133150837,0.054693337,6.841055757,3.918803254,0.572836035,0.311409261,0.146243371,0.469617923,0.386016052,0.099217062,0.257028331,0.385667289,0.100161166,0.259708739,0.151256834,0.009877095,0.065300155,0.151197304,0.010071838,0.066613875,2.435192257,0.132077993,0.054237193,2.434775674,0.133176025,0.054697452,6.83617514,3.9165358,0.572913321,6.846084673,3.921128703,0.572754923,0.311220644,0.146137414,0.469562084,0.31160361,0.146352085,0.469673907,0.20391459,0.061233091,0.300287935,0.050229222,0.020025641,0.398685078,0.042546772,0.001912047,0.044939879,4.147569111,1.339486671,0.322957047,0.2159774,0.040741293,0.188636834,0.213825015,0.08251005,0.385876506,0.196767649,0.036056711,0.183245118,0.053470323,0.026984048,0.504654665,0.04789189,0.01179197,0.246220599,0.042856233,0.002576435,0.060118092,0.042323604,0.001125896,0.026602092,4.364361729,1.804924586,0.413559805,3.991228281,0.788748091,0.19762039,0.222571278,0.054897867,0.246652972,0.2112222,0.023990248,0.11357825,0.060494472,0.103307436,1.707716973,2.842393168,14.038829823,0.429517922,0.674521108,1.570414351,2.515101522,12.994916151,0.028588942,0.06323534,2.211881076,5.051278564,39.043426648,0.032896343,0.073234306,2.226214181,4.348085085,27.906387574,0.181834087,0.409427207,2.251652664,5.194755272,44.436993236,0.248189248,0.477765965,1.925006701,3.574929554,21.418304978
"Botia_lohachata_P_4","Botia_lohachata",4,1.481366354,0.740683177,1,1,0.506104284,0.730154141,0,NA,0.870341588,NA,0.021569957,1.481854399,1.480865494,0.7409272,0.740432747,1,1,1,1,0.506359866,0.50584176,Inf,Inf,0,0,0,0,0.8704636,0.870216374,Inf,Inf,0.016028723,0.027192298,45.360778443,61.388,35.775119617,0.63180351,0.337995707,0.140500742,0.415687948,0.135381098,0.005376361,0.039712791,2.400891924,0.052123706,0.021710143,6.163686699,0,0,0.11277956,0,0,0.336996758,0.139475778,0.413878695,0.336903616,0.139379097,0.413706147,0.135342873,0.00533714,0.039434217,0.135339309,0.005333441,0.03940792,2.400521329,0.05174346,0.021555093,2.400486775,0.051707592,0.021540461,6.163686699,0,0,6.163686699,0,0,0.11277956,0,0,0.11277956,0,0,0.298784419,NA,NA,0.033884259,NA,NA,0.018691234,NA,NA,6.163686699,NA,NA,0.11277956,NA,NA,0.298784419,NA,NA,0.298784419,NA,NA,0.033884259,NA,NA,0.033884259,NA,NA,0.018691234,NA,NA,0.018691234,NA,NA,6.163686699,NA,NA,6.163686699,NA,NA,0.11277956,NA,NA,0.11277956,NA,NA,0.043108491,0.068343497,1.58538368,2.422328331,11.672118734,0.620939022,1.081845605,1.742273504,2.364970986,9.640103116,0.019053873,0.038733653,2.03284932,4.630478933,34.73307647,0.024979297,0.051829537,2.074899739,3.761650901,23.25410649,0.243152202,0.581780118,2.392658231,4.505287118,28.685912235,0.37896802,0.836257847,2.206671281,3.56146679,18.435927583
"Botia_lohachata_P_6","Botia_lohachata",6,1.991292594,0.995646297,1,1,0.690959214,0.996843432,0,NA,0.997823149,NA,0.022341629,1.991890746,1.990659448,0.995945373,0.995329724,1,1,1,1,0.69111023,0.690799247,Inf,Inf,0,0,0,0,0.997972687,0.997664862,Inf,Inf,0.017651358,0.027090092,43.759493671,55.652866242,35.913865546,0.607784783,0.316695924,0.105342412,0.332629517,0.152966309,0.009435061,0.061680647,2.50033187,0.116979748,0.046785689,4.87441063,0,0,0.17531731,0,0,0.316981232,0.105317391,0.332251188,0.317331521,0.105284548,0.331780934,0.152991863,0.00943282,0.061655696,0.153023237,0.009429878,0.061623832,2.500648697,0.116951963,0.04676865,2.501037682,0.116915492,0.046746793,4.87441063,0,0,4.87441063,0,0,0.17531731,0,0,0.17531731,0,0,0.239006854,NA,NA,0.04380829,NA,NA,0.033208167,NA,NA,4.87441063,NA,NA,0.17531731,NA,NA,0.239006854,NA,NA,0.239006854,NA,NA,0.04380829,NA,NA,0.04380829,NA,NA,0.033208167,NA,NA,0.033208167,NA,NA,4.87441063,NA,NA,4.87441063,NA,NA,0.17531731,NA,NA,0.17531731,NA,NA,0.055754545,0.090383115,1.621089648,2.525148357,12.000291872,0.414040829,0.668845496,1.615409518,2.405303523,11.657871471,0.025388514,0.054983711,2.165692359,5.132269755,40.420109031,0.031243663,0.0649363,2.078383065,3.732905292,21.998595475,0.157692369,0.37040278,2.348894769,5.644502432,54.038054601,0.256959456,0.50893664,1.980610671,3.270420466,17.151949382
"Botia_lohachata_P_7","Botia_lohachata",7,1.701349885,0.567116628,1.078541234,0.359513745,0.648538822,0.590325476,0.161027275,0.232313252,0.463315187,0.411319364,0.032650666,1.698984241,1.703773599,0.56632808,0.567924533,1.132119775,1.040319734,0.377373258,0.346773245,0.64617696,0.650927977,0.932236295,0.939090564,0.233038763,0.097140132,0.212121024,0.088420759,0.471850669,0.457348889,0.572178659,0.513755661,0.027626005,0.037739368,29.627246925,35.197777778,25.49752883,0.579909383,0.228006496,0.057398031,0.251738577,0.14852955,0.004360885,0.029360385,2.406068223,0.09398285,0.039060759,6.35114425,3.250483606,0.511794958,0.290708682,0.144573272,0.497313226,0.227731913,0.056846577,0.249620602,0.227598949,0.057111046,0.250928424,0.14858024,0.004301626,0.028951536,0.148560779,0.004343405,0.029236549,2.406629707,0.093320671,0.038776498,2.406764709,0.093515011,0.03885507,6.348948669,3.24908897,0.511752282,6.353391186,3.251907942,0.511838142,0.290618772,0.144537434,0.497343766,0.290800695,0.144609853,0.497281661,0.20313557,0.043992576,0.216567566,0.025190155,0.009127184,0.362331389,0.034936713,0.003838578,0.109872341,4.125679156,0.95690146,0.231937924,0.184210807,0.052040618,0.282505782,0.207109952,0.055691208,0.26889682,0.200189158,0.032094035,0.160318547,0.026014724,0.011554311,0.444145041,0.02457886,0.006658582,0.270906854,0.034589927,0.004859344,0.140484369,0.035193802,0.00280037,0.079569963,4.212127652,1.211363433,0.28758944,4.061590486,0.698091174,0.171876307,0.188912266,0.065879408,0.348730178,0.180725375,0.037965347,0.210072034,0.04923277,0.076037234,1.544443549,2.113257818,8.968883983,0.481451264,0.749934596,1.557654226,2.045737937,9.237287328,0.023029418,0.04623452,2.007628642,3.868104762,24.031804606,0.027286369,0.054911725,2.012423321,3.565113671,19.728825915,0.205826988,0.444630808,2.160216274,3.901785366,25.239801884,0.276170209,0.552409818,2.000251298,3.354461947,18.797005593
"Botia_lohachata_P_8","Botia_lohachata",8,3.105053683,0.776263421,2.388294873,0.398049145,1.167907743,0.842467354,0.980455957,0.707249473,0.587156283,0.774858414,0.075543357,3.10047364,3.109484445,0.77511841,0.777371111,2.487571764,2.312676722,0.414595294,0.38544612,1.16547304,1.17033826,0.840711087,0.844220602,1.029742206,0.936396746,0.742801987,0.675467471,0.594856852,0.581408616,0.791756537,0.759844037,0.065415822,0.08581346,12.237431348,14.286821705,10.653183521,0.572847583,0.331004511,0.094858417,0.286577416,0.126957919,0.00375053,0.029541519,2.107215753,0.032509837,0.015427863,6.102434606,4.13059651,0.676876817,0.139996113,0.149602666,1.068620138,0.331649969,0.09511515,0.286793786,0.332338988,0.095773174,0.288179172,0.126997254,0.003738679,0.029439053,0.127006508,0.003813192,0.030023596,2.107415779,0.032519906,0.015431177,2.107915897,0.032844621,0.015581561,6.093069272,4.121865581,0.67648428,6.112143682,4.139598631,0.677274431,0.139760331,0.149556907,1.070095537,0.140240549,0.149649567,1.06709199,0.156963973,0.051743804,0.329654017,0.013245125,0.012830795,0.968718347,0.007940212,0.006508246,0.819656452,3.174416852,1.094453454,0.344773073,0.044385533,0.051796317,1.166963945,0.160592498,0.0584937,0.364236812,0.154159002,0.045586757,0.295712583,0.013627178,0.013638463,1.000828136,0.012949785,0.012158798,0.938918914,0.008124063,0.006851924,0.843410992,0.00779809,0.006224632,0.798225237,3.251602007,1.239705521,0.38125992,3.114750126,0.961691521,0.308753987,0.047143023,0.06053607,1.284093928,0.042253901,0.043703905,1.034316444,0.046779006,0.075764723,1.619630885,2.498094947,11.590768623,0.581631428,0.970049006,1.667807068,2.239546516,9.093424702,0.021742606,0.04722093,2.171815536,4.725130812,34.074626729,0.025993621,0.05389277,2.073307535,3.755919284,21.975451845,0.258023012,0.617648097,2.393771364,4.43451137,28.211167029,0.324948063,0.685821778,2.110558133,3.368171364,17.018796805
"Botia_lohachata_P_9","Botia_lohachata",9,2.056127793,0.685375931,1.079067276,0.359689092,0.772011944,0.702715555,0.161817814,0.233453758,0.522532512,0.468084657,0.049991898,2.050227576,2.061977285,0.683409192,0.687325762,1.106717825,1.050900774,0.368905942,0.350300258,0.768858243,0.77514043,1.109227974,1.118291254,0.200845502,0.116299736,0.182817455,0.105860581,0.526157567,0.51881301,0.646022714,0.612075918,0.0506716,0.049302098,19.003241491,18.734920635,19.283112583,0.492790369,0.350906907,0.098675693,0.281201912,0.159003641,0.005898942,0.037099414,2.513569745,0.061071082,0.024296554,7.324379853,4.209493373,0.57472352,0.188777178,0.095800445,0.507478956,0.351181056,0.098143635,0.279467338,0.351712201,0.098866992,0.281101968,0.159021103,0.005863464,0.036872239,0.159051206,0.005910575,0.037161463,2.513500358,0.061106182,0.024311189,2.514129392,0.061141745,0.024319251,7.315657792,4.201865454,0.574366048,7.333218738,4.217181781,0.575079229,0.188650037,0.095717502,0.507381305,0.188906022,0.095884168,0.507576027,0.212391112,0.053240754,0.250673172,0.027939085,0.00214049,0.076612731,0.019817672,0.002161299,0.109059192,4.322666256,1.178560392,0.272646631,0.115695259,0.036063472,0.311710887,0.21489021,0.061075931,0.284219235,0.209784436,0.043286394,0.206337488,0.028039558,0.002455495,0.087572521,0.027834286,0.001740285,0.062523063,0.019716222,0.002479367,0.125752645,0.01992349,0.001757204,0.08819759,4.377987384,1.352003278,0.30881845,4.264963755,0.958206365,0.224669287,0.117388064,0.041370754,0.352427265,0.113929586,0.029320728,0.257358327,0.048337501,0.077307514,1.599327898,3.501528896,25.129177211,0.608838971,1.025391643,1.684175442,2.385407424,9.902548156,0.022430954,0.044740356,1.994581046,4.830556229,43.934944104,0.02680911,0.057841628,2.157536282,5.953584127,59.966324467,0.304096873,0.731985444,2.40707981,4.21453869,24.401284126,0.305912842,0.666259326,2.177938403,3.867042162,21.912772909
"Yasuhikotakia_modesta_C_10","Yasuhikotakia_modesta",10,1.393094687,0.696547343,1,1,0.455854624,0.657659206,0,NA,0.848273672,NA,0.013119884,1.398052261,1.388045398,0.69902613,0.694022699,1,1,1,1,0.458908165,0.452713351,Inf,Inf,0,0,0,0,0.849513065,0.847011349,Inf,Inf,0.009728092,0.016554954,75.220183486,101.795081967,59.404878049,0.631483295,0.222785467,0.040219271,0.180529149,0.072287778,0.026556403,0.367370578,0.976921702,0.351546577,0.359851333,3.799910001,0,0,0.652822598,0,0,0.223129179,0.039801756,0.178379881,0.223420546,0.039439675,0.176526625,0.072514728,0.026280722,0.362419096,0.072707114,0.026041643,0.35817187,0.979926001,0.347897188,0.355023938,0.982472761,0.344732324,0.350882322,3.799910001,0,0,3.799910001,0,0,0.652822598,0,0,0.652822598,0,0,0.187741865,NA,NA,0.43697995,NA,NA,0.425573432,NA,NA,3.799910001,NA,NA,0.652822598,NA,NA,0.187741865,NA,NA,0.187741865,NA,NA,0.43697995,NA,NA,0.43697995,NA,NA,0.425573432,NA,NA,0.425573432,NA,NA,3.799910001,NA,NA,3.799910001,NA,NA,0.652822598,NA,NA,0.652822598,NA,NA,0.12531888,0.251042479,2.003229516,5.466963211,51.392363856,0.289938345,0.472243251,1.628771285,2.752504058,15.632907878,0.050151458,0.114263346,2.278365394,6.78754907,83.089699243,0.075905489,0.200969336,2.647625857,7.952775012,96.214973642,0.106941552,0.229013517,2.141483008,6.014044286,63.742731231,0.182767576,0.375928317,2.056865471,3.853731208,25.557131506
"Yasuhikotakia_modesta_C_6","Yasuhikotakia_modesta",6,1.41028339,0.705141695,1,1,0.466314912,0.67275021,0,NA,0.852570847,NA,0.012211915,1.417722007,1.402668687,0.708861004,0.701334344,1,1,1,1,0.470733565,0.461724695,Inf,Inf,0,0,0,0,0.854430502,0.850667172,Inf,Inf,0.006479482,0.018021305,80.887240356,153.333333333,54.489878543,0.737806581,0.121492059,0.049922939,0.410915239,0.18329697,0.016834295,0.091841641,2.821711277,0.193033114,0.068409945,6.271474479,0,0,0.385385057,0,0,0.12124379,0.049631914,0.409356338,0.120708669,0.048990206,0.405854906,0.183213252,0.016736159,0.091347974,0.183032807,0.016519772,0.090255797,2.820751312,0.19190783,0.068034296,2.818682204,0.189426588,0.067203953,6.271474479,0,0,6.271474479,0,0,0.385385057,0,0,0.385385057,0,0,0.303684747,NA,NA,0.07983826,NA,NA,0.060248831,NA,NA,6.271474479,NA,NA,0.385385057,NA,NA,0.303684747,NA,NA,0.303684747,NA,NA,0.07983826,NA,NA,0.07983826,NA,NA,0.060248831,NA,NA,0.060248831,NA,NA,6.271474479,NA,NA,6.271474479,NA,NA,0.385385057,NA,NA,0.385385057,NA,NA,0.073928095,0.127615822,1.726215487,4.384658453,35.116519013,0.288232074,0.472852072,1.640525514,3.974993667,29.223471852,0.029788436,0.067317001,2.259836685,8.253593463,111.821274446,0.045435999,0.097589055,2.147835562,5.973066643,62.290796086,0.095220331,0.264023165,2.772760406,10.041365444,146.351416086,0.193644155,0.344731571,1.780232253,4.244087557,32.989243063
"Yasuhikotakia_modesta_C_7","Yasuhikotakia_modesta",7,1,1,Inf,NA,0,NA,0,NA,Inf,NA,0,1,1,1,1,Inf,Inf,NA,NA,0,0,NA,NA,0,0,NA,NA,Inf,Inf,NA,NA,0,0,Inf,Inf,Inf,NA,0.422685336,NA,NA,0.082803042,NA,NA,1.100298491,NA,NA,NA,NA,NA,NA,NA,NA,0.422685336,NA,NA,0.422685336,NA,NA,0.082803042,NA,NA,0.082803042,NA,NA,1.100298491,NA,NA,1.100298491,NA,NA,NA,NA,NA,NA,NA,NA,NA,NA,NA,NA,NA,NA,0,0,NA,0,0,NA,0,0,NA,0,0,NA,0,0,NA,0,0,NA,0,0,NA,0,0,NA,0,0,NA,0,0,NA,0,0,NA,0,0,NA,0,0,NA,0,0,NA,0,0,NA,0.094722093,0.18540192,1.957325004,6.480801244,77.204931363,0.267088405,0.421364335,1.577621222,2.520544072,12.293917618,0.038588561,0.100799461,2.612159117,9.473177868,147.602792292,0.056727311,0.136972926,2.414585202,9.265950378,151.087014455,0.093746533,0.205886303,2.196201777,5.529163031,50.677785719,0.173434596,0.317781654,1.832285263,3.322319572,18.751877618
"Yasuhikotakia_modesta_C_8","Yasuhikotakia_modesta",8,1.708067813,0.854033906,1,1,0.605072545,0.87293516,0,NA,0.927016953,NA,0.011527892,1.71190917,1.704127285,0.855954585,0.852063642,1,1,1,1,0.606469135,0.603631852,Inf,Inf,0,0,0,0,0.927977293,0.926031821,Inf,Inf,0.006668558,0.016447605,85.746130031,148.957446809,59.799126638,0.713546138,0.328650817,0.116856596,0.355564601,0.067281542,0.025198191,0.374518628,0.88292783,0.385209497,0.436286505,5.052692327,0,0,0.61208128,0,0,0.32811186,0.116516733,0.355112837,0.327529002,0.116142438,0.354601995,0.067165325,0.025124905,0.374075536,0.067039642,0.025044194,0.373572916,0.881151196,0.384089162,0.435894729,0.879229848,0.382855323,0.435443956,5.052692327,0,0,5.052692327,0,0,0.61208128,0,0,0.61208128,0,0,0.247393638,NA,NA,0.25919954,NA,NA,0.296818772,NA,NA,5.052692327,NA,NA,0.61208128,NA,NA,0.247393638,NA,NA,0.247393638,NA,NA,0.25919954,NA,NA,0.25919954,NA,NA,0.296818772,NA,NA,0.296818772,NA,NA,5.052692327,NA,NA,5.052692327,NA,NA,0.61208128,NA,NA,0.61208128,NA,NA,0.084795432,0.170108851,2.006108664,6.787315914,87.342861638,0.265118163,0.433762634,1.636110592,5.151296333,57.46553481,0.034725659,0.087742755,2.526741239,9.299165759,147.684107767,0.050752945,0.127815837,2.518392514,10.221609161,187.021153025,0.087884658,0.230412388,2.621758937,12.711373019,266.265917589,0.177396615,0.335531689,1.891421033,6.620413001,91.110345537
"Yasuhikotakia_modesta_C_9","Yasuhikotakia_modesta",9,1.931042097,0.965521049,1,1,0.675184264,0.974084989,0,NA,0.982760524,NA,0.01370612,1.931508625,1.930563186,0.965754312,0.965281593,1,1,1,1,0.67531086,0.675054232,Inf,Inf,0,0,0,0,0.982877156,0.982640797,Inf,Inf,0.008692503,0.018784855,71.960106383,114.041666667,52.234375,0.685857478,0.178815947,0.046042146,0.257483442,0.106438877,0.009128486,0.085762705,1.471089405,0.194330874,0.132099975,3.621699452,0,0,0.32094148,0,0,0.178811839,0.046041032,0.25748313,0.178767365,0.046028928,0.257479478,0.106439691,0.009128265,0.085759974,0.106448509,0.009125865,0.085730326,1.471106744,0.194326174,0.132095223,1.471294457,0.194275086,0.132043647,3.621699452,0,0,3.621699452,0,0,0.32094148,0,0,0.32094148,0,0,0.17913123,NA,NA,0.062472487,NA,NA,0.096841266,NA,NA,3.621699452,NA,NA,0.32094148,NA,NA,0.17913123,NA,NA,0.17913123,NA,NA,0.062472487,NA,NA,0.062472487,NA,NA,0.096841266,NA,NA,0.096841266,NA,NA,3.621699452,NA,NA,3.621699452,NA,NA,0.32094148,NA,NA,0.32094148,NA,NA,0.116704375,0.290420977,2.488518347,7.075177833,77.90952138,0.259159556,0.450108349,1.736800124,3.088329236,17.270427328,0.049075374,0.143420683,2.922457229,9.327920466,146.32160417,0.068383476,0.225015081,3.290489057,10.495119562,158.715942219,0.088501246,0.229017654,2.587733659,7.202003253,78.849989109,0.170965899,0.355455173,2.079099838,4.085789972,26.755673996
"Yasuhikotakia_modesta_P_11","Yasuhikotakia_modesta",11,1.089066717,0.544533359,1,1,0.176481575,0.254609093,0,NA,0.772266679,NA,0.004978604,1.089683455,1.088440587,0.544841727,0.544220293,1,1,1,1,0.177364338,0.175582883,Inf,Inf,0,0,0,0,0.772420864,0.772110147,Inf,Inf,0.004086303,0.005883328,199.859504132,243.72,168.971830986,0.590561726,0.182481075,0.042622728,0.233573417,0.097951483,0.014587479,0.148925556,1.31046709,0.278861385,0.212795412,6.011608432,0,0,1.00462914,0,0,0.182154641,0.04159791,0.22836591,0.182071573,0.041332243,0.227010962,0.097839762,0.014236739,0.145510767,0.097811332,0.014145815,0.144623478,1.308331382,0.272156462,0.208017988,1.307787901,0.270418319,0.206775363,6.011608432,0,0,6.011608432,0,0,1.00462914,0,0,1.00462914,0,0,0.291843688,NA,NA,0.205883005,NA,NA,0.27231195,NA,NA,6.011608432,NA,NA,1.00462914,NA,NA,0.291843688,NA,NA,0.291843688,NA,NA,0.205883005,NA,NA,0.205883005,NA,NA,0.27231195,NA,NA,0.27231195,NA,NA,6.011608432,NA,NA,6.011608432,NA,NA,1.00462914,NA,NA,1.00462914,NA,NA,0.091769165,0.19165953,2.08849596,6.268826385,63.890276142,0.268983504,0.477932436,1.776809468,3.76311708,25.894676932,0.040109491,0.116258426,2.8985266,10.129808396,140.059852987,0.052512988,0.139119826,2.649246063,9.102893115,134.783268036,0.098954401,0.274980248,2.778858182,8.695021878,110.98430221,0.170104794,0.360528047,2.119446718,4.829338065,39.646511803
"Yasuhikotakia_modesta_P_12","Yasuhikotakia_modesta",12,1,1,Inf,NA,0,NA,0,NA,Inf,NA,0,1,1,1,1,Inf,Inf,NA,NA,0,0,NA,NA,0,0,NA,NA,Inf,Inf,NA,NA,0,0,Inf,Inf,Inf,NA,0.313906625,NA,NA,0.087597495,NA,NA,1.313952876,NA,NA,NA,NA,NA,NA,NA,NA,0.313906625,NA,NA,0.313906625,NA,NA,0.087597495,NA,NA,0.087597495,NA,NA,1.313952876,NA,NA,1.313952876,NA,NA,NA,NA,NA,NA,NA,NA,NA,NA,NA,NA,NA,NA,0,0,NA,0,0,NA,0,0,NA,0,0,NA,0,0,NA,0,0,NA,0,0,NA,0,0,NA,0,0,NA,0,0,NA,0,0,NA,0,0,NA,0,0,NA,0,0,NA,0,0,NA,0.117860806,0.271764544,2.305809319,7.804341646,109.145779155,0.233646725,0.361797375,1.548480407,2.342960952,12.204114537,0.051389606,0.124233337,2.41747984,5.117567391,39.229248439,0.066955086,0.209102958,3.123033243,12.707832334,249.96597819,0.084629084,0.170131864,2.010323817,4.201528429,29.45686898,0.148697465,0.281476103,1.892944861,3.664990649,25.066214845
"Yasuhikotakia_modesta_P_13","Yasuhikotakia_modesta",13,1,1,Inf,NA,0,NA,0,NA,Inf,NA,0,1,1,1,1,Inf,Inf,NA,NA,0,0,NA,NA,0,0,NA,NA,Inf,Inf,NA,NA,0,0,Inf,Inf,Inf,NA,0.191665928,NA,NA,0.04238668,NA,NA,0.714001611,NA,NA,NA,NA,NA,NA,NA,NA,0.191665928,NA,NA,0.191665928,NA,NA,0.04238668,NA,NA,0.04238668,NA,NA,0.714001611,NA,NA,0.714001611,NA,NA,NA,NA,NA,NA,NA,NA,NA,NA,NA,NA,NA,NA,0,0,NA,0,0,NA,0,0,NA,0,0,NA,0,0,NA,0,0,NA,0,0,NA,0,0,NA,0,0,NA,0,0,NA,0,0,NA,0,0,NA,0,0,NA,0,0,NA,0,0,NA,0.098825414,0.188755678,1.909991281,4.17223832,28.023741577,0.267918722,0.424841022,1.585708603,2.330384699,10.678696297,0.042573403,0.104673395,2.458657006,6.969094943,72.304277522,0.057459727,0.140952299,2.453062454,6.287186949,58.616398702,0.09542458,0.213272751,2.234987575,5.28915507,44.752436152,0.172831061,0.3257062,1.884535093,3.207231176,17.199900118
"Yasuhikotakia_modesta_P_14","Yasuhikotakia_modesta",14,1,1,Inf,NA,0,NA,0,NA,Inf,NA,0,1,1,1,1,Inf,Inf,NA,NA,0,0,NA,NA,0,0,NA,NA,Inf,Inf,NA,NA,0,0,Inf,Inf,Inf,NA,0.353803435,NA,NA,0.097478569,NA,NA,1.401175756,NA,NA,NA,NA,NA,NA,NA,NA,0.353803435,NA,NA,0.353803435,NA,NA,0.097478569,NA,NA,0.097478569,NA,NA,1.401175756,NA,NA,1.401175756,NA,NA,NA,NA,NA,NA,NA,NA,NA,NA,NA,NA,NA,NA,0,0,NA,0,0,NA,0,0,NA,0,0,NA,0,0,NA,0,0,NA,0,0,NA,0,0,NA,0,0,NA,0,0,NA,0,0,NA,0,0,NA,0,0,NA,0,0,NA,0,0,NA,0.079892954,0.123780498,1.549329348,2.65569788,14.505357712,0.250180501,0.397760693,1.589894864,2.672556172,14.258269793,0.03597501,0.068799716,1.912430762,4.230240995,28.111254216,0.044963937,0.08858693,1.970177344,4.279056485,32.987598651,0.087135248,0.206951184,2.375057043,6.508607704,65.245078231,0.163154903,0.303316187,1.859068781,3.507142839,21.751919291
"Yasuhikotakia_modesta_P_15","Yasuhikotakia_modesta",15,1.883508782,0.941754391,1,1,0.661896267,0.954914462,0,NA,0.970877195,NA,0.015694317,1.883968653,1.883037743,0.941984327,0.941518871,1,1,1,1,0.662028634,0.661760607,Inf,Inf,0,0,0,0,0.970992163,0.970759436,Inf,Inf,0.011472275,0.019974716,62.717333333,86.166666667,49.063291139,0.637186228,0.323432654,0.083091955,0.256906513,0.022338978,0.003356593,0.150257231,0.292624762,0.047362493,0.161854015,3.622524285,0,0,0.069704971,0,0,0.323355679,0.083064143,0.256881659,0.323291705,0.083040913,0.256860635,0.022335869,0.00335547,0.150227849,0.022333285,0.003354531,0.150203214,0.292580886,0.04734664,0.161824104,0.292544421,0.047333398,0.161799013,3.622524285,0,0,3.622524285,0,0,0.069704971,0,0,0.069704971,0,0,0.179171148,NA,NA,0.106752486,NA,NA,0.114758148,NA,NA,3.622524285,NA,NA,0.069704971,NA,NA,0.179171148,NA,NA,0.179171148,NA,NA,0.106752486,NA,NA,0.106752486,NA,NA,0.114758148,NA,NA,0.114758148,NA,NA,3.622524285,NA,NA,3.622524285,NA,NA,0.069704971,NA,NA,0.069704971,NA,NA,0.108022739,0.21945096,2.031525605,4.659129888,35.13889286,0.280218487,0.467131647,1.667026512,2.619370362,13.66113148,0.04542494,0.128167757,2.821528383,8.678535911,106.309899458,0.063400539,0.158511623,2.500162063,6.556882858,67.824964692,0.097195893,0.227321487,2.338797255,6.234116917,64.106946136,0.183289977,0.355263599,1.938259825,3.442943513,21.593741253
"Yasuhikotakia_modesta_P_16","Yasuhikotakia_modesta",16,1.896303774,0.948151887,1,1,0.665550705,0.960186702,0,NA,0.974075944,NA,0.01932502,1.897275962,1.895307446,0.948637981,0.947653723,1,1,1,1,0.665825989,0.665268239,Inf,Inf,0,0,0,0,0.974318991,0.973826862,Inf,Inf,0.015716487,0.022981328,50.746388443,62.62745098,42.513586957,0.595651824,0.243127677,0.056470192,0.232265583,0.110036369,0.037563441,0.341372956,1.574542232,0.650116483,0.412892376,3.543906142,0,0,0.968010647,0,0,0.243354105,0.056394538,0.231738595,0.243450087,0.05636189,0.231513123,0.109885751,0.037513117,0.341382902,0.109821905,0.037491399,0.341383616,1.571935467,0.649245521,0.413023012,1.570830472,0.64886965,0.41307427,3.543906142,0,0,3.543906142,0,0,0.968010647,0,0,0.968010647,0,0,0.17536377,NA,NA,0.234654659,NA,NA,0.280681473,NA,NA,3.543906142,NA,NA,0.968010647,NA,NA,0.17536377,NA,NA,0.17536377,NA,NA,0.234654659,NA,NA,0.234654659,NA,NA,0.280681473,NA,NA,0.280681473,NA,NA,3.543906142,NA,NA,3.543906142,NA,NA,0.968010647,NA,NA,0.968010647,NA,NA,0.132913392,0.3711926,2.792740393,7.323555691,72.387113646,0.264808504,0.428179973,1.61694193,3.118923317,20.145139906,0.054347016,0.167901024,3.089424896,10.918011977,187.872170819,0.0795874,0.285792894,3.590931424,9.800593052,122.981022331,0.095137266,0.217352555,2.284620566,6.132745202,61.051517318,0.169855608,0.328389328,1.933344037,4.357310624,36.261290715
"Yasuhikotakia_modesta_P_17","Yasuhikotakia_modesta",17,1,1,Inf,NA,0,NA,0,NA,Inf,NA,0,1,1,1,1,Inf,Inf,NA,NA,0,0,NA,NA,0,0,NA,NA,Inf,Inf,NA,NA,0,0,Inf,Inf,Inf,NA,0.298732436,NA,NA,0.062936414,NA,NA,0.854295825,NA,NA,NA,NA,NA,NA,NA,NA,0.298732436,NA,NA,0.298732436,NA,NA,0.062936414,NA,NA,0.062936414,NA,NA,0.854295825,NA,NA,0.854295825,NA,NA,NA,NA,NA,NA,NA,NA,NA,NA,NA,NA,NA,NA,0,0,NA,0,0,NA,0,0,NA,0,0,NA,0,0,NA,0,0,NA,0,0,NA,0,0,NA,0,0,NA,0,0,NA,0,0,NA,0,0,NA,0,0,NA,0,0,NA,0,0,NA,0.078774927,0.137507221,1.745570913,3.571840061,22.09842383,0.231076907,0.366665813,1.586769608,2.325796285,10.906399025,0.033616983,0.080240323,2.386898396,7.566643906,89.015165117,0.046257475,0.100842562,2.180027375,4.518558537,31.038832009,0.080038851,0.191689709,2.394958296,5.433901137,44.297121313,0.151201471,0.280277897,1.853671761,3.057938421,16.257017699
"Yasuhikotakia_modesta_P_18","Yasuhikotakia_modesta",18,1,1,Inf,NA,0,NA,0,NA,Inf,NA,0,1,1,1,1,Inf,Inf,NA,NA,0,0,NA,NA,0,0,NA,NA,Inf,Inf,NA,NA,0,0,Inf,Inf,Inf,NA,0.323932516,NA,NA,0.098331587,NA,NA,1.389638445,NA,NA,NA,NA,NA,NA,NA,NA,0.323932516,NA,NA,0.323932516,NA,NA,0.098331587,NA,NA,0.098331587,NA,NA,1.389638445,NA,NA,1.389638445,NA,NA,NA,NA,NA,NA,NA,NA,NA,NA,NA,NA,NA,NA,0,0,NA,0,0,NA,0,0,NA,0,0,NA,0,0,NA,0,0,NA,0,0,NA,0,0,NA,0,0,NA,0,0,NA,0,0,NA,0,0,NA,0,0,NA,0,0,NA,0,0,NA,0.111756774,0.226517625,2.026880484,5.876380291,61.066743373,0.218193714,0.40394847,1.85132955,4.433417489,37.912059943,0.047565487,0.124689905,2.621436548,8.61917551,112.799580579,0.064976445,0.16911876,2.602770281,9.13580038,138.821170336,0.083332925,0.223863434,2.686374362,9.532275324,150.600993632,0.13489857,0.297045833,2.201993933,5.960392661,65.666849171
"Yasuhikotakia_modesta_P_19","Yasuhikotakia_modesta",19,1.709516594,0.854758297,1,1,0.60560018,0.873696376,0,NA,0.927379148,NA,0.020479352,1.70837561,1.710685195,0.854187805,0.855342598,1,1,1,1,0.605184734,0.606024975,Inf,Inf,0,0,0,0,0.927093902,0.927671299,Inf,Inf,0.014609422,0.026425066,47.82967033,67.448979592,36.842857143,0.646733069,0.508814468,0.114980995,0.225978234,0.092568099,0.007509623,0.08112539,1.389922653,0.112758193,0.081125517,3.29888601,0,0,0.174861481,0,0,0.50855544,0.1148155,0.225767913,0.508726363,0.114924862,0.22590703,0.092551181,0.007498814,0.081023432,0.092562344,0.007505957,0.081090826,1.389668633,0.112595898,0.081023559,1.389836251,0.112703145,0.081090952,3.29888601,0,0,3.29888601,0,0,0.174861481,0,0,0.174861481,0,0,0.163464543,NA,NA,0.061319134,NA,NA,0.061319228,NA,NA,3.29888601,NA,NA,0.174861481,NA,NA,0.163464543,NA,NA,0.163464543,NA,NA,0.061319134,NA,NA,0.061319134,NA,NA,0.061319228,NA,NA,0.061319228,NA,NA,3.29888601,NA,NA,3.29888601,NA,NA,0.174861481,NA,NA,0.174861481,NA,NA,0.107938471,0.23778396,2.202958379,6.369263095,63.042725654,0.27404482,0.527617303,1.925295661,5.618899329,54.019129615,0.045428851,0.145828429,3.210039989,11.95206696,198.526787801,0.063597899,0.171016261,2.689023744,8.280389368,103.555634075,0.102476629,0.300492764,2.93230532,11.608577569,193.430052155,0.171766133,0.388938952,2.264351793,7.338519332,89.592777186
"Yasuhikotakia_modesta_P_20","Yasuhikotakia_modesta",20,1.562614879,0.78130744,1,1,0.545801006,0.787424404,0,NA,0.89065372,NA,0.016876662,1.568786897,1.556264401,0.784393448,0.7781322,1,1,1,1,0.548600118,0.542891187,Inf,Inf,0,0,0,0,0.892196724,0.8890661,Inf,Inf,0.010407101,0.023438106,58.253424658,95.088235294,41.665562914,0.695324273,0.191320252,0.056948866,0.297662507,0.08475925,0.029415054,0.347042402,1.219519944,0.479224391,0.392961503,4.439084207,0,0,0.800055508,0,0,0.191094121,0.056753211,0.296990877,0.190637295,0.056350343,0.295589291,0.084642449,0.029313994,0.346327341,0.084406491,0.029105906,0.34483019,1.217617053,0.477577953,0.392223443,1.213772865,0.474187823,0.390672618,4.439084207,0,0,4.439084207,0,0,0.800055508,0,0,0.800055508,0,0,0.218379868,NA,NA,0.2499043,NA,NA,0.278191929,NA,NA,4.439084207,NA,NA,0.800055508,NA,NA,0.218379868,NA,NA,0.218379868,NA,NA,0.2499043,NA,NA,0.2499043,NA,NA,0.278191929,NA,NA,0.278191929,NA,NA,4.439084207,NA,NA,4.439084207,NA,NA,0.800055508,NA,NA,0.800055508,NA,NA,0.093651992,0.213535931,2.280100251,9.112333223,130.557818444,0.283715662,0.481289405,1.696379399,4.398498655,39.064321991,0.037624855,0.11392746,3.027984038,13.226916805,280.925464269,0.056824599,0.16785822,2.95397105,13.26141029,253.473357431,0.094505278,0.261182486,2.763681477,10.860797917,180.209577927,0.189020735,0.36847927,1.949411902,5.338608348,55.836909206
"Yasuhikotakia_modesta_P_21","Yasuhikotakia_modesta",21,1.973279683,0.986639842,1,1,0.686361283,0.990210019,0,NA,0.993319921,NA,0.015999492,1.972425522,1.974137973,0.986212761,0.987068986,1,1,1,1,0.68614081,0.686582596,Inf,Inf,0,0,0,0,0.99310638,0.993534493,Inf,Inf,0.011991164,0.020056208,61.501984127,82.394736842,48.859872611,0.627747377,0.307975099,0.077184225,0.250618393,0.033861533,0.022177424,0.654944489,0.505112966,0.364991682,0.722594165,3.531561452,0,0,0.944461186,0,0,0.308043575,0.077195817,0.250600316,0.308251363,0.07723024,0.250543062,0.033841858,0.022180755,0.655423686,0.033782154,0.022190646,0.656874815,0.504789158,0.365046501,0.723166286,0.503806562,0.365209283,0.724899813,3.531561452,0,0,3.531561452,0,0,0.944461186,0,0,0.944461186,0,0,0.174765452,NA,NA,0.493989012,NA,NA,0.548356561,NA,NA,3.531561452,NA,NA,0.944461186,NA,NA,0.174765452,NA,NA,0.174765452,NA,NA,0.493989012,NA,NA,0.493989012,NA,NA,0.548356561,NA,NA,0.548356561,NA,NA,3.531561452,NA,NA,3.531561452,NA,NA,0.944461186,NA,NA,0.944461186,NA,NA,0.08663512,0.178115075,2.055922291,5.418774405,46.316348985,0.246200143,0.391307896,1.589389393,2.622994814,14.020039141,0.035546673,0.109549259,3.081842783,10.43036121,146.056388305,0.052176804,0.126123906,2.417240912,7.233049576,83.603296512,0.089367772,0.21046049,2.354993143,5.93962219,54.564415108,0.156711395,0.290435846,1.853316705,3.560858843,22.554308077
"Yasuhikotakia_modesta_P_22","Yasuhikotakia_modesta",22,1,1,Inf,NA,0,NA,0,NA,Inf,NA,0,1,1,1,1,Inf,Inf,NA,NA,0,0,NA,NA,0,0,NA,NA,Inf,Inf,NA,NA,0,0,Inf,Inf,Inf,NA,0.179743153,NA,NA,0.17079865,NA,NA,2.695447061,NA,NA,NA,NA,NA,NA,NA,NA,0.179743153,NA,NA,0.179743153,NA,NA,0.17079865,NA,NA,0.17079865,NA,NA,2.695447061,NA,NA,2.695447061,NA,NA,NA,NA,NA,NA,NA,NA,NA,NA,NA,NA,NA,NA,0,0,NA,0,0,NA,0,0,NA,0,0,NA,0,0,NA,0,0,NA,0,0,NA,0,0,NA,0,0,NA,0,0,NA,0,0,NA,0,0,NA,0,0,NA,0,0,NA,0,0,NA,0.060449415,0.100889964,1.668998183,3.76503963,27.685508763,0.234803765,0.396310817,1.687838427,3.174998745,19.113868671,0.026082635,0.059528867,2.28231797,8.645290443,115.543511417,0.035346052,0.073562386,2.081205192,5.033382936,46.050888239,0.080552446,0.203753437,2.529450667,6.9180041,73.958276072,0.154470851,0.303459961,1.964512787,4.414540529,33.93010777
"Yasuhikotakia_modesta_P_23","Yasuhikotakia_modesta",23,1,1,Inf,NA,0,NA,0,NA,Inf,NA,0,1,1,1,1,Inf,Inf,NA,NA,0,0,NA,NA,0,0,NA,NA,Inf,Inf,NA,NA,0,0,Inf,Inf,Inf,NA,0.15372154,NA,NA,0.070258149,NA,NA,1.066925378,NA,NA,NA,NA,NA,NA,NA,NA,0.15372154,NA,NA,0.15372154,NA,NA,0.070258149,NA,NA,0.070258149,NA,NA,1.066925378,NA,NA,1.066925378,NA,NA,NA,NA,NA,NA,NA,NA,NA,NA,NA,NA,NA,NA,0,0,NA,0,0,NA,0,0,NA,0,0,NA,0,0,NA,0,0,NA,0,0,NA,0,0,NA,0,0,NA,0,0,NA,0,0,NA,0,0,NA,0,0,NA,0,0,NA,0,0,NA,0.104374247,0.202090335,1.936208786,4.433998224,31.365260372,0.242049039,0.413975033,1.710294057,3.295870984,20.940490255,0.043044847,0.117797439,2.736621195,9.16829088,121.896818747,0.062381281,0.149319183,2.393653665,5.773627152,49.686290378,0.089654636,0.228228781,2.545643948,7.909650967,100.844685307,0.152245684,0.312610252,2.053327517,4.120280905,29.062209914
"Yasuhikotakia_modesta_P_24","Yasuhikotakia_modesta",24,1.998378907,0.999189453,1,1,0.692741524,0.999414761,0,NA,0.999594727,NA,0.01404087,1.998515336,1.99823337,0.999257668,0.999116685,1,1,1,1,0.692775693,0.692705068,Inf,Inf,0,0,0,0,0.999628834,0.999558343,Inf,Inf,0.009436435,0.018700265,70.220657277,104.972222222,52.475177305,0.666712963,0.129134285,0.035587096,0.27558209,0.125126149,0.018645342,0.149012356,1.897700922,0.22170589,0.116828678,3.970364903,0,0,0.331786903,0,0,0.129150867,0.035586464,0.275541815,0.129213242,0.03558395,0.275389343,0.125134837,0.018645011,0.148999365,0.125167518,0.018643694,0.148949937,1.897804232,0.221701955,0.116820245,1.898192823,0.221686289,0.116788077,3.970364903,0,0,3.970364903,0,0,0.331786903,0,0,0.331786903,0,0,0.195950875,NA,NA,0.105701267,NA,NA,0.082821626,NA,NA,3.970364903,NA,NA,0.331786903,NA,NA,0.195950875,NA,NA,0.195950875,NA,NA,0.105701267,NA,NA,0.105701267,NA,NA,0.082821626,NA,NA,0.082821626,NA,NA,3.970364903,NA,NA,3.970364903,NA,NA,0.331786903,NA,NA,0.331786903,NA,NA,0.063582233,0.123407146,1.940906138,5.686508169,52.283991392,0.22592819,0.39270371,1.738179329,4.57219233,42.34078873,0.027096529,0.076552846,2.825190122,11.313993851,174.928082451,0.03744551,0.08804763,2.351353485,7.31072824,86.715322644,0.076470404,0.211854311,2.770409195,11.175917944,194.048106835,0.149737893,0.298661389,1.994561184,5.606251091,62.681868746
"Yasuhikotakia_modesta_P_25","Yasuhikotakia_modesta",25,1,1,Inf,NA,0,NA,0,NA,Inf,NA,0,1,1,1,1,Inf,Inf,NA,NA,0,0,NA,NA,0,0,NA,NA,Inf,Inf,NA,NA,0,0,Inf,Inf,Inf,NA,0.376389792,NA,NA,0.045499574,NA,NA,0.536545758,NA,NA,NA,NA,NA,NA,NA,NA,0.376389792,NA,NA,0.376389792,NA,NA,0.045499574,NA,NA,0.045499574,NA,NA,0.536545758,NA,NA,0.536545758,NA,NA,NA,NA,NA,NA,NA,NA,NA,NA,NA,NA,NA,NA,0,0,NA,0,0,NA,0,0,NA,0,0,NA,0,0,NA,0,0,NA,0,0,NA,0,0,NA,0,0,NA,0,0,NA,0,0,NA,0,0,NA,0,0,NA,0,0,NA,0,0,NA,0.108170039,0.206745619,1.911302056,5.031366806,43.712203777,0.267782087,0.352599047,1.316738737,1.513794551,6.9420044,0.044035597,0.127336624,2.891674753,9.274439999,122.180650633,0.065025259,0.140226406,2.156491292,6.843038327,86.044960327,0.105966414,0.185224884,1.747958413,4.151618222,32.935156728,0.161560549,0.250381542,1.549769073,2.336597843,12.203896257
"Yasuhikotakia_modesta_P_26","Yasuhikotakia_modesta",26,2.200809478,0.733603159,1.964049067,0.654683022,0.925388949,0.842325321,0.683966804,0.986755516,0.694143091,0.914540419,0.024779535,2.217384011,2.183658309,0.739128004,0.727886103,1.913639866,1.978304208,0.637879955,0.659434736,0.930201406,0.920328541,1.341996955,1.327753421,0.67040996,0.687653682,0.610233443,0.625929356,0.68850398,0.69366042,0.976115199,0.976841389,0.013978417,0.035716905,39.355882353,70.538860104,26.997946612,0.723202476,0.295232704,0.12623363,0.427573328,0.215008442,0.041863168,0.194704766,3.351127924,0.605127546,0.18057429,5.775319928,2.396134265,0.41489204,0.831271181,0.465949407,0.560526357,0.294467998,0.126068507,0.428122948,0.292734653,0.125074121,0.427261071,0.214669302,0.041774811,0.194600766,0.214090602,0.041608481,0.194349874,3.346189413,0.603795396,0.180442683,3.33787557,0.601470592,0.18019563,5.770347124,2.396263434,0.415271973,5.780468981,2.395984196,0.414496506,0.829319598,0.467791052,0.564066076,0.833291934,0.464021814,0.55685384,0.205603792,0.023222461,0.112947631,0.08991028,0.107165025,1.191910692,0.084415885,0.101385298,1.201021559,4.17273342,0.484539839,0.116120488,0.604789108,0.678196363,1.121376616,0.206882263,0.022902994,0.11070545,0.205097129,0.023309087,0.113649018,0.095810057,0.105690775,1.103128186,0.087572176,0.107564779,1.228298575,0.08999747,0.099990559,1.111037446,0.082203882,0.101763493,1.237940235,4.199408886,0.477874112,0.113795566,4.162161829,0.486347303,0.116849686,0.642125984,0.668866538,1.041643782,0.589992359,0.680726218,1.153788193,0.080541949,0.122518874,1.521180904,3.451375533,22.446976393,0.331664975,0.439466969,1.325032792,2.545684561,16.79846988,0.031557054,0.054050962,1.712801273,7.27887154,102.899188472,0.050323354,0.098638806,1.960100006,4.901657909,39.084127266,0.096088311,0.186807738,1.944125513,7.62224627,114.805520807,0.236290782,0.358665257,1.517897795,3.527654606,26.959039661
"Yasuhikotakia_modesta_P_27","Yasuhikotakia_modesta",27,1.511784651,0.755892326,1,1,0.521619305,0.752537584,0,NA,0.877946163,NA,0.021026895,1.514275145,1.509235867,0.757137573,0.754617934,1,1,1,1,0.522853413,0.520350791,Inf,Inf,0,0,0,0,0.878568786,0.877308967,Inf,Inf,0.016144704,0.025973043,46.558139535,60.939814815,37.501457726,0.61904741,0.364584696,0.086686497,0.237767789,0.112675169,0.019987751,0.177392691,1.648847318,0.30700098,0.186191273,3.682279031,0,0,0.523872268,0,0,0.363995033,0.086119341,0.236594824,0.363708348,0.085839318,0.236011404,0.112539208,0.019856979,0.17644499,0.112473105,0.019792413,0.17597463,1.646759023,0.304992392,0.185207664,1.645743728,0.304000689,0.184719336,3.682279031,0,0,3.682279031,0,0,0.523872268,0,0,0.523872268,0,0,0.182061416,NA,NA,0.139430781,NA,NA,0.145783517,NA,NA,3.682279031,NA,NA,0.523872268,NA,NA,0.182061416,NA,NA,0.182061416,NA,NA,0.139430781,NA,NA,0.139430781,NA,NA,0.145783517,NA,NA,0.145783517,NA,NA,3.682279031,NA,NA,3.682279031,NA,NA,0.523872268,NA,NA,0.523872268,NA,NA,0.083213363,0.131925746,1.585391348,2.984520413,19.498356788,0.25796899,0.371096892,1.438532952,1.920142379,9.655187731,0.035802931,0.077821449,2.173605555,6.772394576,82.685693129,0.048717116,0.09388527,1.927151625,3.943698692,28.461092299,0.101005342,0.209204676,2.071223877,5.24296443,47.508905565,0.15692587,0.260956588,1.662929053,2.459789092,12.720579864
"Yasuhikotakia_modesta_P_28","Yasuhikotakia_modesta",28,1.30923703,0.436412343,1.198019802,0.399339934,0.424345408,0.386255836,0.304636097,0.439496987,0.417876139,0.412876412,0.013781091,1.314567625,1.303828249,0.438189208,0.434609416,1.128497409,1.239596278,0.376165803,0.413198759,0.430146882,0.418342935,0.620570774,0.603541278,0.228631874,0.343139338,0.2081097,0.312338885,0.407177506,0.423904088,0.414340237,0.457940082,0.010027957,0.017576205,71.563192905,98.721212121,55.895104895,0.638491551,0.356734844,0.117876632,0.330432066,0.189833666,0.009171441,0.048313037,3.017606365,0.115331605,0.038219566,8.186342567,3.023837138,0.369375837,0.312152277,0.092554052,0.296502889,0.355907367,0.116635741,0.327713759,0.355461699,0.115192859,0.32406546,0.189773607,0.009071339,0.047800844,0.189753618,0.008915131,0.046982666,3.016840474,0.11408185,0.037815009,3.016555088,0.112233563,0.037205872,8.193616479,3.03651242,0.370594893,8.178930785,3.010839608,0.368121419,0.312439324,0.093154296,0.298151638,0.311859789,0.091937017,0.294802408,0.31322036,0.053947816,0.172235982,0.054350444,0.00670151,0.123301836,0.043128518,0.003100218,0.071883242,6.495544357,1.250893226,0.19257712,0.279899447,0.01330715,0.047542608,0.309199327,0.044776326,0.14481379,0.315540187,0.058337989,0.184882915,0.053850943,0.005562208,0.103288963,0.054638617,0.007246866,0.132632674,0.042897442,0.00257316,0.059983996,0.043261832,0.003352508,0.077493429,6.402308281,1.038233005,0.162165419,6.549334401,1.3526886,0.206538332,0.27890759,0.011044845,0.039600375,0.280471671,0.014390061,0.051306647,0.082599775,0.13494273,1.633693673,3.136387769,17.222577202,0.298301957,0.474036465,1.589116176,2.995168878,17.7053056,0.031755849,0.060947559,1.919254614,5.966036644,58.617846058,0.052222706,0.110155971,2.109350113,4.42012576,29.324562074,0.097627984,0.227654528,2.331857312,7.608746567,93.176927495,0.201096284,0.372776647,1.85372221,3.816897358,24.549345091
