"filename","ClipName","TrialID","Group","Species","Treatment","x_pred","y_pred","median_speed","cv_speed","max_acc","mean_dist2pred","trans_median_speed","trans_cv_speed","trans_max_acc"
"Botia_lohachata_C_1_1_D_track.csv","Botia_lohachata_C_1_1_D","Botia_lohachata_C_1","Botia_lohachata-C","Botia_lohachata","C",96.7232912423625,-0.174808613279022,44.0905704074209,0.142735379925726,767.352219665977,70.6155876082642,0.796714833773289,-0.388274584050191,0.401218793259332
"Botia_lohachata_C_1_2_D_track.csv","Botia_lohachata_C_1_2_D","Botia_lohachata_C_1","Botia_lohachata-C","Botia_lohachata","C",96.7232912423625,-0.174808613279022,30.5548126301488,0.319390280219797,576.94710844761,52.4130983832474,-0.0510168693176748,0.962319766214702,-0.806142729643788
"Botia_lohachata_C_1_3_D_track.csv","Botia_lohachata_C_1_3_D","Botia_lohachata_C_1","Botia_lohachata-C","Botia_lohachata","C",96.7232912423625,-0.174808613279022,27.8970181871549,0.385593608625614,732.074957224555,42.7606312840875,-0.236395745583115,1.25719396399129,0.224924886820487
"Botia_lohachata_C_10_1_D_track.csv","Botia_lohachata_C_10_1_D","Botia_lohachata_C_10","Botia_lohachata-C","Botia_lohachata","C",98.823516089613,0.968533359674134,33.336333771458,0.116607430088877,597.857049692134,32.3011907689618,0.135301192328298,-0.751445109391322,-0.635963760480524
"Botia_lohachata_C_10_2_D_track.csv","Botia_lohachata_C_10_2_D","Botia_lohachata_C_10","Botia_lohachata-C","Botia_lohachata","C",98.823516089613,0.968533359674134,40.0625981365288,0.169353929694332,733.428633014816,59.7754467138923,0.558635418303795,-0.0888956889431984,0.232002607197872
"Botia_lohachata_C_10_3_D_track.csv","Botia_lohachata_C_10_3_D","Botia_lohachata_C_10","Botia_lohachata-C","Botia_lohachata","C",98.823516089613,0.968533359674134,32.7404077128094,0.228937877389342,667.077324366735,45.9412660905115,0.095996832009221,0.422051104846545,-0.148717999723815
"Botia_lohachata_C_11_1_D_track.csv","Botia_lohachata_C_11_1_D","Botia_lohachata_C_11","Botia_lohachata-C","Botia_lohachata","C",97.834779389002,0.804124589979634,19.3276816377914,0.484254344632958,525.399233882883,44.6418333948749,-0.897194675407058,1.60377869763094,-1.28352916404742
"Botia_lohachata_C_11_2_D_track.csv","Botia_lohachata_C_11_2_D","Botia_lohachata_C_11","Botia_lohachata-C","Botia_lohachata","C",97.834779389002,0.804124589979634,64.1678008743106,0.0501100099558424,620.94967288588,39.2909694474697,1.85887969727946,-2.38261695744773,-0.461338570018903
"Botia_lohachata_C_11_3_D_track.csv","Botia_lohachata_C_11_3_D","Botia_lohachata_C_11","Botia_lohachata-C","Botia_lohachata","C",97.834779389002,0.804124589979634,49.5815541721512,0.0570587305850023,689.467977079822,34.9710163187648,1.10588252244895,-2.11933101967238,-0.0120500671388143
"Botia_lohachata_C_11_4_D_track.csv","Botia_lohachata_C_11_4_D","Botia_lohachata_C_11","Botia_lohachata-C","Botia_lohachata","C",97.834779389002,0.804124589979634,49.9488104686421,0.118230153997549,707.218068695106,50.0027899901909,1.1259909817155,-0.726297500384536,0.0901436169414322
"Botia_lohachata_C_11_5_D_track.csv","Botia_lohachata_C_11_5_D","Botia_lohachata_C_11","Botia_lohachata-C","Botia_lohachata","C",97.834779389002,0.804124589979634,44.250565972326,0.131338337873941,641.761841017593,39.6896645654343,0.805962880141412,-0.536531815086558,-0.314724608153034
"Botia_lohachata_C_12_1_D_track.csv","Botia_lohachata_C_12_1_D","Botia_lohachata_C_12","Botia_lohachata-C","Botia_lohachata","C",96.2845164154786,1.20437712260692,20.6416919379063,0.235542575451024,576.516160457773,51.1402759716499,-0.788278204007008,0.469171795295624,-0.809779897444631
"Botia_lohachata_C_12_10_D_track.csv","Botia_lohachata_C_12_10_D","Botia_lohachata_C_12","Botia_lohachata-C","Botia_lohachata","C",96.2845164154786,1.20437712260692,53.8252082260417,0.0651371573312983,918.199232042244,46.0174154256349,1.33427929187935,-1.85566392406738,1.00225498700474
"Botia_lohachata_C_12_11_D_track.csv","Botia_lohachata_C_12_11_D","Botia_lohachata_C_12","Botia_lohachata-C","Botia_lohachata","C",96.2845164154786,1.20437712260692,49.1655203896382,0.322951630383322,854.121974096663,48.0775840040584,1.08302140548023,0.979890412206166,0.772881016951485
"Botia_lohachata_C_12_12_D_track.csv","Botia_lohachata_C_12_12_D","Botia_lohachata_C_12","Botia_lohachata-C","Botia_lohachata","C",96.2845164154786,1.20437712260692,44.4327750713501,0.113037940783288,591.048238422594,47.235651650708,0.816476426733056,-0.808191346558628,-0.690056348526222
"Botia_lohachata_C_12_13_D_track.csv","Botia_lohachata_C_12_13_D","Botia_lohachata_C_12","Botia_lohachata-C","Botia_lohachata","C",96.2845164154786,1.20437712260692,52.5566952746906,0.0794330207979022,843.120053560184,47.3046518787517,1.26689265444838,-1.46944258586092,0.729991107263867
"Botia_lohachata_C_12_14_D_track.csv","Botia_lohachata_C_12_14_D","Botia_lohachata_C_12","Botia_lohachata-C","Botia_lohachata","C",96.2845164154786,1.20437712260692,57.7823696263982,0.064263522975095,524.103906485129,33.7982962709915,1.53998830858558,-1.88233225321157,-1.29673470646449
"Botia_lohachata_C_12_15_D_track.csv","Botia_lohachata_C_12_15_D","Botia_lohachata_C_12","Botia_lohachata-C","Botia_lohachata","C",96.2845164154786,1.20437712260692,59.2605344324035,0.0906580003409231,480.890926456028,49.8834904455396,1.61517769070474,-1.2179402360512,-1.77805326017826
"Botia_lohachata_C_12_16_D_track.csv","Botia_lohachata_C_12_16_D","Botia_lohachata_C_12","Botia_lohachata-C","Botia_lohachata","C",96.2845164154786,1.20437712260692,76.1845131633404,0.0490803879877715,612.602416480759,48.2707236432431,2.42216067163776,-2.42514700259464,-0.522940787287771
"Botia_lohachata_C_12_17_D_track.csv","Botia_lohachata_C_12_17_D","Botia_lohachata_C_12","Botia_lohachata-C","Botia_lohachata","C",96.2845164154786,1.20437712260692,44.965116185526,0.0882056213277876,499.046742063782,40.8350225736256,0.847081054635742,-1.26974455839377,-1.56567517456159
"Botia_lohachata_C_12_18_D_track.csv","Botia_lohachata_C_12_18_D","Botia_lohachata_C_12","Botia_lohachata-C","Botia_lohachata","C",96.2845164154786,1.20437712260692,42.9670276417438,0.192263880831532,1032.83914150465,64.0462618897777,0.731337442942719,0.128734284983259,1.34161892431321
"Botia_lohachata_C_12_19_D_track.csv","Botia_lohachata_C_12_19_D","Botia_lohachata_C_12","Botia_lohachata-C","Botia_lohachata","C",96.2845164154786,1.20437712260692,70.4236875819716,0.0394158679890667,476.204228458208,30.9182581205699,2.15759024946009,-2.88186225905619,-1.83550567433845
"Botia_lohachata_C_12_2_D_track.csv","Botia_lohachata_C_12_2_D","Botia_lohachata_C_12","Botia_lohachata-C","Botia_lohachata","C",96.2845164154786,1.20437712260692,23.3082479990784,0.574990696636647,570.353934817482,50.3040193593372,-0.576522063679909,1.85796385208526,-0.862389798552255
"Botia_lohachata_C_12_20_D_track.csv","Botia_lohachata_C_12_20_D","Botia_lohachata_C_12","Botia_lohachata-C","Botia_lohachata","C",96.2845164154786,1.20437712260692,61.1548035385062,0.108816754608912,664.096694251903,48.5611407650585,1.71029818730147,-0.87798829174852,-0.167606185919541
"Botia_lohachata_C_12_21_D_track.csv","Botia_lohachata_C_12_21_D","Botia_lohachata_C_12","Botia_lohachata-C","Botia_lohachata","C",96.2845164154786,1.20437712260692,67.9124085863667,0.0586586327404456,718.752512281367,49.0272432492221,2.03918966276676,-2.06386895264055,0.153845954386589
"Botia_lohachata_C_12_3_D_track.csv","Botia_lohachata_C_12_3_D","Botia_lohachata_C_12","Botia_lohachata-C","Botia_lohachata","C",96.2845164154786,1.20437712260692,30.0545818382177,0.185571202330048,632.825744090395,58.5338383562274,-0.0853300483270252,0.0683435441948918,-0.376494719685608
"Botia_lohachata_C_12_4_D_track.csv","Botia_lohachata_C_12_4_D","Botia_lohachata_C_12","Botia_lohachata-C","Botia_lohachata","C",96.2845164154786,1.20437712260692,37.9214086614211,0.0965472654562474,678.664510269139,52.4631731768861,0.427644684720554,-1.09978223826068,-0.0768663731565502
"Botia_lohachata_C_12_5_D_track.csv","Botia_lohachata_C_12_5_D","Botia_lohachata_C_12","Botia_lohachata-C","Botia_lohachata","C",96.2845164154786,1.20437712260692,38.4751268635403,0.198496307701665,696.470988159367,42.3805350687598,0.461834684313123,0.182859649349301,0.0288909276642945
"Botia_lohachata_C_12_6_D_track.csv","Botia_lohachata_C_12_6_D","Botia_lohachata_C_12","Botia_lohachata-C","Botia_lohachata","C",96.2845164154786,1.20437712260692,26.9824745939235,0.237695401739602,704.075642889726,42.9253082077516,-0.302025666366166,0.484206965106095,0.0724268879933055
"Botia_lohachata_C_12_7_D_track.csv","Botia_lohachata_C_12_7_D","Botia_lohachata_C_12","Botia_lohachata-C","Botia_lohachata","C",96.2845164154786,1.20437712260692,58.9927416347607,0.062808811132958,619.39472761142,53.989951478233,1.60161971036804,-1.92766664104854,-0.472688130488703
"Botia_lohachata_C_12_8_D_track.csv","Botia_lohachata_C_12_8_D","Botia_lohachata_C_12","Botia_lohachata-C","Botia_lohachata","C",96.2845164154786,1.20437712260692,46.9695109370926,0.158597759344437,807.978837940644,54.531460499462,0.960864731534666,-0.202949146755741,0.585173090157546
"Botia_lohachata_C_12_9_D_track.csv","Botia_lohachata_C_12_9_D","Botia_lohachata_C_12","Botia_lohachata-C","Botia_lohachata","C",96.2845164154786,1.20437712260692,45.9516376519606,0.118052240286657,577.92689039222,51.5477044071134,0.903364815148141,-0.729035435891426,-0.797893630460999
"Botia_lohachata_C_13_1_D_track.csv","Botia_lohachata_C_13_1_D","Botia_lohachata_C_13","Botia_lohachata-C","Botia_lohachata","C",98.4346528716904,0.897639027291242,31.8318051113995,0.162368175166168,609.781616661371,47.8048265164297,0.0354386330037736,-0.161993726144006,-0.544139363773292
"Botia_lohachata_C_13_2_D_track.csv","Botia_lohachata_C_13_2_D","Botia_lohachata_C_13","Botia_lohachata-C","Botia_lohachata","C",98.4346528716904,0.897639027291242,29.1370607627742,0.239783572871505,751.344860831445,43.3980132385215,-0.148948857869657,0.498643328968394,0.323275513604669
"Botia_lohachata_C_13_3_D_track.csv","Botia_lohachata_C_13_3_D","Botia_lohachata_C_13","Botia_lohachata-C","Botia_lohachata","C",98.4346528716904,0.897639027291242,32.8630786828722,0.156989526975648,630.241133583443,49.3726057738302,0.104114005673627,-0.220756512243594,-0.394687225922493
"Botia_lohachata_C_2_1_D_track.csv","Botia_lohachata_C_2_1_D","Botia_lohachata_C_2","Botia_lohachata-C","Botia_lohachata","C",96.2457282281059,0.141688019144603,49.0080946006145,0.203355220810587,872.587957865946,56.813393875885,1.07434792692135,0.223732726849899,0.842437837864766
"Botia_lohachata_C_2_2_D_track.csv","Botia_lohachata_C_2_2_D","Botia_lohachata_C_2","Botia_lohachata-C","Botia_lohachata","C",96.2457282281059,0.141688019144603,43.0357749418524,0.0745346464435219,521.965294138379,54.13778248794,0.735359897585247,-1.59219123537989,-1.31868076260804
"Botia_lohachata_C_2_3_D_track.csv","Botia_lohachata_C_2_3_D","Botia_lohachata_C_2","Botia_lohachata-C","Botia_lohachata","C",96.2457282281059,0.141688019144603,29.3340920538437,0.0940924527100649,661.314763577845,33.18387760451,-0.135211272161585,-1.14800971858227,-0.185388829387139
"Botia_lohachata_C_3_1_D_track.csv","Botia_lohachata_C_3_1_D","Botia_lohachata_C_3","Botia_lohachata-C","Botia_lohachata","C",96.2457282281059,0.141688019144603,6.83502338924787,0.353396229693387,559.84751069052,49.5698139378017,-2.18746478525531,1.12164950529307,-0.954758783674244
"Botia_lohachata_C_3_2_D_track.csv","Botia_lohachata_C_3_2_D","Botia_lohachata_C_3","Botia_lohachata-C","Botia_lohachata","C",96.2457282281059,0.141688019144603,24.2239396585163,0.165260377460829,703.346684198665,43.7316033467198,-0.506374272169657,-0.131304159788675,0.0682944603383849
"Botia_lohachata_C_3_3_D_track.csv","Botia_lohachata_C_3_3_D","Botia_lohachata_C_3","Botia_lohachata-C","Botia_lohachata","C",96.2457282281059,0.141688019144603,23.2329026935277,0.0787031580565344,578.057795942262,33.390035069448,-0.582349279591136,-1.48717773344628,-0.796793612145149
"Botia_lohachata_C_4_1_D_track.csv","Botia_lohachata_C_4_1_D","Botia_lohachata_C_4","Botia_lohachata-C","Botia_lohachata","C",97.5181159266803,-4.74628668431772,39.7791839091004,0.149759505912599,880.177628522713,63.0510829042797,0.541482979799643,-0.303458493392697,0.8701799909452
"Botia_lohachata_C_4_2_D_track.csv","Botia_lohachata_C_4_2_D","Botia_lohachata_C_4","Botia_lohachata-C","Botia_lohachata","C",97.5181159266803,-4.74628668431772,28.686515362327,0.281515273102579,965.807869308759,58.9920579792652,-0.180521707996948,0.760407759106808,1.15297006823491
"Botia_lohachata_C_4_3_D_track.csv","Botia_lohachata_C_4_3_D","Botia_lohachata_C_4","Botia_lohachata-C","Botia_lohachata","C",97.5181159266803,-4.74628668431772,29.333661102174,0.301361213449228,803.488268850054,59.9391297159493,-0.135241273515641,0.869811783106505,0.56575455528203
"Botia_lohachata_C_5_1_D_track.csv","Botia_lohachata_C_5_1_D","Botia_lohachata_C_5","Botia_lohachata-C","Botia_lohachata","C",96.7733313238289,-5.1491872,53.8237917563681,0.141500223623694,651.518986881188,48.4681272997001,1.33420445031109,-0.403679512053656,-0.249214132918217
"Botia_lohachata_C_7_1_D_track.csv","Botia_lohachata_C_7_1_D","Botia_lohachata_C_7","Botia_lohachata-C","Botia_lohachata","C",98.5799594297352,0.652646640814664,12.817743689263,0.337276811467955,719.902826100666,42.6330688971077,-1.49560501475017,1.04840496619577,0.160086962625317
"Botia_lohachata_C_7_2_D_track.csv","Botia_lohachata_C_7_2_D","Botia_lohachata_C_7","Botia_lohachata-C","Botia_lohachata","C",98.5799594297352,0.652646640814664,36.7992624565243,0.108856281485583,513.925484128311,35.9638813028129,0.357653246733696,-0.877320515769931,-1.40281779529554
"Botia_lohachata_C_8_1_D_track.csv","Botia_lohachata_C_8_1_D","Botia_lohachata_C_8","Botia_lohachata-C","Botia_lohachata","C",97.5267110386965,-4.74628940448065,47.3891037450364,0.116770936089632,876.029212527755,79.6372026560853,0.984402617835931,-0.748893250800808,0.855076052369842
"Botia_lohachata_P_1_1_D_track.csv","Botia_lohachata_P_1_1_D","Botia_lohachata_P_1","Botia_lohachata-P","Botia_lohachata","P",95.0563305906314,-3.17568285539715,11.1399974849629,0.480860997427493,720.290631211471,40.0731298731984,-1.67115562568512,1.59324265788708,0.162186499875008
"Botia_lohachata_P_1_10_D_track.csv","Botia_lohachata_P_1_10_D","Botia_lohachata_P_1","Botia_lohachata-P","Botia_lohachata","P",95.0563305906314,-3.17568285539715,33.3499408784924,0.116689476531306,411.071766771627,38.3608091887465,0.136194905820432,-0.750164091908655,-2.7695460857905
"Botia_lohachata_P_1_2_D_track.csv","Botia_lohachata_P_1_2_D","Botia_lohachata_P_1","Botia_lohachata-P","Botia_lohachata","P",95.0563305906314,-3.17568285539715,11.7458949597786,0.423414180447692,752.164061759628,40.9148245795804,-1.60645540970317,1.40084902361655,0.327344922671199
"Botia_lohachata_P_1_3_D_track.csv","Botia_lohachata_P_1_3_D","Botia_lohachata_P_1","Botia_lohachata-P","Botia_lohachata","P",95.0563305906314,-3.17568285539715,25.993320429836,0.230783925967983,618.038643609932,44.1405161920157,-0.374158255253254,0.43537576799247,-0.482632820217781
"Botia_lohachata_P_1_4_D_track.csv","Botia_lohachata_P_1_4_D","Botia_lohachata_P_1","Botia_lohachata-P","Botia_lohachata","P",95.0563305906314,-3.17568285539715,22.6976766057109,0.268725484518583,805.6759317788,48.2792962952024,-0.623993472959029,0.685145033618356,0.575241689472493
"Botia_lohachata_P_1_5_D_track.csv","Botia_lohachata_P_1_5_D","Botia_lohachata_P_1","Botia_lohachata-P","Botia_lohachata","P",95.0563305906314,-3.17568285539715,11.4261167485563,0.384961110867973,988.968641074699,46.3719314103069,-1.64040849964073,1.25465694506899,1.2210437681666
"Botia_lohachata_P_1_6_D_track.csv","Botia_lohachata_P_1_6_D","Botia_lohachata_P_1","Botia_lohachata-P","Botia_lohachata","P",95.0563305906314,-3.17568285539715,35.199621016111,0.454711860932833,3374.00056140001,50.8086915814395,0.256179635637341,1.5091032263195,3.22772832950747
"Botia_lohachata_P_1_7_D_track.csv","Botia_lohachata_P_1_7_D","Botia_lohachata_P_1","Botia_lohachata-P","Botia_lohachata","P",95.0563305906314,-3.17568285539715,13.9653071635238,0.519052265202639,946.976434890622,39.9277838274823,-1.38149921333729,1.70720725626791,1.09516678327111
"Botia_lohachata_P_1_8_D_track.csv","Botia_lohachata_P_1_8_D","Botia_lohachata_P_1","Botia_lohachata-P","Botia_lohachata","P",95.0563305906314,-3.17568285539715,31.1166824134903,0.164788090507926,719.458864624765,47.9252662224618,-0.0127785394253523,-0.136273735681029,0.157680621876163
"Botia_lohachata_P_1_9_D_track.csv","Botia_lohachata_P_1_9_D","Botia_lohachata_P_1","Botia_lohachata-P","Botia_lohachata","P",95.0563305906314,-3.17568285539715,35.9004077188403,0.244874524058684,798.106614057833,63.6381781211063,0.30088672425866,0.533247980311541,0.542194851242251
"Botia_lohachata_P_10_1_D_track.csv","Botia_lohachata_P_10_1_D","Botia_lohachata_P_10","Botia_lohachata-P","Botia_lohachata","P",92.1384928716904,2.28105906313646,21.9415785302121,0.16778722032423,690.890003786579,41.5990992886772,-0.683591228677428,-0.104987382248228,-0.00366946259356203
"Botia_lohachata_P_10_2_D_track.csv","Botia_lohachata_P_10_2_D","Botia_lohachata_P_10","Botia_lohachata-P","Botia_lohachata","P",92.1384928716904,2.28105906313646,35.4581159454992,0.0785695962340661,720.479435174162,66.6627013594845,0.272717138195441,-1.49044343852319,0.163207847211978
"Botia_lohachata_P_10_3_D_track.csv","Botia_lohachata_P_10_3_D","Botia_lohachata_P_10","Botia_lohachata-P","Botia_lohachata","P",92.1384928716904,2.28105906313646,40.4315383285038,0.289462667253559,857.985469818443,50.9533819339548,0.580881567236489,0.805241498156729,0.787681530189567
"Botia_lohachata_P_10_4_D_track.csv","Botia_lohachata_P_10_4_D","Botia_lohachata_P_10","Botia_lohachata-P","Botia_lohachata","P",92.1384928716904,2.28105906313646,32.0923922671696,0.235756274591035,1029.02661474374,54.486592711298,0.0528861495787473,0.470671227650902,1.33154834218354
"Botia_lohachata_P_11_1_D_track.csv","Botia_lohachata_P_11_1_D","Botia_lohachata_P_11","Botia_lohachata-P","Botia_lohachata","P",91.2423625254582,4.07331975560081,50.0693853007843,0.412177608931194,1163.00909608998,38.6439948194556,1.13257818113133,1.35974336146548,1.64584572826506
"Botia_lohachata_P_11_2_D_track.csv","Botia_lohachata_P_11_2_D","Botia_lohachata_P_11","Botia_lohachata-P","Botia_lohachata","P",91.2423625254582,4.07331975560081,74.4853709863583,0.232074556297999,931.637550931784,42.206125239811,2.34510121828532,0.444619650100003,1.04635707976854
"Botia_lohachata_P_11_3_D_track.csv","Botia_lohachata_P_11_3_D","Botia_lohachata_P_11","Botia_lohachata-P","Botia_lohachata","P",91.2423625254582,4.07331975560081,30.1753349309851,0.210762688559982,874.320905594489,44.230310958887,-0.0770234137038134,0.28395330784258,0.848814627251637
"Botia_lohachata_P_11_4_D_track.csv","Botia_lohachata_P_11_4_D","Botia_lohachata_P_11","Botia_lohachata-P","Botia_lohachata","P",91.2423625254582,4.07331975560081,43.1626946292406,0.176885466258033,791.67843512306,51.8083083052853,0.742778398160442,-0.0138334041652643,0.513633912007613
"Botia_lohachata_P_11_5_D_track.csv","Botia_lohachata_P_11_5_D","Botia_lohachata_P_11","Botia_lohachata-P","Botia_lohachata","P",91.2423625254582,4.07331975560081,48.54603531269,0.0535757756269379,597.877089650532,37.59690878379,1.04881708104373,-2.24644144186285,-0.635806371456135
"Botia_lohachata_P_12_1_D_track.csv","Botia_lohachata_P_12_1_D","Botia_lohachata_P_12","Botia_lohachata-P","Botia_lohachata","P",91.0794297352342,3.42158859470468,23.2097985242897,0.404179784616882,1015.33436176304,49.3907725511785,-0.584137878717222,1.32970134992695,1.29475747943084
"Botia_lohachata_P_12_2_D_track.csv","Botia_lohachata_P_12_2_D","Botia_lohachata_P_12","Botia_lohachata-P","Botia_lohachata","P",91.0794297352342,3.42158859470468,12.3735219238521,0.210823145854475,498.762373048193,49.3838907452661,-1.54101471720413,0.284434854611353,-1.56888240073498
"Botia_lohachata_P_12_3_D_track.csv","Botia_lohachata_P_12_3_D","Botia_lohachata_P_12","Botia_lohachata-P","Botia_lohachata","P",91.0794297352342,3.42158859470468,25.9423974135834,0.259379315407431,622.5956840765,55.5521780408258,-0.377905204055781,0.627522220485211,-0.449386085693746
"Botia_lohachata_P_12_4_D_track.csv","Botia_lohachata_P_12_4_D","Botia_lohachata_P_12","Botia_lohachata-P","Botia_lohachata","P",91.0794297352342,3.42158859470468,34.9735053770049,0.120411187594294,1095.94475783923,35.2161421052247,0.241668332365977,-0.693109329904005,1.4981312113856
"Botia_lohachata_P_12_5_D_track.csv","Botia_lohachata_P_12_5_D","Botia_lohachata_P_12","Botia_lohachata-P","Botia_lohachata","P",91.0794297352342,3.42158859470468,89.8980160218395,0.101191461536435,811.567490810948,48.1371790298771,3.01761265841141,-1.01224488506033,0.600536993113316
"Botia_lohachata_P_13_1_D_track.csv","Botia_lohachata_P_13_1_D","Botia_lohachata_P_13","Botia_lohachata-P","Botia_lohachata","P",90.3054989816701,4.60285132382892,6.54247876126752,0.978964565518463,817.278421669251,49.2384122754626,-2.22733456656689,2.60849836046103,0.624708688234012
"Botia_lohachata_P_13_2_D_track.csv","Botia_lohachata_P_13_2_D","Botia_lohachata_P_13","Botia_lohachata-P","Botia_lohachata","P",90.3054989816701,4.60285132382892,27.831182021636,0.411660269763741,646.652879340106,60.4930538764662,-0.241087339733605,1.3578202269858,-0.281638568751179
"Botia_lohachata_P_13_3_D_track.csv","Botia_lohachata_P_13_3_D","Botia_lohachata_P_13","Botia_lohachata-P","Botia_lohachata","P",90.3054989816701,4.60285132382892,18.0657270167966,0.470382247056461,678.020960345762,54.4760237247947,-1.00501168297868,1.56016537574457,-0.0807925887302064
"Botia_lohachata_P_14_1_D_track.csv","Botia_lohachata_P_14_1_D","Botia_lohachata_P_14","Botia_lohachata-P","Botia_lohachata","P",90.278340203666,3.54378818737271,30.6177588970674,0.276401626803068,688.45705225221,41.2796805293093,-0.0467172283081858,0.730791990166282,-0.0180289282987612
"Botia_lohachata_P_14_2_D_track.csv","Botia_lohachata_P_14_2_D","Botia_lohachata_P_14","Botia_lohachata-P","Botia_lohachata","P",90.278340203666,3.54378818737271,5.12611609298091,1.02986028943894,467.432767722466,56.0766851114658,-2.43305702793277,2.67715945555258,-1.94612736680649
"Botia_lohachata_P_14_3_D_track.csv","Botia_lohachata_P_14_3_D","Botia_lohachata_P_14","Botia_lohachata-P","Botia_lohachata","P",90.278340203666,3.54378818737271,14.6593990585466,0.535985070619534,677.698975700308,54.2634298547528,-1.31454689992206,1.75472040016321,-0.0827597743983186
"Botia_lohachata_P_15_1_D_track.csv","Botia_lohachata_P_15_1_D","Botia_lohachata_P_15","Botia_lohachata-P","Botia_lohachata","P",90.020366598778,3.0142566191446,28.479573116665,0.151341171205678,523.327781068945,37.6476652384097,-0.195099062737964,-0.284983720244614,-1.3046784313144
"Botia_lohachata_P_2_1_D_track.csv","Botia_lohachata_P_2_1_D","Botia_lohachata_P_2","Botia_lohachata-P","Botia_lohachata","P",94.7660834215886,-2.65399351608961,32.4890012777791,0.192655859525001,935.732340176383,45.5761326648877,0.0793178942554606,0.132196872480212,1.05954363445123
"Botia_lohachata_P_2_10_D_track.csv","Botia_lohachata_P_2_10_D","Botia_lohachata_P_2","Botia_lohachata-P","Botia_lohachata","P",94.7660834215886,-2.65399351608961,31.4378040210138,0.11835481460962,570.325788859184,33.8466498183074,0.00893470817499119,-0.724381874015653,-0.86263270232753
"Botia_lohachata_P_2_11_D_track.csv","Botia_lohachata_P_2_11_D","Botia_lohachata_P_2","Botia_lohachata-P","Botia_lohachata","P",94.7660834215886,-2.65399351608961,46.8159227622196,0.107759090864475,1034.15912971802,59.5644509217796,0.952225030294261,-0.89595987871053,1.34508829759529
"Botia_lohachata_P_2_12_D_track.csv","Botia_lohachata_P_2_12_D","Botia_lohachata_P_2","Botia_lohachata-P","Botia_lohachata","P",94.7660834215886,-2.65399351608961,39.6237655656331,0.420939094785256,1302.38483328782,57.7475304510734,0.532053371498213,1.39190207498432,1.90417299872035
"Botia_lohachata_P_2_13_D_track.csv","Botia_lohachata_P_2_13_D","Botia_lohachata_P_2","Botia_lohachata-P","Botia_lohachata","P",94.7660834215886,-2.65399351608961,43.978081766604,0.185398757405383,645.948132413259,63.2161890008244,0.790203645671179,0.0667549097770972,-0.286375021786742
"Botia_lohachata_P_2_2_D_track.csv","Botia_lohachata_P_2_2_D","Botia_lohachata_P_2","Botia_lohachata-P","Botia_lohachata","P",94.7660834215886,-2.65399351608961,31.2829545015532,0.268324800371024,1032.61764269081,49.1140085772557,-0.00152309185670573,0.682721716541651,1.3410358818425
"Botia_lohachata_P_2_3_D_track.csv","Botia_lohachata_P_2_3_D","Botia_lohachata_P_2","Botia_lohachata-P","Botia_lohachata","P",94.7660834215886,-2.65399351608961,36.5150067483234,0.130697439290666,620.230587493477,46.6358896252936,0.339770090454977,-0.545299765508628,-0.466580108061586
"Botia_lohachata_P_2_4_D_track.csv","Botia_lohachata_P_2_4_D","Botia_lohachata_P_2","Botia_lohachata-P","Botia_lohachata","P",94.7660834215886,-2.65399351608961,22.8300215726206,0.167051795555467,575.458719001237,37.9557902806456,-0.61365498460877,-0.112599989178217,-0.818727704367513
"Botia_lohachata_P_2_5_D_track.csv","Botia_lohachata_P_2_5_D","Botia_lohachata_P_2","Botia_lohachata-P","Botia_lohachata","P",94.7660834215886,-2.65399351608961,54.0685675876748,0.237077393405479,687.83520076509,37.0887381220261,1.34712433931861,0.479906744106147,-0.0217154428686885
"Botia_lohachata_P_2_6_D_track.csv","Botia_lohachata_P_2_6_D","Botia_lohachata_P_2","Botia_lohachata-P","Botia_lohachata","P",94.7660834215886,-2.65399351608961,43.0681030975262,0.108350854872951,865.596798821583,48.3534710523801,0.737250432210301,-0.885880162083891,0.816452947798439
"Botia_lohachata_P_2_7_D_track.csv","Botia_lohachata_P_2_7_D","Botia_lohachata_P_2","Botia_lohachata-P","Botia_lohachata","P",94.7660834215886,-2.65399351608961,35.5955990881231,0.237871025066071,1054.05803230924,40.9329440650413,0.281490460814491,0.485426665842238,1.39633648745631
"Botia_lohachata_P_2_8_D_track.csv","Botia_lohachata_P_2_8_D","Botia_lohachata_P_2","Botia_lohachata-P","Botia_lohachata","P",94.7660834215886,-2.65399351608961,36.5390754399107,0.114249608606876,663.114997999575,55.1129672744888,0.341286750695934,-0.788702987764131,-0.173864344355773
"Botia_lohachata_P_2_9_D_track.csv","Botia_lohachata_P_2_9_D","Botia_lohachata_P_2","Botia_lohachata-P","Botia_lohachata","P",94.7660834215886,-2.65399351608961,29.3571713075651,0.174271030393943,496.630765578992,44.2307810395098,-0.133604867350159,-0.0394709519296238,-1.59304046255242
"Botia_lohachata_P_3_1_D_track.csv","Botia_lohachata_P_3_1_D","Botia_lohachata_P_3","Botia_lohachata-P","Botia_lohachata","P",94.7281242362525,-2.05696499144603,28.0196219559099,0.229221150828596,685.165920393554,43.518120364263,-0.227672185393382,0.424103676654481,-0.0376157131960093
"Botia_lohachata_P_3_2_D_track.csv","Botia_lohachata_P_3_2_D","Botia_lohachata_P_3","Botia_lohachata-P","Botia_lohachata","P",94.7281242362525,-2.05696499144603,36.0224349131519,0.161312428037288,717.140050315651,40.0206899085416,0.308630845366674,-0.173351652478727,0.145063867095774
"Botia_lohachata_P_3_3_D_track.csv","Botia_lohachata_P_3_3_D","Botia_lohachata_P_3","Botia_lohachata-P","Botia_lohachata","P",94.7281242362525,-2.05696499144603,43.9724977966573,0.151206744096907,951.404904594963,53.4241837044069,0.789880231308411,-0.286545349176571,1.10896579412947
"Botia_lohachata_P_3_4_D_track.csv","Botia_lohachata_P_3_4_D","Botia_lohachata_P_3","Botia_lohachata-P","Botia_lohachata","P",94.7281242362525,-2.05696499144603,31.6803671424562,0.138197197665754,593.012828992983,53.0753198397048,0.0252693371612929,-0.44563820438628,-0.674321169787444
"Botia_lohachata_P_3_5_D_track.csv","Botia_lohachata_P_3_5_D","Botia_lohachata_P_3","Botia_lohachata-P","Botia_lohachata","P",94.7281242362525,-2.05696499144603,23.2520952639459,0.260055758986149,522.571716926296,28.1885124660328,-0.58086410960701,0.631771494298684,-1.31243951536796
"Botia_lohachata_P_4_1_D_track.csv","Botia_lohachata_P_4_1_D","Botia_lohachata_P_4","Botia_lohachata-P","Botia_lohachata","P",100.186659063136,-5.26117496130346,47.930385398454,0.135116945171563,723.954330020836,58.8868089702584,1.01462745941566,-0.485807927505142,0.181910391167543
"Botia_lohachata_P_5_1_D_track.csv","Botia_lohachata_P_5_1_D","Botia_lohachata_P_5","Botia_lohachata-P","Botia_lohachata","P",100.939541507128,-4.31494299796334,26.7122398660193,0.226301245819677,612.760080149672,40.281569700651,-0.321611105932328,0.402806624527753,-0.521761689061636
"Botia_lohachata_P_6_1_D_track.csv","Botia_lohachata_P_6_1_D","Botia_lohachata_P_6","Botia_lohachata-P","Botia_lohachata","P",91.7311608961303,2.56619144602851,36.2701962333928,0.101632391942496,673.286772167744,54.4180098897436,0.324317757860042,-1.00417228670504,-0.109905951304251
"Botia_lohachata_P_6_2_D_track.csv","Botia_lohachata_P_6_2_D","Botia_lohachata_P_6","Botia_lohachata-P","Botia_lohachata","P",91.7311608961303,2.56619144602851,46.9136699862558,0.0887774085270085,547.327939578979,60.1431846462086,0.957725032065697,-1.25752084792547,-1.06945708494353
"Botia_lohachata_P_6_3_D_track.csv","Botia_lohachata_P_6_3_D","Botia_lohachata_P_6","Botia_lohachata-P","Botia_lohachata","P",91.7311608961303,2.56619144602851,41.583208755264,0.155355437948136,501.939012317002,46.5105742412282,0.649737684479956,-0.239063985465215,-1.53326144558076
"Botia_lohachata_P_6_4_D_track.csv","Botia_lohachata_P_6_4_D","Botia_lohachata_P_6","Botia_lohachata-P","Botia_lohachata","P",91.7311608961303,2.56619144602851,35.0276820941635,0.186464632160434,861.078251570368,57.8512458875894,0.245149076733451,0.0765473929494328,0.79943383356709
"Botia_lohachata_P_6_5_D_track.csv","Botia_lohachata_P_6_5_D","Botia_lohachata_P_6","Botia_lohachata-P","Botia_lohachata","P",91.7311608961303,2.56619144602851,33.2591776267773,0.161918304717681,657.911388607436,63.5304819818875,0.130230446366087,-0.166823215891821,-0.207348388274228
"Botia_lohachata_P_6_6_D_track.csv","Botia_lohachata_P_6_6_D","Botia_lohachata_P_6","Botia_lohachata-P","Botia_lohachata","P",91.7311608961303,2.56619144602851,47.6858439951849,0.095437175577722,779.504533905449,44.7488796965667,1.00099172482469,-1.12141633322263,0.458253490008949
"Botia_lohachata_P_6_7_D_track.csv","Botia_lohachata_P_6_7_D","Botia_lohachata_P_6","Botia_lohachata-P","Botia_lohachata","P",91.7311608961303,2.56619144602851,47.695369414928,0.105729665707322,870.443699335278,60.7895448993765,1.00152346021496,-0.931012115747437,0.83451238885714
"Botia_lohachata_P_7_1_D_track.csv","Botia_lohachata_P_7_1_D","Botia_lohachata_P_7","Botia_lohachata-P","Botia_lohachata","P",91.7922606924644,2.40325865580448,11.6842764065203,0.51185012753598,943.143896206441,52.6864796311027,-1.61296489799087,1.68646091641579,1.0831200820168
"Botia_lohachata_P_7_10_D_track.csv","Botia_lohachata_P_7_10_D","Botia_lohachata_P_7","Botia_lohachata-P","Botia_lohachata","P",91.7922606924644,2.40325865580448,40.5305341749322,0.170158061650811,1003.91084978537,77.1843004298449,0.586835049899374,-0.0807020642330917,1.26329479027932
"Botia_lohachata_P_7_2_D_track.csv","Botia_lohachata_P_7_2_D","Botia_lohachata_P_7","Botia_lohachata-P","Botia_lohachata","P",91.7922606924644,2.40325865580448,16.0500582176857,0.20637964864864,550.373709078015,38.748079445705,-1.18459969753921,0.248617177277755,-1.04107290051264
"Botia_lohachata_P_7_3_D_track.csv","Botia_lohachata_P_7_3_D","Botia_lohachata_P_7","Botia_lohachata-P","Botia_lohachata","P",91.7922606924644,2.40325865580448,20.4594419646639,0.165180702069609,505.831429479784,36.9498464359152,-0.803192459932239,-0.132141399735406,-1.4902241380864
"Botia_lohachata_P_7_4_D_track.csv","Botia_lohachata_P_7_4_D","Botia_lohachata_P_7","Botia_lohachata-P","Botia_lohachata","P",91.7922606924644,2.40325865580448,46.636413213665,0.124253961191846,709.048270652113,42.7329467275116,0.942110850864388,-0.636265981012327,0.10038977693161
"Botia_lohachata_P_7_5_D_track.csv","Botia_lohachata_P_7_5_D","Botia_lohachata_P_7","Botia_lohachata-P","Botia_lohachata","P",91.7922606924644,2.40325865580448,53.4248738620365,0.170635410089007,886.520529341997,61.1717585801983,1.31309120492737,-0.0758589743565452,0.893000523570726
"Botia_lohachata_P_7_6_D_track.csv","Botia_lohachata_P_7_6_D","Botia_lohachata_P_7","Botia_lohachata-P","Botia_lohachata","P",91.7922606924644,2.40325865580448,33.2284632635531,0.15696717063815,554.794131042151,52.622859999181,0.128210393716892,-0.221005516056391,-1.00043239980712
"Botia_lohachata_P_7_7_D_track.csv","Botia_lohachata_P_7_7_D","Botia_lohachata_P_7","Botia_lohachata-P","Botia_lohachata","P",91.7922606924644,2.40325865580448,37.2468453477403,0.184258309672389,921.394902476533,51.2897651487098,0.385684948013276,0.0562061359485287,1.01285917156766
"Botia_lohachata_P_7_8_D_track.csv","Botia_lohachata_P_7_8_D","Botia_lohachata_P_7","Botia_lohachata-P","Botia_lohachata","P",91.7922606924644,2.40325865580448,31.7022790411371,0.216478294276795,699.327040004725,59.2614218589992,0.0267421199315584,0.328796968722512,0.0453525876464283
"Botia_lohachata_P_7_9_D_track.csv","Botia_lohachata_P_7_9_D","Botia_lohachata_P_7","Botia_lohachata-P","Botia_lohachata","P",91.7922606924644,2.40325865580448,29.633336624921,0.199058791451966,846.933299283213,72.298837014931,-0.114427020102098,0.187649179250496,0.744982845737259
"Botia_lohachata_P_8_1_D_track.csv","Botia_lohachata_P_8_1_D","Botia_lohachata_P_8","Botia_lohachata-P","Botia_lohachata","P",91.8940936863544,2.40325865580448,30.9310812467088,0.215152786240101,489.758048695474,45.8911406287456,-0.0253747557156575,0.318518198726474,-1.67236273978055
"Botia_lohachata_P_8_2_D_track.csv","Botia_lohachata_P_8_2_D","Botia_lohachata_P_8","Botia_lohachata-P","Botia_lohachata","P",91.8940936863544,2.40325865580448,39.5118815778255,0.119093013559847,746.420688068272,55.6094241047932,0.525254690863545,-0.713085001836951,0.2986263035226
"Botia_lohachata_P_8_3_D_track.csv","Botia_lohachata_P_8_3_D","Botia_lohachata_P_8","Botia_lohachata-P","Botia_lohachata","P",91.8940936863544,2.40325865580448,38.4281064127369,0.0987227401876032,420.68362203227,41.3999674909356,0.458940073882292,-1.05819424661065,-2.61351487332503
"Botia_lohachata_P_8_4_D_track.csv","Botia_lohachata_P_8_4_D","Botia_lohachata_P_8","Botia_lohachata-P","Botia_lohachata","P",91.8940936863544,2.40325865580448,21.6498747279411,0.246367018179502,602.564067083234,39.6453820672867,-0.706833008086002,0.543237973741216,-0.599283516626886
"Botia_lohachata_P_8_5_D_track.csv","Botia_lohachata_P_8_5_D","Botia_lohachata_P_8","Botia_lohachata-P","Botia_lohachata","P",91.8940936863544,2.40325865580448,25.6302810948992,0.267623003403195,587.177734922064,41.7309455738667,-0.400944332008765,0.678467349834043,-0.721364791623857
"Botia_lohachata_P_8_6_D_track.csv","Botia_lohachata_P_8_6_D","Botia_lohachata_P_8","Botia_lohachata-P","Botia_lohachata","P",91.8940936863544,2.40325865580448,45.3413569863855,0.084649563811524,749.905666347147,53.0755938967264,0.868612178769248,-1.34784766516247,0.316104735171914
"Botia_lohachata_P_9_1_D_track.csv","Botia_lohachata_P_9_1_D","Botia_lohachata_P_9","Botia_lohachata-P","Botia_lohachata","P",91.8126272912424,2.36252545824847,41.3898397491291,0.0812583016401443,658.579307416161,32.7080690425934,0.63823763611085,-1.42588898380758,-0.203020883371483
"Yasuhikotakia_modesta_C_1_1_D_track.csv","Yasuhikotakia_modesta_C_1_1_D","Yasuhikotakia_modesta_C_1","Yasuhikotakia_modesta-C","Yasuhikotakia_modesta","C",90.485933604888,-1.79285205376782,16.0358251931394,0.152382210704994,755.680328924025,61.5822002754092,-1.18590314410416,-0.272943216787834,0.344711892707927
"Yasuhikotakia_modesta_C_1_2_D_track.csv","Yasuhikotakia_modesta_C_1_2_D","Yasuhikotakia_modesta_C_1","Yasuhikotakia_modesta-C","Yasuhikotakia_modesta","C",90.485933604888,-1.79285205376782,14.1481177920548,0.146641550793185,717.73834821608,58.5026590129684,-1.3637213145185,-0.340536829324813,0.148327031504965
"Yasuhikotakia_modesta_C_10_1_D_track.csv","Yasuhikotakia_modesta_C_10_1_D","Yasuhikotakia_modesta_C_10","Yasuhikotakia_modesta-C","Yasuhikotakia_modesta","C",88.9121371894094,2.91019464195519,26.7630555748877,0.100187636757857,658.372227750458,46.6614935087286,-0.317921355352312,-1.03077321195684,-0.204361631689921
"Yasuhikotakia_modesta_C_2_1_D_track.csv","Yasuhikotakia_modesta_C_2_1_D","Yasuhikotakia_modesta_C_2","Yasuhikotakia_modesta-C","Yasuhikotakia_modesta","C",90.6448587372709,-2.05136904521385,21.7299006671057,0.147910676365416,474.851526451763,38.8137402636363,-0.700442775795937,-0.32533731241706,-1.85229881898547
"Yasuhikotakia_modesta_C_2_2_D_track.csv","Yasuhikotakia_modesta_C_2_2_D","Yasuhikotakia_modesta_C_2","Yasuhikotakia_modesta-C","Yasuhikotakia_modesta","C",90.6448587372709,-2.05136904521385,22.3607483268159,0.168004955812291,535.176893273747,44.7093312516886,-0.65043788217907,-0.102740815308431,-1.18591071363715
"Yasuhikotakia_modesta_C_2_3_D_track.csv","Yasuhikotakia_modesta_C_2_3_D","Yasuhikotakia_modesta_C_2","Yasuhikotakia_modesta-C","Yasuhikotakia_modesta","C",90.6448587372709,-2.05136904521385,29.2128197368381,0.175585607828538,750.601430019238,48.5231571219697,-0.143661745596265,-0.0265257329665706,0.319574807178618
"Yasuhikotakia_modesta_C_2_4_D_track.csv","Yasuhikotakia_modesta_C_2_4_D","Yasuhikotakia_modesta_C_2","Yasuhikotakia_modesta-C","Yasuhikotakia_modesta","C",90.6448587372709,-2.05136904521385,33.6379885196708,0.14758195757976,564.67798434488,41.0495195559275,0.155075128398409,-0.329259894132545,-0.911864006234327
"Yasuhikotakia_modesta_C_3_1_D_track.csv","Yasuhikotakia_modesta_C_3_1_D","Yasuhikotakia_modesta_C_3","Yasuhikotakia_modesta-C","Yasuhikotakia_modesta","C",91.7987217107943,-1.28676408065173,23.843628508885,0.13383413415995,711.39469398129,51.1553358926805,-0.535359640867334,-0.50284545092851,0.113448818005531
"Yasuhikotakia_modesta_C_3_2_D_track.csv","Yasuhikotakia_modesta_C_3_2_D","Yasuhikotakia_modesta_C_3","Yasuhikotakia_modesta-C","Yasuhikotakia_modesta","C",91.7987217107943,-1.28676408065173,23.5739318587475,0.206661444229184,804.935306531658,43.7777951757152,-0.556042022166812,0.250914591577378,0.57203562881239
"Yasuhikotakia_modesta_C_3_3_D_track.csv","Yasuhikotakia_modesta_C_3_3_D","Yasuhikotakia_modesta_C_3","Yasuhikotakia_modesta-C","Yasuhikotakia_modesta","C",91.7987217107943,-1.28676408065173,40.9331067180627,0.217192980462813,894.557360660122,44.5305049157351,0.610977461902022,0.334309403903597,0.921450705683311
"Yasuhikotakia_modesta_C_3_4_D_track.csv","Yasuhikotakia_modesta_C_3_4_D","Yasuhikotakia_modesta_C_3","Yasuhikotakia_modesta-C","Yasuhikotakia_modesta","C",91.7987217107943,-1.28676408065173,24.6641344670519,0.24261859898447,807.067538733999,42.4843314364022,-0.473081834217808,0.518015756494539,0.581249841932892
"Yasuhikotakia_modesta_C_4_1_D_track.csv","Yasuhikotakia_modesta_C_4_1_D","Yasuhikotakia_modesta_C_4","Yasuhikotakia_modesta-C","Yasuhikotakia_modesta","C",93.7392685947047,-1.36551113808554,30.2740856892691,0.132606688967835,664.829076105275,46.7067640993721,-0.0702415451207323,-0.519322446739247,-0.162949404270186
"Yasuhikotakia_modesta_C_4_2_D_track.csv","Yasuhikotakia_modesta_C_4_2_D","Yasuhikotakia_modesta_C_4","Yasuhikotakia_modesta-C","Yasuhikotakia_modesta","C",93.7392685947047,-1.36551113808554,30.8305287955632,0.185345144473786,786.378574136988,55.8818701547275,-0.0322133041367422,0.0662606626063259,0.489735004255147
"Yasuhikotakia_modesta_C_4_3_D_track.csv","Yasuhikotakia_modesta_C_4_3_D","Yasuhikotakia_modesta_C_4","Yasuhikotakia_modesta-C","Yasuhikotakia_modesta","C",93.7392685947047,-1.36551113808554,21.7035019769681,0.301937093616987,731.67414619736,43.7659431409045,-0.70254958062251,0.872863035641045,0.222824213495216
"Yasuhikotakia_modesta_C_4_4_D_track.csv","Yasuhikotakia_modesta_C_4_4_D","Yasuhikotakia_modesta_C_4","Yasuhikotakia_modesta-C","Yasuhikotakia_modesta","C",93.7392685947047,-1.36551113808554,16.5682392246669,0.287166760770467,696.660859500098,52.2289076312198,-1.13749740177805,0.792434788436221,0.0299894928140061
"Yasuhikotakia_modesta_C_4_5_D_track.csv","Yasuhikotakia_modesta_C_4_5_D","Yasuhikotakia_modesta_C_4","Yasuhikotakia_modesta-C","Yasuhikotakia_modesta","C",93.7392685947047,-1.36551113808554,20.1365931884192,0.186065132904958,532.609538310446,45.7044024460981,-0.829761471439672,0.0728845614737978,-1.21119575076647
"Yasuhikotakia_modesta_C_4_6_D_track.csv","Yasuhikotakia_modesta_C_4_6_D","Yasuhikotakia_modesta_C_4","Yasuhikotakia_modesta-C","Yasuhikotakia_modesta","C",93.7392685947047,-1.36551113808554,14.0916883090637,0.269930063665981,627.069046292656,48.0633031426196,-1.36919775203301,0.692405588671237,-0.417219821082236
"Yasuhikotakia_modesta_C_5_1_D_track.csv","Yasuhikotakia_modesta_C_5_1_D","Yasuhikotakia_modesta_C_5","Yasuhikotakia_modesta-C","Yasuhikotakia_modesta","C",93.4350843177189,-0.927600284317719,9.54957183999521,0.326639796487152,438.490458095923,38.308773811392,-1.84905668723193,0.99785592816289,-2.34252731291495
"Yasuhikotakia_modesta_C_5_2_D_track.csv","Yasuhikotakia_modesta_C_5_2_D","Yasuhikotakia_modesta_C_5","Yasuhikotakia_modesta-C","Yasuhikotakia_modesta","C",93.4350843177189,-0.927600284317719,8.40226815206849,0.471086723087881,496.815672290751,49.7144641281927,-1.98591287784739,1.56241529807301,-1.59093665565278
"Yasuhikotakia_modesta_C_5_3_D_track.csv","Yasuhikotakia_modesta_C_5_3_D","Yasuhikotakia_modesta_C_5","Yasuhikotakia_modesta-C","Yasuhikotakia_modesta","C",93.4350843177189,-0.927600284317719,17.6977816173477,0.190432139121054,764.831603033462,57.3462667327055,-1.03708706044804,0.112446255613201,0.389161786091716
"Yasuhikotakia_modesta_C_6_1_D_track.csv","Yasuhikotakia_modesta_C_6_1_D","Yasuhikotakia_modesta_C_6","Yasuhikotakia_modesta-C","Yasuhikotakia_modesta","C",89.7778690835031,4.25069929124236,16.3453628710328,0.234700552580243,558.76515880122,50.4446904869198,-1.15767345608866,0.463248596154945,-0.964471810367705
"Yasuhikotakia_modesta_C_7_1_D_track.csv","Yasuhikotakia_modesta_C_7_1_D","Yasuhikotakia_modesta_C_7","Yasuhikotakia_modesta-C","Yasuhikotakia_modesta","C",90.1315779226069,4.01897737678208,29.0374136933323,0.120114672176918,760.190894724249,39.943371309616,-0.155912607178897,-0.697580982692856,0.366754515319071
"Yasuhikotakia_modesta_C_7_2_D_track.csv","Yasuhikotakia_modesta_C_7_2_D","Yasuhikotakia_modesta_C_7","Yasuhikotakia_modesta-C","Yasuhikotakia_modesta","C",90.1315779226069,4.01897737678208,46.5984227244282,0.119047210267051,1012.20602367861,50.0630179549202,0.939968070702485,-0.713783622447911,1.28621200425543
"Yasuhikotakia_modesta_C_7_3_D_track.csv","Yasuhikotakia_modesta_C_7_3_D","Yasuhikotakia_modesta_C_7","Yasuhikotakia_modesta-C","Yasuhikotakia_modesta","C",90.1315779226069,4.01897737678208,50.1207410724328,0.107178406053223,742.415584147252,50.2388544461979,1.13538164155155,-0.90591227300008,0.278336604718594
"Yasuhikotakia_modesta_C_8_1_D_track.csv","Yasuhikotakia_modesta_C_8_1_D","Yasuhikotakia_modesta_C_8","Yasuhikotakia_modesta-C","Yasuhikotakia_modesta","C",88.1870508350306,4.54264843340122,28.2232870800859,0.121111948758857,689.898078709751,38.8356908569516,-0.213219154017223,-0.68259096994604,-0.00951165206129129
"Yasuhikotakia_modesta_C_8_2_D_track.csv","Yasuhikotakia_modesta_C_8_2_D","Yasuhikotakia_modesta_C_8","Yasuhikotakia_modesta-C","Yasuhikotakia_modesta","C",88.1870508350306,4.54264843340122,39.048508139494,0.203874862610613,992.820114496634,48.8607533709862,0.497003998781172,0.228038080059947,1.23205595989465
"Yasuhikotakia_modesta_C_8_3_D_track.csv","Yasuhikotakia_modesta_C_8_3_D","Yasuhikotakia_modesta_C_8","Yasuhikotakia_modesta-C","Yasuhikotakia_modesta","C",88.1870508350306,4.54264843340122,35.763365977944,0.146135741893868,762.88638105011,33.9139828203242,0.292175474021349,-0.346636335863032,0.379802629649862
"Yasuhikotakia_modesta_C_9_1_D_track.csv","Yasuhikotakia_modesta_C_9_1_D","Yasuhikotakia_modesta_C_9","Yasuhikotakia_modesta-C","Yasuhikotakia_modesta","C",89.2557302647658,4.41556246598778,10.7769191417997,0.535584757420989,694.926989815407,43.8899275418737,-1.71069441874291,1.75361693541302,0.0199353123467494
"Yasuhikotakia_modesta_C_9_2_D_track.csv","Yasuhikotakia_modesta_C_9_2_D","Yasuhikotakia_modesta_C_9","Yasuhikotakia_modesta-C","Yasuhikotakia_modesta","C",89.2557302647658,4.41556246598778,13.0581839823667,0.373654580865957,714.037090875442,70.2583039969684,-1.47132473082623,1.20848831154564,0.128052356200502
"Yasuhikotakia_modesta_P_1_1_D_track.csv","Yasuhikotakia_modesta_P_1_1_D","Yasuhikotakia_modesta_P_1","Yasuhikotakia_modesta-P","Yasuhikotakia_modesta","P",91.0794297352342,3.17718940936864,8.21644816765182,0.609139903125235,597.900527542811,67.0860662521846,-2.00885932257749,1.94201483521084,-0.635622309258964
"Yasuhikotakia_modesta_P_10_1_D_track.csv","Yasuhikotakia_modesta_P_10_1_D","Yasuhikotakia_modesta_P_10","Yasuhikotakia_modesta-P","Yasuhikotakia_modesta","P",90.8350305498982,2.52545824847251,17.5856783033991,0.175955990184597,743.746083278425,53.0673546873099,-1.0469196734302,-0.0228983136291873,0.285101099033284
"Yasuhikotakia_modesta_P_10_2_D_track.csv","Yasuhikotakia_modesta_P_10_2_D","Yasuhikotakia_modesta_P_10","Yasuhikotakia_modesta-P","Yasuhikotakia_modesta","P",90.8350305498982,2.52545824847251,22.1302902362659,0.139785753526387,667.562508536688,44.0471370386838,-0.668630181017143,-0.425317860256791,-0.145659360590535
"Yasuhikotakia_modesta_P_10_3_D_track.csv","Yasuhikotakia_modesta_P_10_3_D","Yasuhikotakia_modesta_P_10","Yasuhikotakia_modesta-P","Yasuhikotakia_modesta","P",90.8350305498982,2.52545824847251,14.9833198953908,0.154300118908118,521.892926271163,42.5141590588245,-1.28379520114623,-0.251004021566268,-1.3194265346898
"Yasuhikotakia_modesta_P_2_1_D_track.csv","Yasuhikotakia_modesta_P_2_1_D","Yasuhikotakia_modesta_P_2","Yasuhikotakia_modesta-P","Yasuhikotakia_modesta","P",90.5091649694501,2.68839103869654,8.8386416966547,0.785166784648829,672.848293793839,40.1869137735622,-1.93291565696959,2.30401261875251,-0.112623146865843
"Yasuhikotakia_modesta_P_3_1_D_track.csv","Yasuhikotakia_modesta_P_3_1_D","Yasuhikotakia_modesta_P_3","Yasuhikotakia_modesta-P","Yasuhikotakia_modesta","P",90.7535641547861,2.72912423625255,18.329494098041,0.144512447386448,549.926530392239,65.8312619084047,-0.982200316452137,-0.36637492278527,-1.04522056377053
"Yasuhikotakia_modesta_P_3_2_D_track.csv","Yasuhikotakia_modesta_P_3_2_D","Yasuhikotakia_modesta_P_3","Yasuhikotakia_modesta-P","Yasuhikotakia_modesta","P",90.7535641547861,2.72912423625255,16.6070052283539,0.247334394495543,691.844182733186,73.7225442927185,-1.13400069915244,0.549676397604372,0.0019346038506349
"Yasuhikotakia_modesta_P_3_3_D_track.csv","Yasuhikotakia_modesta_P_3_3_D","Yasuhikotakia_modesta_P_3","Yasuhikotakia_modesta-P","Yasuhikotakia_modesta","P",90.7535641547861,2.72912423625255,10.6766352950547,0.22545779712948,654.639580748369,43.5577566495965,-1.72172145004844,0.396596489898185,-0.228674291290585
"Yasuhikotakia_modesta_P_3_4_D_track.csv","Yasuhikotakia_modesta_P_3_4_D","Yasuhikotakia_modesta_P_3","Yasuhikotakia_modesta-P","Yasuhikotakia_modesta","P",90.7535641547861,2.72912423625255,10.737504260879,0.706201768787298,739.579066919927,65.7875539664469,-1.7150228235998,2.15439391228244,0.263833994490112
"Yasuhikotakia_modesta_P_4_1_D_track.csv","Yasuhikotakia_modesta_P_4_1_D","Yasuhikotakia_modesta_P_4","Yasuhikotakia_modesta-P","Yasuhikotakia_modesta","P",90.183299389002,4.72505091649695,23.2951705641553,0.195876489802502,1049.37111669164,58.1595850315203,-0.577532859701042,0.160346738486334,1.38444065080027
"Yasuhikotakia_modesta_P_4_2_D_track.csv","Yasuhikotakia_modesta_P_4_2_D","Yasuhikotakia_modesta_P_4","Yasuhikotakia_modesta-P","Yasuhikotakia_modesta","P",90.183299389002,4.72505091649695,15.6797602524781,0.227907534158156,650.529609457547,41.8588478210356,-1.21868411916986,0.414560900475601,-0.255767386086851
"Yasuhikotakia_modesta_P_5_1_D_track.csv","Yasuhikotakia_modesta_P_5_1_D","Yasuhikotakia_modesta_P_5","Yasuhikotakia_modesta-P","Yasuhikotakia_modesta","P",90.183299389002,4.76578411405295,43.8647048996189,0.207411518450274,1497.37522409181,41.0325132374152,0.783633382587156,0.257012449380964,2.18487919910325
"Yasuhikotakia_modesta_P_5_2_D_track.csv","Yasuhikotakia_modesta_P_5_2_D","Yasuhikotakia_modesta_P_5","Yasuhikotakia_modesta-P","Yasuhikotakia_modesta","P",90.183299389002,4.76578411405295,42.110211002824,0.152626712971459,706.180103945093,84.9410151963779,0.680956834901519,-0.270128907150682,0.0843090987984366
"Yasuhikotakia_modesta_P_5_3_D_track.csv","Yasuhikotakia_modesta_P_5_3_D","Yasuhikotakia_modesta_P_5","Yasuhikotakia_modesta-P","Yasuhikotakia_modesta","P",90.183299389002,4.76578411405295,46.5571229785958,0.348765276123142,2906.02337413922,48.4243541976618,0.93763773762819,1.1010024263738,3.09372670836566
"Yasuhikotakia_modesta_P_5_4_D_track.csv","Yasuhikotakia_modesta_P_5_4_D","Yasuhikotakia_modesta_P_5","Yasuhikotakia_modesta-P","Yasuhikotakia_modesta","P",90.183299389002,4.76578411405295,56.7092977359461,0.122460719514383,1231.83458429214,54.21281813064,1.48485577916618,-0.662539522457803,1.78071674035102
"Yasuhikotakia_modesta_P_6_1_D_track.csv","Yasuhikotakia_modesta_P_6_1_D","Yasuhikotakia_modesta_P_6","Yasuhikotakia_modesta-P","Yasuhikotakia_modesta","P",88.5539714867617,3.17718940936864,24.2006361432034,0.150360085452319,638.040716060429,33.7707040920105,-0.508144373098841,-0.296417350550172,-0.340236379853646
"Yasuhikotakia_modesta_P_6_2_D_track.csv","Yasuhikotakia_modesta_P_6_2_D","Yasuhikotakia_modesta_P_6","Yasuhikotakia_modesta-P","Yasuhikotakia_modesta","P",88.5539714867617,3.17718940936864,20.4788200472197,0.152521025771547,972.164660477094,40.3441035026774,-0.801603812568493,-0.271344775382066,1.17197676929818
"Yasuhikotakia_modesta_P_6_3_D_track.csv","Yasuhikotakia_modesta_P_6_3_D","Yasuhikotakia_modesta_P_6","Yasuhikotakia_modesta-P","Yasuhikotakia_modesta","P",88.5539714867617,3.17718940936864,17.1745285205972,0.184738143748484,702.997808693323,44.9870647506152,-1.08322790447479,0.0606534717298488,0.066313671642807
"Yasuhikotakia_modesta_P_6_4_D_track.csv","Yasuhikotakia_modesta_P_6_4_D","Yasuhikotakia_modesta_P_6","Yasuhikotakia_modesta-P","Yasuhikotakia_modesta","P",88.5539714867617,3.17718940936864,17.4801723722552,0.264294259887739,799.662120288401,72.1575643221208,-1.05619967637429,0.658113832347394,0.54903709754758
"Yasuhikotakia_modesta_P_7_1_D_track.csv","Yasuhikotakia_modesta_P_7_1_D","Yasuhikotakia_modesta_P_7","Yasuhikotakia_modesta-P","Yasuhikotakia_modesta","P",88.5539714867617,3.09572301425662,34.3767949228335,0.300123368655433,590.443489839157,44.7192685402967,0.203167509707512,0.863230657444688,-0.694921094634759
"Yasuhikotakia_modesta_P_7_2_D_track.csv","Yasuhikotakia_modesta_P_7_2_D","Yasuhikotakia_modesta_P_7","Yasuhikotakia_modesta-P","Yasuhikotakia_modesta","P",88.5539714867617,3.09572301425662,45.2983556197096,0.154764422700325,612.053513058926,39.9626093379563,0.866155460098902,-0.245739411495717,-0.527050536774039
"Yasuhikotakia_modesta_P_7_3_D_track.csv","Yasuhikotakia_modesta_P_7_3_D","Yasuhikotakia_modesta_P_7","Yasuhikotakia_modesta-P","Yasuhikotakia_modesta","P",88.5539714867617,3.09572301425662,29.7599695995377,0.306065832065533,616.006350737108,41.5507347977915,-0.105660366078581,0.894546766437649,-0.497618387344354
"Yasuhikotakia_modesta_P_7_4_D_track.csv","Yasuhikotakia_modesta_P_7_4_D","Yasuhikotakia_modesta_P_7","Yasuhikotakia_modesta-P","Yasuhikotakia_modesta","P",88.5539714867617,3.09572301425662,31.0951449557717,0.12937103404589,546.490860929685,46.9526723325319,-0.0142384704579091,-0.563602305314299,-1.07731342614351
"Yasuhikotakia_modesta_P_8_1_D_track.csv","Yasuhikotakia_modesta_P_8_1_D","Yasuhikotakia_modesta_P_8","Yasuhikotakia_modesta-P","Yasuhikotakia_modesta","P",88.4725050916497,2.76985743380855,38.8639553601231,0.111527378732005,849.310706175607,39.8244582771097,0.485709905265233,-0.832822547917271,0.754261471060488
"Yasuhikotakia_modesta_P_8_2_D_track.csv","Yasuhikotakia_modesta_P_8_2_D","Yasuhikotakia_modesta_P_8","Yasuhikotakia_modesta-P","Yasuhikotakia_modesta","P",88.4725050916497,2.76985743380855,31.6886607281953,0.116455095953006,546.767525295013,36.8373289898842,0.0258268352980786,-0.753826272432886,-1.07471415138328
"Yasuhikotakia_modesta_P_8_3_D_track.csv","Yasuhikotakia_modesta_P_8_3_D","Yasuhikotakia_modesta_P_8","Yasuhikotakia_modesta-P","Yasuhikotakia_modesta","P",88.4725050916497,2.76985743380855,31.585153342927,0.192590902882744,871.044397428266,39.0673809903681,0.0188642702747129,0.131623624981596,0.836736578855104
"Yasuhikotakia_modesta_P_8_4_D_track.csv","Yasuhikotakia_modesta_P_8_4_D","Yasuhikotakia_modesta_P_8","Yasuhikotakia_modesta-P","Yasuhikotakia_modesta","P",88.4725050916497,2.76985743380855,29.839196073029,0.107184250775625,625.859807345419,38.3167463009377,-0.100184226876561,-0.905811794611608,-0.425869655679022
"Yasuhikotakia_modesta_P_8_5_D_track.csv","Yasuhikotakia_modesta_P_8_5_D","Yasuhikotakia_modesta_P_8","Yasuhikotakia_modesta-P","Yasuhikotakia_modesta","P",88.4725050916497,2.76985743380855,33.3292553853999,0.323467654251236,2874.64934726458,46.137807111089,0.134836219069128,0.982418031752403,3.08318250225338
