Name, ,Image,CAA:Sc,CAA:Jc,CAA:St,CAA:Jt,CAA:Hc,CAA:Qc,CAA:Ht,CAA:Qt,CAA:Scpl,CAA:Qcpl,CAA:C,CAA:Sc Hrz,CAA:Sc Vrt,CAA:Jc Hrz,CAA:Jc Vrt,CAA:St Hrz,CAA:St Vrt,CAA:Jt Hrz,CAA:Jt Vrt,CAA:Hc Hrz,CAA:Hc Vrt,CAA:Qc Hrz,CAA:Qc Vrt,CAA:Ht Hrz,CAA:Ht Vrt,CAA:Qt Hrz,CAA:Qt Vrt,CAA:Scpl Hrz,CAA:Scpl Vrt,CAA:Qcpl Hrz,CAA:Qcpl Vrt,CAA:C Hrz,CAA:C Vrt,CAA:PT,CAA:PT Hrz,CAA:PT Vrt,CAA:Asp,VCA:ML,VCA:sL,VCA:CVL,VCA:MDmax,VCA:sDmax,VCA:CVDmax,VCA:MSsat,VCA:sSsat,VCA:CVSsat,VCA:MSL,VCA:sSL,VCA:CVSL,VCA:MS,VCA:sS,VCA:CVS,VCA:ML Hrz,VCA:sL Hrz,VCA:CVL Hrz,VCA:ML Vrt,VCA:sL Vrt,VCA:CVL Vrt,VCA:MDmax Hrz,VCA:sDmax Hrz,VCA:CVDmax Hrz,VCA:MDmax Vrt,VCA:sDmax Vrt,VCA:CVDmax Vrt,VCA:MSsat Hrz,VCA:sSsat Hrz,VCA:CVSsat Hrz,VCA:MSsat Vrt,VCA:sSsat Vrt,VCA:CVSsat Vrt,VCA:MSL Hrz,VCA:sSL Hrz,VCA:CVSL Hrz,VCA:MSL Vrt,VCA:sSL Vrt,VCA:CVSL Vrt,VCA:MS Hrz,VCA:sS Hrz,VCA:CVS Hrz,VCA:MS Vrt,VCA:sS Vrt,VCA:CVS Vrt,BSA:BML,BSA:BsL,BSA:BCVL,BSA:BMDmax,BSA:BsDmax,BSA:BCVDmax,BSA:BMSsat,BSA:BsSsat,BSA:BCVSsat,BSA:BMSL,BSA:BsSL,BSA:BCVSL,BSA:BMS,BSA:BsS,BSA:BCVS,BSA:BML Hrz,BSA:BsL Hrz,BSA:BCVL Hrz,BSA:BML Vrt,BSA:BsL Vrt,BSA:BCVL Vrt,BSA:BMDmax Hrz,BSA:BsDmax Hrz,BSA:BCVDmax Hrz,BSA:BMDmax Vrt,BSA:BsDmax Vrt,BSA:BCVDmax Vrt,BSA:BMSsat Hrz,BSA:BsSsat Hrz,BSA:BCVSsat Hrz,BSA:BMSsat Vrt,BSA:BsSsat Vrt,BSA:BCVSsat Vrt,BSA:BMSL Hrz,BSA:BsSL Hrz,BSA:BCVSL Hrz,BSA:BMSL Vrt,BSA:BsSL Vrt,BSA:BCVSL Vrt,BSA:BMS Hrz,BSA:BsS Hrz,BSA:BCVS Hrz,BSA:BMS Vrt,BSA:BsS Vrt,BSA:BCVS Vrt
Botia_lohachata_C_10,1,Botia_lohachata_C_10_Sony_A7_28_to_70mm_D65_to_Pike_Cichlid_Crenicichla_frenata_D65_Acuity8.08_Dist500_FishOutline_WeberFiltered_itr5_rad5_fall3_FishOutline,1.0,1.0,inf,,0.0,,0.0,,inf,,0.0,1.0,1.0,1.0,1.0,inf,inf,,,0.0,0.0,,,0.0,0.0,,,inf,inf,,,0.0,0.0,inf,inf,inf,,0.229805927,,,0.160148498,,,2.619870046,,,,,,,,,0.229805927,,,0.229805927,,,0.160148498,,,0.160148498,,,2.619870046,,,2.619870046,,,,,,,,,,,,,,,0.0,0.0,,0.0,0.0,,0.0,0.0,,0.0,0.0,,0.0,0.0,,0.0,0.0,,0.0,0.0,,0.0,0.0,,0.0,0.0,,0.0,0.0,,0.0,0.0,,0.0,0.0,,0.0,0.0,,0.0,0.0,,0.0,0.0,
Botia_lohachata_C_11,1,Botia_lohachata_C_11_Sony_A7_28_to_70mm_D65_to_Pike_Cichlid_Crenicichla_frenata_D65_Acuity8.08_Dist500_FishOutline_WeberFiltered_itr5_rad5_fall3_FishOutline,1.0,1.0,inf,,0.0,,0.0,,inf,,0.0,1.0,1.0,1.0,1.0,inf,inf,,,0.0,0.0,,,0.0,0.0,,,inf,inf,,,0.0,0.0,inf,inf,inf,,0.297645956,,,0.172745491,,,2.657321175,,,,,,,,,0.297645956,,,0.297645956,,,0.172745491,,,0.172745491,,,2.657321175,,,2.657321175,,,,,,,,,,,,,,,0.0,0.0,,0.0,0.0,,0.0,0.0,,0.0,0.0,,0.0,0.0,,0.0,0.0,,0.0,0.0,,0.0,0.0,,0.0,0.0,,0.0,0.0,,0.0,0.0,,0.0,0.0,,0.0,0.0,,0.0,0.0,,0.0,0.0,
Botia_lohachata_C_12,1,Botia_lohachata_C_12_Sony_A7_28_to_70mm_D65_to_Pike_Cichlid_Crenicichla_frenata_D65_Acuity8.08_Dist500_FishOutline_WeberFiltered_itr5_rad5_fall3_FishOutline,1.969643657,0.984821829,1.0,1.0,0.685421214,0.988853786,0.0,,0.992410914,,0.032155617,1.971013763,1.968205115,0.985506881,0.984102558,1.0,1.0,1.0,1.0,0.685775922,0.685048165,inf,inf,0.0,0.0,0.0,0.0,0.992753441,0.992051279,inf,inf,0.025507521,0.038889777,30.098765432,38.204123711,24.71369863,0.607206707,0.229897117,0.062428372,0.271549172,0.134430675,0.013110416,0.097525482,2.253263373,0.122657558,0.054435518,4.007057367,0.0,0.0,0.221869879,0.0,0.0,0.230159263,0.062384196,0.271047949,0.230418351,0.062338339,0.27054416,0.134485727,0.013101139,0.097416577,0.134540138,0.013091509,0.097305601,2.253778431,0.122570763,0.054384567,2.254287479,0.122480665,0.054332318,4.007057367,0.0,0.0,4.007057367,0.0,0.0,0.221869879,0.0,0.0,0.221869879,0.0,0.0,0.197714418,,,0.069985058,,,0.038924497,,,4.007057367,,,0.221869879,,,0.197714418,,,0.197714418,,,0.069985058,,,0.069985058,,,0.038924497,,,0.038924497,,,4.007057367,,,4.007057367,,,0.221869879,,,0.221869879,,
Botia_lohachata_C_13,1,Botia_lohachata_C_13_Sony_A7_28_to_70mm_D65_to_Pike_Cichlid_Crenicichla_frenata_D65_Acuity8.08_Dist500_FishOutline_WeberFiltered_itr5_rad5_fall3_FishOutline,1.0,1.0,inf,,0.0,,0.0,,inf,,0.0,1.0,1.0,1.0,1.0,inf,inf,,,0.0,0.0,,,0.0,0.0,,,inf,inf,,,0.0,0.0,inf,inf,inf,,0.221426207,,,0.15432522,,,2.358484909,,,,,,,,,0.221426207,,,0.221426207,,,0.15432522,,,0.15432522,,,2.358484909,,,2.358484909,,,,,,,,,,,,,,,0.0,0.0,,0.0,0.0,,0.0,0.0,,0.0,0.0,,0.0,0.0,,0.0,0.0,,0.0,0.0,,0.0,0.0,,0.0,0.0,,0.0,0.0,,0.0,0.0,,0.0,0.0,,0.0,0.0,,0.0,0.0,,0.0,0.0,
Botia_lohachata_C_14,1,Botia_lohachata_C_14_Sony_A7_28_to_70mm_D65_to_Pike_Cichlid_Crenicichla_frenata_D65_Acuity8.08_Dist500_FishOutline_WeberFiltered_itr5_rad5_fall3_FishOutline,2.83204243,0.944014143,2.990815952,0.996938651,1.067305903,0.9715037,1.097060524,0.998587523,0.970476397,0.985045611,0.079316617,2.841670117,2.822062219,0.947223372,0.940687406,2.900626133,2.942908807,0.966875378,0.980969602,1.069306663,1.065206443,0.97332487,0.969592689,1.08100978,1.088570536,0.983977506,0.990859602,0.957049375,0.960828504,0.978651188,0.980226146,0.085122798,0.073388473,11.607698608,10.747734139,12.626118068,0.459818692,0.220270186,0.070246436,0.31891032,0.149623555,0.007089745,0.047383883,2.368510824,0.06520329,0.027529235,4.272881873,1.853606021,0.433806989,0.138143489,0.02899193,0.209868235,0.221138012,0.070448416,0.318572168,0.221128328,0.070787503,0.320119561,0.149731726,0.007091418,0.047360828,0.149804708,0.007055035,0.047094881,2.369294191,0.064794922,0.027347774,2.370213962,0.064046726,0.027021496,4.267072721,1.852030025,0.434028231,4.27873794,1.855165773,0.433577798,0.138175396,0.029030314,0.210097561,0.138111325,0.028953132,0.20963619,0.202944166,0.084834835,0.418020566,0.031779829,0.014372106,0.452239889,0.018881522,0.012826031,0.6792901,4.139185918,1.791322862,0.432771781,0.136769431,0.029400939,0.214967179,0.21233148,0.087155938,0.410471112,0.191827168,0.079889074,0.416463814,0.030693248,0.013455134,0.438374408,0.03306662,0.015237941,0.460825475,0.01742911,0.013111065,0.752250942,0.020601551,0.012147711,0.589650291,4.337146224,1.840768059,0.424419184,3.904749922,1.686447016,0.431896293,0.134475703,0.027514731,0.204607454,0.139485797,0.031163072,0.223413943
Botia_lohachata_C_4,1,Botia_lohachata_C_4_Sony_A7_28_to_70mm_D65_to_Pike_Cichlid_Crenicichla_frenata_D65_Acuity8.08_Dist500_FishOutline_WeberFiltered_itr5_rad5_fall3_FishOutline,1.957078331,0.652359444,1.094074961,0.364691654,0.750100553,0.682770947,0.183581305,0.264851838,0.508525549,0.473811393,0.045552422,1.953868453,1.960307782,0.651289484,0.653435927,1.096359494,1.09178699,0.365453165,0.363928997,0.748941391,0.751264666,1.080494031,1.083845809,0.186768986,0.180357177,0.170004458,0.164168177,0.508371325,0.508682462,0.625249244,0.624006993,0.045359564,0.045747589,20.952729319,21.046067416,20.859075536,0.502231133,0.351017008,0.119841192,0.341411354,0.157580866,0.01167659,0.074099037,2.463769284,0.116655986,0.047348584,7.656011075,3.713556822,0.48505113,0.303911923,0.118403891,0.38959936,0.350389945,0.119293575,0.340459472,0.350861667,0.119564376,0.340773549,0.157525972,0.011612071,0.073715276,0.157569267,0.01164158,0.073882298,2.462974791,0.116378632,0.047251248,2.463505714,0.116564973,0.047316705,7.65203438,3.708996582,0.484707255,7.66003699,3.718161308,0.485397305,0.303790554,0.11826448,0.389296106,0.304034794,0.11854467,0.389904947,0.25790266,0.039047466,0.151403888,0.057106966,0.004021055,0.070412696,0.037934942,0.011644394,0.306956957,5.282728824,0.871192678,0.164913382,0.226563674,0.029803381,0.131545276,0.258042176,0.039477544,0.152988728,0.257762672,0.038610104,0.149789354,0.057121333,0.004065344,0.071170334,0.05709255,0.003976017,0.0696416,0.037893336,0.011772649,0.310678597,0.037976688,0.011513968,0.303185161,5.285841585,0.880788218,0.166631596,5.279605534,0.861434656,0.163162693,0.226670162,0.030131643,0.13293167,0.226456827,0.02946956,0.130133239
Botia_lohachata_C_5,1,Botia_lohachata_C_5_Sony_A7_28_to_70mm_D65_to_Pike_Cichlid_Crenicichla_frenata_D65_Acuity8.08_Dist500_FishOutline_WeberFiltered_itr5_rad5_fall3_FishOutline,1.077056704,0.359018901,1.767200093,0.589066698,0.183037121,0.166607568,0.696200923,0.63370939,0.4740428,0.400158479,0.005174154,1.078170601,1.075921915,0.3593902,0.358640638,2.147811726,1.492227979,0.715937242,0.497409326,0.184953526,0.18103148,0.168351954,0.261173219,0.855516681,0.511740073,0.778724842,0.465805889,0.537663721,0.428024982,0.473538398,0.363489554,0.004256385,0.00610687,192.268292683,233.941176471,162.75,0.589731233,0.338400193,0.059388689,0.17549839,0.163712415,0.00763067,0.04661021,2.584820822,0.061283718,0.023709078,12.24650927,2.883381808,0.235445199,0.431984502,0.138141643,0.319783794,0.339321261,0.056705116,0.167113359,0.339516752,0.056294209,0.165806867,0.163801991,0.007289032,0.044499045,0.163776146,0.007451292,0.045496806,2.585000397,0.058439838,0.022607284,2.584433354,0.058829505,0.022763019,12.243031025,2.887263861,0.235829171,12.250050739,2.879417339,0.235053503,0.431933651,0.13813701,0.319810716,0.432036278,0.138146331,0.319756321,0.403616549,0.151368878,0.375031397,0.056880062,0.06986232,1.228239165,0.049907377,0.035867558,0.718682486,8.715916748,3.508349386,0.402522131,0.379996915,0.11721646,0.308466873,0.383000525,0.17118246,0.44695098,0.418219565,0.153250102,0.366434558,0.07355342,0.076173142,1.035616587,0.045069767,0.070458883,1.56332919,0.057407899,0.038177381,0.665019657,0.044594506,0.037651402,0.844305831,8.274256116,4.024032046,0.48633158,9.028759695,3.502962835,0.3879783,0.407689179,0.127283348,0.312206833,0.360381562,0.118907849,0.329949868
Botia_lohachata_C_6,1,Botia_lohachata_C_6_Sony_A7_28_to_70mm_D65_to_Pike_Cichlid_Crenicichla_frenata_D65_Acuity8.08_Dist500_FishOutline_WeberFiltered_itr5_rad5_fall3_FishOutline,1.391853205,0.463951068,1.112600683,0.370866894,0.506292607,0.460847391,0.217453075,0.197934319,0.417408981,0.329390855,0.026759433,1.397396244,1.386197009,0.465798748,0.46206567,1.186604508,1.054350004,0.395534836,0.351450001,0.508613212,0.50383453,0.462959697,0.458609953,0.303803919,0.12924403,0.276534244,0.117642986,0.430666792,0.406757835,0.369746971,0.288126469,0.024106352,0.029446972,36.37,40.482843137,32.959349593,0.551220513,0.348671443,0.079650233,0.228439221,0.180118667,0.010436628,0.057943067,2.838238066,0.089515332,0.03153905,8.797333114,4.779842425,0.543328571,0.385515749,0.278795791,0.723176141,0.350647345,0.077347219,0.220584071,0.351136166,0.077384731,0.220383824,0.180338478,0.010071588,0.055848249,0.180339804,0.010296732,0.057096278,2.84019504,0.086471267,0.030445538,2.840289355,0.088130446,0.031028686,8.788818578,4.776184684,0.543438762,8.806005696,4.783541815,0.543213573,0.385173016,0.278631391,0.723392812,0.385864843,0.278962494,0.722953903,0.255618191,0.041890952,0.16388095,0.042500399,0.026969628,0.634573521,0.024031422,0.011130578,0.463167659,5.237410659,0.954771199,0.182298327,0.174724445,0.08924755,0.51079029,0.260172803,0.050873227,0.195536298,0.251841195,0.031885344,0.12660893,0.045630407,0.033422029,0.732450828,0.039904783,0.019542941,0.489739323,0.025311418,0.013751127,0.54327761,0.022969962,0.008129596,0.353922901,5.339140036,1.152942348,0.215941582,5.153049712,0.735978586,0.142823886,0.185019656,0.110373449,0.596549855,0.166186954,0.0650137,0.391208209
Botia_lohachata_C_7,1,Botia_lohachata_C_7_Sony_A7_28_to_70mm_D65_to_Pike_Cichlid_Crenicichla_frenata_D65_Acuity8.08_Dist500_FishOutline_WeberFiltered_itr5_rad5_fall3_FishOutline,1.0,1.0,inf,,0.0,,0.0,,inf,,0.0,1.0,1.0,1.0,1.0,inf,inf,,,0.0,0.0,,,0.0,0.0,,,inf,inf,,,0.0,0.0,inf,inf,inf,,0.150682114,,,0.159874637,,,2.683425594,,,,,,,,,0.150682114,,,0.150682114,,,0.159874637,,,0.159874637,,,2.683425594,,,2.683425594,,,,,,,,,,,,,,,0.0,0.0,,0.0,0.0,,0.0,0.0,,0.0,0.0,,0.0,0.0,,0.0,0.0,,0.0,0.0,,0.0,0.0,,0.0,0.0,,0.0,0.0,,0.0,0.0,,0.0,0.0,,0.0,0.0,,0.0,0.0,,0.0,0.0,
Botia_lohachata_C_8,1,Botia_lohachata_C_8_Sony_A7_28_to_70mm_D65_to_Pike_Cichlid_Crenicichla_frenata_D65_Acuity8.08_Dist500_t1_WeberFiltered_itr5_rad5_fall3_t1,2.707374379,0.676843595,2.130987828,0.355164638,1.089676808,0.786035664,0.853134255,0.530082117,0.516004116,0.65805889,0.055031447,2.706306119,2.708350427,0.67657653,0.677087607,2.173423684,2.096499182,0.362237281,0.34941653,1.087290723,1.092047574,0.67557171,0.678527308,0.88673398,0.813993243,0.639643358,0.587172008,0.519406905,0.513252069,0.657607534,0.632849658,0.047244519,0.062919509,17.171428571,20.166476625,14.893321769,0.575202299,0.329411236,0.108598408,0.329674267,0.150953151,0.015536925,0.102925476,2.489277227,0.192471958,0.077320419,5.583329846,2.698212641,0.483262267,0.298789691,0.119737669,0.400742301,0.329688075,0.108367746,0.328697802,0.33002874,0.108509083,0.328786768,0.150973323,0.015533466,0.102888814,0.151062193,0.01549748,0.102590063,2.489287156,0.192484415,0.077325115,2.490548692,0.192128197,0.07714292,5.580081166,2.695570575,0.483070137,5.586675767,2.700925643,0.483458456,0.298895309,0.119891973,0.401116944,0.298680912,0.119578407,0.400355036,0.194517561,0.026086785,0.134110178,0.063010736,0.008779849,0.139338938,0.046978476,0.011957558,0.254532702,3.943634184,0.565457237,0.14338481,0.258925378,0.052776518,0.203829065,0.194963668,0.028113429,0.144198298,0.194178241,0.024426149,0.125792409,0.062113984,0.008381854,0.134943102,0.063692828,0.008996382,0.141246383,0.046104646,0.011955118,0.259303975,0.047643133,0.011905855,0.249896564,3.953357629,0.607843034,0.153753617,3.936238294,0.53080769,0.134851513,0.256001457,0.048362792,0.18891608,0.261149384,0.055772692,0.213566241
Botia_lohachata_P_1,1,Botia_lohachata_P_1_Sony_A7_28_to_70mm_D65_to_Pike_Cichlid_Crenicichla_frenata_D65_Acuity8.08_Dist500_FishOutline_WeberFiltered_itr5_rad5_fall3_FishOutline,3.542649912,0.885662478,3.615769437,0.602628239,1.31758062,0.950433513,1.396423146,0.779358597,0.744145359,0.864896055,0.084290402,3.532715255,3.552470254,0.883178814,0.888117563,3.823060469,3.406153204,0.637176745,0.567692201,1.315684548,1.319445323,0.734297527,0.819817473,1.447563819,1.332387139,1.044196572,0.961114159,0.760177779,0.727904882,0.889247049,0.890465816,0.084002794,0.08458181,10.863746959,10.904365904,10.822873082,0.501875361,0.314620658,0.120957304,0.384454424,0.140653902,0.003464487,0.024631288,2.249536651,0.074266024,0.033013921,5.383531361,2.767107131,0.513994801,0.150163402,0.071226804,0.474328654,0.315905971,0.12116186,0.383537734,0.316297655,0.12176638,0.384974022,0.14067473,0.003485458,0.024776718,0.140684669,0.00350289,0.024898875,2.249186238,0.074237815,0.033006522,2.249625684,0.074617116,0.033168681,5.376579365,2.762979328,0.513891666,5.390579663,2.771262103,0.514093525,0.149993637,0.071172753,0.474505147,0.150335518,0.071281012,0.474146183,0.191603991,0.064871608,0.338571277,0.013140001,0.010748208,0.817976229,0.022153698,0.007111205,0.320994011,3.8981667,1.388905453,0.35629709,0.128420805,0.036386471,0.283337818,0.19528444,0.068542631,0.350988695,0.187900443,0.061936363,0.329623295,0.013085161,0.010837428,0.828222726,0.013195185,0.010877095,0.824323065,0.022394048,0.00767739,0.342831708,0.02191184,0.006614665,0.3018763,3.977049562,1.469693139,0.369543582,3.818788757,1.323503274,0.346576718,0.131049827,0.041469485,0.316440591,0.125775284,0.0307714,0.244653793
Botia_lohachata_P_10,1,Botia_lohachata_P_10_Sony_A7_28_to_70mm_D65_to_Pike_Cichlid_Crenicichla_frenata_D65_Acuity8.08_Dist500_FishOutline_WeberFiltered_itr5_rad5_fall3_FishOutline,1.54631517,0.773157585,1.0,1.0,0.538270471,0.77656014,0.0,,0.886578792,,0.023442967,1.54805467,1.544530931,0.774027335,0.772265466,1.0,1.0,1.0,1.0,0.539083871,0.537433694,inf,inf,0.0,0.0,0.0,0.0,0.887013668,0.886132733,inf,inf,0.016396612,0.030564784,41.656716418,59.988207547,31.717391304,0.654138987,0.395763016,0.126995568,0.320887912,0.158260169,0.000517608,0.003270617,2.578091126,0.011066603,0.004292557,4.782154004,0.0,0.0,0.038535421,0.0,0.0,0.395008472,0.126316702,0.319782261,0.394719676,0.126053514,0.319349456,0.158257094,0.000514841,0.003253197,0.158255917,0.000513769,0.003246443,2.578156879,0.011007446,0.004269502,2.578182045,0.010984511,0.004260564,4.782154004,0.0,0.0,4.782154004,0.0,0.0,0.038535421,0.0,0.0,0.038535421,0.0,0.0,0.234652758,,,0.002729735,,,0.00359477,,,4.782154004,,,0.038535421,,,0.234652758,,,0.234652758,,,0.002729735,,,0.002729735,,,0.00359477,,,0.00359477,,,4.782154004,,,4.782154004,,,0.038535421,,,0.038535421,,
Botia_lohachata_P_11,1,Botia_lohachata_P_11_Sony_A7_28_to_70mm_D65_to_Pike_Cichlid_Crenicichla_frenata_D65_Acuity8.08_Dist500_FishOutline_WeberFiltered_itr5_rad5_fall3_FishOutline,1.720048388,0.860024194,1.0,1.0,0.609402998,0.879182683,0.0,,0.930012097,,0.028735095,1.726604466,1.71330887,0.863302233,0.856654435,1.0,1.0,1.0,1.0,0.611741564,0.606976107,inf,inf,0.0,0.0,0.0,0.0,0.931651116,0.928327217,inf,inf,0.024124948,0.033400762,33.800650936,40.450867052,28.93943662,0.582946967,0.478390307,0.164337469,0.343521737,0.184458277,0.001402814,0.007605046,2.89680693,0.033037306,0.011404732,6.033096184,0.0,0.0,0.053727982,0.0,0.0,0.480041538,0.163344309,0.340271196,0.481443916,0.162469703,0.337463404,0.184472372,0.001394336,0.007558508,0.184484343,0.00138687,0.007517549,2.897138883,0.032837647,0.011334509,2.897420807,0.032661822,0.011272723,6.033096184,0.0,0.0,6.033096184,0.0,0.0,0.053727982,0.0,0.0,0.053727982,0.0,0.0,0.292826258,,,0.005839309,,,0.008766626,,,6.033096184,,,0.053727982,,,0.292826258,,,0.292826258,,,0.005839309,,,0.005839309,,,0.008766626,,,0.008766626,,,6.033096184,,,6.033096184,,,0.053727982,,,0.053727982,,
Botia_lohachata_P_12,1,Botia_lohachata_P_12_Sony_A7_28_to_70mm_D65_to_Pike_Cichlid_Crenicichla_frenata_D65_Acuity8.08_Dist500_FishOutline_WeberFiltered_itr5_rad5_fall3_FishOutline,1.808355924,0.602785308,2.391246303,0.797082101,0.793044699,0.721860394,0.95417806,0.8685303,0.699933704,0.795195347,0.036713141,1.806508989,1.810221954,0.602169663,0.603407318,2.337630174,2.443105756,0.779210058,0.814368585,0.792233018,0.793862679,0.72112157,0.722604951,0.938347672,0.968903334,0.854120859,0.881933821,0.69068986,0.708887952,0.787621214,0.802269386,0.0367669,0.036658855,26.238203267,26.198376916,26.278538813,0.499236218,0.298513684,0.155754789,0.521767668,0.196848056,0.002615471,0.013286752,3.275836526,0.016583806,0.005062464,6.716843142,2.853259285,0.42479171,0.057680136,0.012749073,0.221030569,0.2960565,0.154915607,0.523263655,0.296229667,0.15498024,0.523175959,0.196779361,0.002572121,0.013071092,0.19678412,0.002575226,0.013086555,3.275359359,0.016077282,0.004908555,3.275392135,0.016113056,0.004919428,6.717748663,2.853417691,0.424758031,6.715928841,2.853098897,0.424825659,0.057687549,0.012740289,0.220849888,0.057672652,0.01275793,0.221212829,0.253481776,0.080494826,0.31755666,0.008424275,0.006332442,0.751689868,0.004825499,0.001673969,0.346900614,5.215509702,1.82254172,0.349446521,0.050442452,0.016822498,0.333498822,0.251810824,0.077988969,0.309712538,0.255174092,0.08290413,0.324892426,0.008531835,0.006312265,0.739848506,0.00831534,0.006350027,0.763652102,0.004873756,0.001646444,0.337818228,0.004776625,0.001699298,0.355752791,5.177718023,1.765785066,0.341035386,5.253784562,1.87711387,0.357287941,0.050657349,0.016705659,0.329777597,0.050224807,0.016935841,0.337200731
Botia_lohachata_P_13,1,Botia_lohachata_P_13_Sony_A7_28_to_70mm_D65_to_Pike_Cichlid_Crenicichla_frenata_D65_Acuity8.08_Dist500_FishOutline_WeberFiltered_itr5_rad5_fall3_FishOutline,1.328088472,0.664044236,1.0,1.0,0.412797046,0.595540252,0.0,,0.832022118,,0.020125014,1.330041838,1.326088508,0.665020919,0.663044254,1.0,1.0,1.0,1.0,0.414179455,0.411375495,inf,inf,0.0,0.0,0.0,0.0,0.832510459,0.831522127,inf,inf,0.01570568,0.024612248,48.68940754,62.671232877,39.630177515,0.612613576,0.369494807,0.155283904,0.420260043,0.163591479,0.010567537,0.064597108,2.729082867,0.139699841,0.0511893,6.681388108,0.0,0.0,0.286773038,0.0,0.0,0.367948412,0.1531117,0.416122736,0.367464131,0.152418619,0.414785026,0.163486243,0.010419712,0.063734485,0.163453286,0.010372545,0.063458775,2.727691665,0.137745636,0.050498976,2.727255986,0.137122112,0.050278416,6.681388108,0.0,0.0,6.681388108,0.0,0.0,0.286773038,0.0,0.0,0.286773038,0.0,0.0,0.322172565,,,0.061194012,,,0.048927358,,,6.681388108,,,0.286773038,,,0.322172565,,,0.322172565,,,0.061194012,,,0.061194012,,,0.048927358,,,0.048927358,,,6.681388108,,,6.681388108,,,0.286773038,,,0.286773038,,
Botia_lohachata_P_14,1,Botia_lohachata_P_14_Sony_A7_28_to_70mm_D65_to_Pike_Cichlid_Crenicichla_frenata_D65_Acuity8.08_Dist500_FishOutline_WeberFiltered_itr5_rad5_fall3_FishOutline,2.9595123,0.739878075,2.119251366,0.353208561,1.133202462,0.817432786,0.909203899,0.564920145,0.546543318,0.691176466,0.066685399,2.953252275,2.965741886,0.738313069,0.741435472,2.197193667,2.038800499,0.366198944,0.339800083,1.131035787,1.135360968,0.702752047,0.705439433,0.948019821,0.864438678,0.683851747,0.623560697,0.552256007,0.540617777,0.693301897,0.664500065,0.067421991,0.065936142,13.995786517,13.831955923,14.166189112,0.494031155,0.389757317,0.188134934,0.482697633,0.175225642,0.010724335,0.061203,2.875283181,0.146757872,0.051041189,7.049249391,3.616831971,0.513080439,0.391219105,0.403068749,1.030289021,0.390469649,0.189049808,0.484160057,0.391734743,0.189636593,0.484094392,0.17529773,0.010534555,0.060095219,0.175295892,0.010762424,0.061395759,2.876465483,0.144328834,0.050175757,2.876398196,0.147391739,0.051241771,7.042325355,3.613235648,0.513074228,7.056281265,3.620462577,0.513083654,0.390825239,0.402820926,1.030693223,0.391619106,0.403319751,1.029877617,0.24150978,0.074658389,0.309131948,0.024646559,0.031799509,1.290221076,0.018543724,0.027483878,1.482112127,4.957161132,1.649601391,0.332771388,0.124151912,0.133681213,1.076755168,0.244235959,0.07707426,0.315572942,0.238674242,0.071922811,0.301342995,0.025794578,0.034306989,1.330007763,0.023452487,0.028901608,1.23234723,0.019653147,0.029321232,1.491935765,0.017389797,0.025368108,1.458792697,5.017521587,1.706823467,0.340172621,4.89437934,1.584851669,0.323810551,0.129531717,0.142499453,1.100112444,0.118556298,0.123534509,1.041990273
Botia_lohachata_P_15,1,Botia_lohachata_P_15_Sony_A7_28_to_70mm_D65_to_Pike_Cichlid_Crenicichla_frenata_D65_Acuity8.08_Dist500_FishOutline_WeberFiltered_itr5_rad5_fall3_FishOutline,2.70670255,0.676675637,2.123026419,0.353837737,1.065872236,0.768864294,0.862842525,0.622409316,0.515256687,0.695636805,0.060081845,2.704191715,2.709272075,0.676047929,0.677318019,2.066099443,2.157596157,0.344349907,0.359599359,1.063777306,1.067992966,0.767353122,0.770394078,0.843230135,0.869458196,0.608261967,0.627181514,0.510198918,0.518458689,0.687807544,0.698787796,0.051100281,0.06920078,15.643962848,18.569364162,13.450704225,0.579928935,0.438729639,0.161703778,0.368572723,0.152103888,0.013023964,0.085625452,2.535289755,0.184814543,0.072896813,6.293781094,3.138091323,0.498601918,0.295193107,0.185442496,0.628207404,0.438468985,0.161540034,0.368418382,0.438483495,0.161648397,0.368653321,0.152094783,0.012994326,0.08543571,0.152084438,0.013018807,0.08560249,2.535155851,0.184566352,0.072802763,2.53504734,0.184673644,0.072848203,6.291990907,3.136092079,0.498426035,6.295634007,3.140157842,0.498783417,0.295131745,0.185438668,0.628325046,0.295256619,0.185446429,0.628085595,0.207675255,0.042655948,0.205397353,0.048265208,0.027458512,0.568909003,0.038456053,0.033683147,0.875886759,4.222705841,0.926362988,0.219376633,0.221857332,0.167520103,0.755080308,0.2049293,0.036353344,0.177394566,0.209733978,0.046687038,0.222601213,0.046546185,0.026524749,0.569858711,0.04955401,0.028046269,0.565973754,0.036277417,0.032894439,0.906746984,0.040089439,0.034141191,0.851625559,4.162938108,0.784255225,0.188389835,4.267515452,1.016933402,0.238296361,0.211107424,0.163425386,0.774133766,0.229916851,0.16993186,0.739101374
Botia_lohachata_P_2,1,Botia_lohachata_P_2_Sony_A7_28_to_70mm_D65_to_Pike_Cichlid_Crenicichla_frenata_D65_Acuity8.08_Dist500_FishOutline_WeberFiltered_itr5_rad5_fall3_FishOutline,1.025952572,0.512976286,1.0,1.0,0.068557058,0.098906927,0.0,,0.756488143,,0.001426349,1.024706922,1.027217867,0.512353461,0.513608933,1.0,1.0,1.0,1.0,0.065902386,0.07122055,inf,inf,0.0,0.0,0.0,0.0,0.75617673,0.756804467,inf,inf,0.001972894,0.000871232,700.090909091,505.869565217,1146.8,0.306092383,0.338653884,0.041126618,0.121441449,0.157869176,0.006195276,0.039243099,2.605051191,0.024674035,0.009471612,12.79333827,0.0,0.0,0.472177356,0.0,0.0,0.339113671,0.038344291,0.113072088,0.338811388,0.040196384,0.118639413,0.157938438,0.005776148,0.036572151,0.157892902,0.006055146,0.038349704,2.605327042,0.023004769,0.008829897,2.605145686,0.024115938,0.00925704,12.79333827,0.0,0.0,12.79333827,0.0,0.0,0.472177356,0.0,0.0,0.472177356,0.0,0.0,0.564672715,,,0.133049525,,,0.029243752,,,12.79333827,,,0.472177356,,,0.564672715,,,0.564672715,,,0.133049525,,,0.133049525,,,0.029243752,,,0.029243752,,,12.79333827,,,12.79333827,,,0.472177356,,,0.472177356,,
Botia_lohachata_P_3,1,Botia_lohachata_P_3_Sony_A7_28_to_70mm_D65_to_Pike_Cichlid_Crenicichla_frenata_D65_Acuity8.08_Dist500_FishOutline_WeberFiltered_itr5_rad5_fall3_FishOutline,2.026176702,0.675392234,1.105445435,0.368481812,0.752409823,0.684872936,0.199148423,0.287310443,0.521937023,0.486091689,0.03253057,2.021001026,2.031491584,0.673667009,0.677163861,1.202992843,1.035978067,0.400997614,0.345326022,0.748432769,0.756413996,1.079760244,1.09127472,0.309477287,0.088854273,0.281698366,0.080878644,0.537332312,0.511244942,0.680729305,0.586076682,0.027854895,0.037288136,29.740315638,34.900332226,25.818181818,0.574788971,0.387190546,0.102241745,0.26406054,0.150911344,0.010857394,0.071945513,2.43140453,0.141322702,0.058123895,7.072788913,4.123968071,0.583075237,0.334905855,0.159931823,0.47754263,0.387675938,0.101375388,0.261495176,0.387425007,0.102306668,0.264068312,0.150985769,0.010666143,0.070643369,0.15093371,0.010865707,0.071989927,2.432031893,0.140277976,0.057679332,2.431732508,0.141409924,0.058151924,7.067486727,4.121193928,0.583120151,7.078236826,4.126805873,0.58302738,0.334687978,0.159796718,0.477449831,0.33512972,0.160070058,0.477636117,0.205678114,0.061611885,0.299554889,0.053558185,0.021106144,0.39407877,0.045097544,0.002258087,0.050071174,4.184947729,1.356904518,0.32423452,0.228595672,0.043088055,0.18849025,0.214217854,0.081946064,0.382536106,0.199187048,0.03717602,0.18663874,0.056483611,0.028071945,0.496992738,0.051334566,0.012735245,0.248083221,0.045410527,0.003003338,0.066137493,0.044859645,0.001362508,0.030372688,4.373022038,1.804732725,0.41269692,4.041992257,0.818743159,0.202559309,0.23456791,0.057308692,0.244315995,0.224056168,0.025998919,0.116037506
Botia_lohachata_P_4,1,Botia_lohachata_P_4_Sony_A7_28_to_70mm_D65_to_Pike_Cichlid_Crenicichla_frenata_D65_Acuity8.08_Dist500_FishOutline_WeberFiltered_itr5_rad5_fall3_FishOutline,1.487411987,0.495803996,1.17466747,0.391555823,0.540157121,0.4916722,0.280940062,0.405310835,0.443679909,0.448491518,0.022768524,1.488698441,1.486094074,0.496232814,0.495364691,1.203333179,1.157546647,0.40111106,0.385848882,0.54121976,0.53906451,0.780815064,0.777705695,0.309806105,0.262463655,0.28199767,0.238904714,0.448671937,0.440606787,0.531406367,0.508305204,0.017077698,0.02853458,42.92028136,57.555900621,34.04519774,0.628331992,0.338718175,0.126708883,0.374083509,0.135219094,0.005017301,0.037104973,2.397647661,0.052332061,0.021826418,8.039510813,3.056886884,0.380232946,0.098805075,0.051025854,0.51642948,0.33805205,0.125507594,0.37126707,0.337946087,0.125288941,0.370736475,0.135185528,0.004981162,0.036846857,0.135179889,0.004974859,0.036801772,2.397340891,0.051895494,0.021647107,2.397290792,0.051817508,0.021615028,8.041049036,3.059275483,0.38045726,8.037933875,3.054435021,0.380002507,0.098824674,0.051033257,0.516401977,0.098784983,0.051018251,0.516457556,0.312253739,0.037129347,0.118907614,0.034539228,0.011491429,0.332706597,0.020821476,0.004430649,0.21279225,6.466808962,0.849200945,0.131316844,0.119203818,0.029106983,0.244178273,0.313435831,0.039580379,0.126279049,0.311536915,0.035522547,0.114023557,0.034173374,0.012250017,0.3584667,0.034761083,0.010994129,0.316276938,0.020680417,0.004723131,0.228386625,0.020907014,0.004238909,0.202750569,6.493845096,0.905259528,0.139402698,6.450414169,0.812451149,0.125953331,0.118277135,0.031028431,0.262336684,0.119765762,0.027847356,0.232515169
Botia_lohachata_P_6,1,Botia_lohachata_P_6_Sony_A7_28_to_70mm_D65_to_Pike_Cichlid_Crenicichla_frenata_D65_Acuity8.08_Dist500_FishOutline_WeberFiltered_itr5_rad5_fall3_FishOutline,2.866419064,0.955473021,2.220334818,0.740111606,1.075098437,0.97859677,0.89058203,0.810642698,0.847792314,0.894619734,0.041213736,2.864449938,2.868339668,0.954816646,0.956113223,2.160334841,2.252714645,0.720111614,0.750904882,1.074801689,1.075385478,0.978326658,0.978858046,0.850807423,0.911048668,0.774438291,0.829272235,0.83746413,0.853509052,0.876382475,0.90406514,0.032683993,0.049840135,23.263754963,29.59601707,19.064150943,0.608218555,0.316405758,0.107401674,0.339442854,0.152676279,0.008830778,0.057839884,2.495883198,0.109120638,0.04372025,4.384412265,1.903646012,0.434184994,0.152864003,0.068294203,0.446764454,0.316737334,0.107934933,0.340771109,0.317482648,0.108130376,0.340586727,0.152658703,0.008853503,0.057995404,0.152711633,0.008851253,0.057960565,2.495868742,0.109545371,0.043890678,2.496573709,0.109603055,0.043901389,4.383634608,1.903714836,0.434277718,4.385212936,1.903574652,0.434089445,0.152919596,0.068232992,0.446201755,0.152806764,0.068357096,0.447343393,0.168303694,0.050073688,0.29751984,0.030954544,0.020345486,0.657269759,0.023144221,0.009816016,0.424123842,3.406151693,1.060514169,0.311352595,0.129592686,0.055060105,0.424870468,0.164976316,0.042213375,0.255875362,0.170510436,0.054499082,0.319623145,0.029680093,0.020418426,0.687950224,0.03179977,0.020230656,0.636188748,0.022394043,0.009413715,0.420366935,0.023641744,0.010027646,0.424150013,3.335415054,0.893766501,0.267962603,3.453064766,1.154353472,0.334298239,0.12564704,0.053932168,0.429235486,0.132209468,0.055564277,0.420274565
Botia_lohachata_P_7,1,Botia_lohachata_P_7_Sony_A7_28_to_70mm_D65_to_Pike_Cichlid_Crenicichla_frenata_D65_Acuity8.08_Dist500_FishOutline_WeberFiltered_itr5_rad5_fall3_FishOutline,2.035882043,0.678627348,1.05262522,0.350875073,0.752729585,0.685163995,0.119298942,0.172111992,0.514751211,0.428637994,0.045767817,2.032171406,2.039665721,0.677390469,0.679888574,1.08827245,1.028674791,0.362757483,0.342891597,0.75032463,0.755170626,1.082489622,1.089480918,0.175341126,0.074248086,0.159602371,0.06758352,0.520073976,0.511390085,0.621045997,0.578532219,0.037155474,0.054480103,20.849414389,25.913934426,17.355325165,0.598899419,0.227729535,0.058380012,0.256356786,0.148265238,0.003361345,0.022671158,2.402455333,0.076577849,0.031874827,6.319110639,3.356519507,0.531169606,0.269636316,0.171189306,0.634889648,0.227872174,0.05818064,0.255321387,0.228017082,0.05846731,0.25641636,0.148279281,0.003317061,0.022370358,0.14824802,0.003368901,0.022724759,2.402287178,0.076378121,0.031793918,2.402069507,0.076681145,0.03192295,6.314410779,3.35252342,0.530932107,6.323952152,3.360620757,0.531411478,0.269482207,0.171096306,0.634907617,0.269795069,0.171284838,0.634870158,0.197213092,0.030728499,0.155813689,0.015654572,0.009584112,0.612224492,0.025103801,0.001015852,0.040466055,3.99920423,0.661467651,0.165399818,0.137456416,0.051974788,0.378118312,0.199507402,0.039140381,0.196185107,0.195630212,0.022945227,0.117288771,0.016370159,0.012207749,0.745731842,0.015160877,0.007156537,0.472039748,0.025027953,0.00129394,0.051699782,0.025156129,0.000758545,0.030153487,4.048591994,0.842543448,0.208107769,3.965130863,0.493923419,0.124566739,0.141337057,0.06620281,0.468403766,0.134779102,0.038810008,0.287952713
Botia_lohachata_P_8,1,Botia_lohachata_P_8_Sony_A7_28_to_70mm_D65_to_Pike_Cichlid_Crenicichla_frenata_D65_Acuity8.08_Dist500_FishOutline_WeberFiltered_itr5_rad5_fall3_FishOutline,2.603092602,0.650773151,1.930525674,0.321754279,1.068223144,0.770560116,0.774152078,0.481007731,0.486263715,0.625783924,0.061222334,2.607086884,2.598823565,0.651771721,0.649705891,1.968664033,1.9014609,0.328110672,0.31691015,1.068405165,1.06794432,0.663837453,0.770358987,0.804676159,0.745643776,0.580451152,0.537868289,0.489941197,0.483308021,0.622144303,0.654113638,0.052858118,0.069693265,15.333908542,17.91857001,13.348588863,0.573079572,0.332490253,0.098150369,0.295197734,0.126824299,0.004275468,0.033711741,2.105676222,0.042171669,0.020027613,6.577205925,3.942750527,0.599456756,0.159104578,0.139391714,0.87610121,0.33315009,0.097825827,0.293638903,0.333921549,0.0980342,0.293584528,0.126854743,0.004253148,0.033527699,0.12688172,0.00427855,0.033720775,2.105848612,0.041923531,0.019908141,2.106490276,0.041940878,0.019910312,6.56976632,3.935623362,0.599050738,6.584876796,3.950066217,0.599869419,0.158977023,0.139320964,0.876359122,0.159236099,0.139464462,0.875834454,0.183676674,0.026293921,0.143153296,0.019662428,0.003307044,0.168191006,0.012380503,0.004507363,0.364069467,3.718639813,0.566213943,0.152263723,0.06474677,0.039577446,0.611265171,0.184849768,0.029891031,0.161704457,0.182775601,0.023861717,0.13055198,0.019799217,0.003716192,0.187693883,0.019557358,0.003045881,0.155740939,0.012657375,0.005456313,0.431077731,0.012167833,0.003712843,0.305135936,3.743842812,0.645396135,0.172388684,3.699280987,0.512071283,0.138424544,0.067414466,0.049010878,0.727008333,0.062697671,0.031196315,0.497567355
Botia_lohachata_P_9,1,Botia_lohachata_P_9_Sony_A7_28_to_70mm_D65_to_Pike_Cichlid_Crenicichla_frenata_D65_Acuity8.08_Dist500_FishOutline_WeberFiltered_itr5_rad5_fall3_FishOutline,1.723699124,0.574566375,1.079648423,0.359882808,0.672788392,0.612398386,0.18333282,0.166876724,0.467224591,0.389637555,0.044858061,1.727003132,1.720332748,0.575667711,0.573444249,1.101858324,1.05540964,0.367286108,0.351803213,0.672760908,0.672775593,0.612373368,0.612386735,0.222881509,0.13353379,0.202875493,0.121547693,0.471476909,0.462623731,0.407624431,0.366967214,0.047086991,0.042599083,21.292537313,20.237288136,22.474683544,0.473808334,0.351860499,0.091304781,0.25949142,0.15932323,0.003827776,0.024025222,2.517874534,0.027129129,0.010774615,7.592811274,3.963971967,0.522069076,0.164429728,0.121156596,0.736829022,0.354031866,0.089946843,0.254064257,0.354350512,0.090149675,0.254408198,0.159408622,0.003760419,0.023589807,0.159413679,0.003795561,0.023809507,2.518455584,0.026732791,0.010614756,2.518688426,0.026612147,0.010565875,7.586955197,3.960972579,0.522076706,7.598718475,3.966982105,0.52205936,0.164337774,0.121122724,0.737035203,0.164522485,0.121190647,0.736620571,0.235067328,0.041789888,0.177778378,0.017838199,0.005041421,0.282619393,0.009717598,0.001015028,0.104452541,4.800274452,0.968353926,0.201728867,0.071002699,0.04228198,0.595498212,0.237256781,0.050497739,0.212840025,0.232614586,0.028793229,0.123780839,0.018094982,0.005975574,0.330233793,0.017550538,0.003694841,0.21052577,0.009689843,0.001219724,0.12587654,0.00974869,0.000717693,0.073619385,4.851262351,1.176140028,0.242439997,4.743155097,0.655184268,0.138132584,0.072912463,0.047926836,0.657320222,0.068863279,0.034703326,0.503945309
Yasuhikotakia_modesta_C_10,1,Yasuhikotakia_modesta_C_10_Sony_A7_28_to_70mm_D65_to_Pike_Cichlid_Crenicichla_frenata_D65_Acuity8.08_Dist500_FishOutline_WeberFiltered_itr5_rad5_fall3_FishOutline,1.0,1.0,inf,,0.0,,0.0,,inf,,0.0,1.0,1.0,1.0,1.0,inf,inf,,,0.0,0.0,,,0.0,0.0,,,inf,inf,,,0.0,0.0,inf,inf,inf,,0.22260113,,,0.075593315,,,1.023976345,,,,,,,,,0.22260113,,,0.22260113,,,0.075593315,,,0.075593315,,,1.023976345,,,1.023976345,,,,,,,,,,,,,,,0.0,0.0,,0.0,0.0,,0.0,0.0,,0.0,0.0,,0.0,0.0,,0.0,0.0,,0.0,0.0,,0.0,0.0,,0.0,0.0,,0.0,0.0,,0.0,0.0,,0.0,0.0,,0.0,0.0,,0.0,0.0,,0.0,0.0,
Yasuhikotakia_modesta_C_6,1,Yasuhikotakia_modesta_C_6_Sony_A7_28_to_70mm_D65_to_Pike_Cichlid_Crenicichla_frenata_D65_Acuity8.08_Dist500_FishOutline_WeberFiltered_itr5_rad5_fall3_FishOutline,1.0,1.0,inf,,0.0,,0.0,,inf,,0.0,1.0,1.0,1.0,1.0,inf,inf,,,0.0,0.0,,,0.0,0.0,,,inf,inf,,,0.0,0.0,inf,inf,inf,,0.121601875,,,0.186473693,,,2.858028378,,,,,,,,,0.121601875,,,0.121601875,,,0.186473693,,,0.186473693,,,2.858028378,,,2.858028378,,,,,,,,,,,,,,,0.0,0.0,,0.0,0.0,,0.0,0.0,,0.0,0.0,,0.0,0.0,,0.0,0.0,,0.0,0.0,,0.0,0.0,,0.0,0.0,,0.0,0.0,,0.0,0.0,,0.0,0.0,,0.0,0.0,,0.0,0.0,,0.0,0.0,
Yasuhikotakia_modesta_C_7,1,Yasuhikotakia_modesta_C_7_Sony_A7_28_to_70mm_D65_to_Pike_Cichlid_Crenicichla_frenata_D65_Acuity8.08_Dist500_FishOutline_WeberFiltered_itr5_rad5_fall3_FishOutline,1.0,1.0,inf,,0.0,,0.0,,inf,,0.0,1.0,1.0,1.0,1.0,inf,inf,,,0.0,0.0,,,0.0,0.0,,,inf,inf,,,0.0,0.0,inf,inf,inf,,0.421290199,,,0.084243011,,,1.122793908,,,,,,,,,0.421290199,,,0.421290199,,,0.084243011,,,0.084243011,,,1.122793908,,,1.122793908,,,,,,,,,,,,,,,0.0,0.0,,0.0,0.0,,0.0,0.0,,0.0,0.0,,0.0,0.0,,0.0,0.0,,0.0,0.0,,0.0,0.0,,0.0,0.0,,0.0,0.0,,0.0,0.0,,0.0,0.0,,0.0,0.0,,0.0,0.0,,0.0,0.0,
Yasuhikotakia_modesta_C_8,1,Yasuhikotakia_modesta_C_8_Sony_A7_28_to_70mm_D65_to_Pike_Cichlid_Crenicichla_frenata_D65_Acuity8.08_Dist500_FishOutline_WeberFiltered_itr5_rad5_fall3_FishOutline,1.0,1.0,inf,,0.0,,0.0,,inf,,0.0,1.0,1.0,1.0,1.0,inf,inf,,,0.0,0.0,,,0.0,0.0,,,inf,inf,,,0.0,0.0,inf,inf,inf,,0.329514106,,,0.071573742,,,0.946767388,,,,,,,,,0.329514106,,,0.329514106,,,0.071573742,,,0.071573742,,,0.946767388,,,0.946767388,,,,,,,,,,,,,,,0.0,0.0,,0.0,0.0,,0.0,0.0,,0.0,0.0,,0.0,0.0,,0.0,0.0,,0.0,0.0,,0.0,0.0,,0.0,0.0,,0.0,0.0,,0.0,0.0,,0.0,0.0,,0.0,0.0,,0.0,0.0,,0.0,0.0,
Yasuhikotakia_modesta_C_9,1,Yasuhikotakia_modesta_C_9_Sony_A7_28_to_70mm_D65_to_Pike_Cichlid_Crenicichla_frenata_D65_Acuity8.08_Dist500_FishOutline_WeberFiltered_itr5_rad5_fall3_FishOutline,1.981416133,0.990708066,1.0,1.0,0.688450281,0.993223806,0.0,,0.995354033,,0.018663365,1.981319395,1.981515022,0.990659697,0.990757511,1.0,1.0,1.0,1.0,0.688425561,0.688475547,inf,inf,0.0,0.0,0.0,0.0,0.995329849,0.995378756,inf,inf,0.012429446,0.02497114,52.580906149,79.45410628,39.04622871,0.670496892,0.178785599,0.045792662,0.256131713,0.106944222,0.005093371,0.047626428,1.479737024,0.133038739,0.089907015,3.614922259,0.0,0.0,0.23445974,0.0,0.0,0.178806864,0.045795606,0.256117717,0.178823604,0.045797909,0.256106622,0.106941857,0.005093699,0.047630543,0.106939995,0.005093955,0.047633768,1.479675245,0.133047292,0.089916549,1.479626609,0.133053984,0.089924028,3.614922259,0.0,0.0,3.614922259,0.0,0.0,0.23445974,0.0,0.0,0.23445974,0.0,0.0,0.178803224,,,0.033951343,,,0.064281203,,,3.614922259,,,0.23445974,,,0.178803224,,,0.178803224,,,0.033951343,,,0.033951343,,,0.064281203,,,0.064281203,,,3.614922259,,,3.614922259,,,0.23445974,,,0.23445974,,
Yasuhikotakia_modesta_P_11,1,Yasuhikotakia_modesta_P_11_Sony_A7_28_to_70mm_D65_to_Pike_Cichlid_Crenicichla_frenata_D65_Acuity8.08_Dist500_FishOutline_WeberFiltered_itr5_rad5_fall3_FishOutline,1.748465468,0.874232734,1.0,1.0,0.619384801,0.893583381,0.0,,0.937116367,,0.008648575,1.751285617,1.745577895,0.875642809,0.872788948,1.0,1.0,1.0,1.0,0.620353876,0.618388604,inf,inf,0.0,0.0,0.0,0.0,0.937821404,0.936394474,inf,inf,0.004804764,0.012541118,114.625984252,207.126760563,78.737704918,0.724562811,0.182841329,0.050526106,0.276338541,0.098396223,0.010309819,0.104778601,1.319101707,0.176260189,0.133621379,4.659927252,0.0,0.0,0.28905869,0.0,0.0,0.182913715,0.050484578,0.276002149,0.183103417,0.050374597,0.275115547,0.098410993,0.010301345,0.10467677,0.098449702,0.010278903,0.104407662,1.319354224,0.176115319,0.133486001,1.320016,0.175731648,0.133128423,4.659927252,0.0,0.0,4.659927252,0.0,0.0,0.28905869,0.0,0.0,0.28905869,0.0,0.0,0.228869701,,,0.082390203,,,0.105971265,,,4.659927252,,,0.28905869,,,0.228869701,,,0.228869701,,,0.082390203,,,0.082390203,,,0.105971265,,,0.105971265,,,4.659927252,,,4.659927252,,,0.28905869,,,0.28905869,,
Yasuhikotakia_modesta_P_12,1,Yasuhikotakia_modesta_P_12_Sony_A7_28_to_70mm_D65_to_Pike_Cichlid_Crenicichla_frenata_D65_Acuity8.08_Dist500_FishOutline_WeberFiltered_itr5_rad5_fall3_FishOutline,1.0,1.0,inf,,0.0,,0.0,,inf,,0.0,1.0,1.0,1.0,1.0,inf,inf,,,0.0,0.0,,,0.0,0.0,,,inf,inf,,,0.0,0.0,inf,inf,inf,,0.313435972,,,0.088130911,,,1.323070815,,,,,,,,,0.313435972,,,0.313435972,,,0.088130911,,,0.088130911,,,1.323070815,,,1.323070815,,,,,,,,,,,,,,,0.0,0.0,,0.0,0.0,,0.0,0.0,,0.0,0.0,,0.0,0.0,,0.0,0.0,,0.0,0.0,,0.0,0.0,,0.0,0.0,,0.0,0.0,,0.0,0.0,,0.0,0.0,,0.0,0.0,,0.0,0.0,,0.0,0.0,
Yasuhikotakia_modesta_P_13,1,Yasuhikotakia_modesta_P_13_Sony_A7_28_to_70mm_D65_to_Pike_Cichlid_Crenicichla_frenata_D65_Acuity8.08_Dist500_FishOutline_WeberFiltered_itr5_rad5_fall3_FishOutline,1.0,1.0,inf,,0.0,,0.0,,inf,,0.0,1.0,1.0,1.0,1.0,inf,inf,,,0.0,0.0,,,0.0,0.0,,,inf,inf,,,0.0,0.0,inf,inf,inf,,0.1920611,,,0.042383204,,,0.713502035,,,,,,,,,0.1920611,,,0.1920611,,,0.042383204,,,0.042383204,,,0.713502035,,,0.713502035,,,,,,,,,,,,,,,0.0,0.0,,0.0,0.0,,0.0,0.0,,0.0,0.0,,0.0,0.0,,0.0,0.0,,0.0,0.0,,0.0,0.0,,0.0,0.0,,0.0,0.0,,0.0,0.0,,0.0,0.0,,0.0,0.0,,0.0,0.0,,0.0,0.0,
Yasuhikotakia_modesta_P_14,1,Yasuhikotakia_modesta_P_14_Sony_A7_28_to_70mm_D65_to_Pike_Cichlid_Crenicichla_frenata_D65_Acuity8.08_Dist500_FishOutline_WeberFiltered_itr5_rad5_fall3_FishOutline,1.0,1.0,inf,,0.0,,0.0,,inf,,0.0,1.0,1.0,1.0,1.0,inf,inf,,,0.0,0.0,,,0.0,0.0,,,inf,inf,,,0.0,0.0,inf,inf,inf,,0.354545168,,,0.097081098,,,1.395427928,,,,,,,,,0.354545168,,,0.354545168,,,0.097081098,,,0.097081098,,,1.395427928,,,1.395427928,,,,,,,,,,,,,,,0.0,0.0,,0.0,0.0,,0.0,0.0,,0.0,0.0,,0.0,0.0,,0.0,0.0,,0.0,0.0,,0.0,0.0,,0.0,0.0,,0.0,0.0,,0.0,0.0,,0.0,0.0,,0.0,0.0,,0.0,0.0,,0.0,0.0,
Yasuhikotakia_modesta_P_15,1,Yasuhikotakia_modesta_P_15_Sony_A7_28_to_70mm_D65_to_Pike_Cichlid_Crenicichla_frenata_D65_Acuity8.08_Dist500_FishOutline_WeberFiltered_itr5_rad5_fall3_FishOutline,1.0,1.0,inf,,0.0,,0.0,,inf,,0.0,1.0,1.0,1.0,1.0,inf,inf,,,0.0,0.0,,,0.0,0.0,,,inf,inf,,,0.0,0.0,inf,inf,inf,,0.324629883,,,0.022794294,,,0.29823017,,,,,,,,,0.324629883,,,0.324629883,,,0.022794294,,,0.022794294,,,0.29823017,,,0.29823017,,,,,,,,,,,,,,,0.0,0.0,,0.0,0.0,,0.0,0.0,,0.0,0.0,,0.0,0.0,,0.0,0.0,,0.0,0.0,,0.0,0.0,,0.0,0.0,,0.0,0.0,,0.0,0.0,,0.0,0.0,,0.0,0.0,,0.0,0.0,,0.0,0.0,
Yasuhikotakia_modesta_P_16,1,Yasuhikotakia_modesta_P_16_Sony_A7_28_to_70mm_D65_to_Pike_Cichlid_Crenicichla_frenata_D65_Acuity8.08_Dist500_FishOutline_WeberFiltered_itr5_rad5_fall3_FishOutline,1.876111032,0.938055516,1.0,1.0,0.65975635,0.951827214,0.0,,0.969027758,,0.01928544,1.877547567,1.87464002,0.938773784,0.93732001,1.0,1.0,1.0,1.0,0.660173458,0.659328443,inf,inf,0.0,0.0,0.0,0.0,0.969386892,0.968660005,inf,inf,0.015835837,0.022776461,50.852589641,62.147909968,42.904977376,0.591586881,0.243265844,0.057556779,0.236600331,0.110388873,0.036554325,0.331141389,1.58017925,0.635120275,0.401929259,3.650990684,0.0,0.0,0.951284252,0.0,0.0,0.243512764,0.057465675,0.235986296,0.243647861,0.05741487,0.235646928,0.110232054,0.036496465,0.331087586,0.110146254,0.036464198,0.331052549,1.577454564,0.634114973,0.401986205,1.57596382,0.633554354,0.402010722,3.650990684,0.0,0.0,3.650990684,0.0,0.0,0.951284252,0.0,0.0,0.951284252,0.0,0.0,0.180548424,,,0.228041789,,,0.273463989,,,3.650990684,,,0.951284252,,,0.180548424,,,0.180548424,,,0.228041789,,,0.228041789,,,0.273463989,,,0.273463989,,,3.650990684,,,3.650990684,,,0.951284252,,,0.951284252,,
Yasuhikotakia_modesta_P_17,1,Yasuhikotakia_modesta_P_17_Sony_A7_28_to_70mm_D65_to_Pike_Cichlid_Crenicichla_frenata_D65_Acuity8.08_Dist500_FishOutline_WeberFiltered_itr5_rad5_fall3_FishOutline,1.872697603,0.936348802,1.0,1.0,0.658762184,0.950392936,0.0,,0.968174401,,0.019883931,1.876204838,1.869059387,0.938102419,0.934529693,1.0,1.0,1.0,1.0,0.65978361,0.657697793,inf,inf,0.0,0.0,0.0,0.0,0.969051209,0.967264847,inf,inf,0.013614017,0.026233484,49.291866029,72.453703704,37.119221411,0.661237287,0.298890416,0.055649844,0.186188118,0.063696624,0.004811554,0.075538596,0.869026742,0.099887525,0.114941831,2.835373974,0.0,0.0,0.165254501,0.0,0.0,0.299121861,0.055563879,0.185756664,0.299439518,0.05544253,0.185154351,0.063676613,0.004804121,0.07544561,0.063649148,0.004793629,0.075313324,0.868611315,0.099733224,0.114819163,0.868041143,0.099515411,0.114643656,2.835373974,0.0,0.0,2.835373974,0.0,0.0,0.165254501,0.0,0.0,0.165254501,0.0,0.0,0.1408265,,,0.054428525,,,0.082233672,,,2.835373974,,,0.165254501,,,0.1408265,,,0.1408265,,,0.054428525,,,0.054428525,,,0.082233672,,,0.082233672,,,2.835373974,,,2.835373974,,,0.165254501,,,0.165254501,,
Yasuhikotakia_modesta_P_18,1,Yasuhikotakia_modesta_P_18_Sony_A7_28_to_70mm_D65_to_Pike_Cichlid_Crenicichla_frenata_D65_Acuity8.08_Dist500_FishOutline_WeberFiltered_itr5_rad5_fall3_FishOutline,1.0,1.0,inf,,0.0,,0.0,,inf,,0.0,1.0,1.0,1.0,1.0,inf,inf,,,0.0,0.0,,,0.0,0.0,,,inf,inf,,,0.0,0.0,inf,inf,inf,,0.323932047,,,0.099206035,,,1.403524848,,,,,,,,,0.323932047,,,0.323932047,,,0.099206035,,,0.099206035,,,1.403524848,,,1.403524848,,,,,,,,,,,,,,,0.0,0.0,,0.0,0.0,,0.0,0.0,,0.0,0.0,,0.0,0.0,,0.0,0.0,,0.0,0.0,,0.0,0.0,,0.0,0.0,,0.0,0.0,,0.0,0.0,,0.0,0.0,,0.0,0.0,,0.0,0.0,,0.0,0.0,
Yasuhikotakia_modesta_P_19,1,Yasuhikotakia_modesta_P_19_Sony_A7_28_to_70mm_D65_to_Pike_Cichlid_Crenicichla_frenata_D65_Acuity8.08_Dist500_FishOutline_WeberFiltered_itr5_rad5_fall3_FishOutline,1.0,1.0,inf,,0.0,,0.0,,inf,,0.0,1.0,1.0,1.0,1.0,inf,inf,,,0.0,0.0,,,0.0,0.0,,,inf,inf,,,0.0,0.0,inf,inf,inf,,0.510096525,,,0.093511638,,,1.403827158,,,,,,,,,0.510096525,,,0.510096525,,,0.093511638,,,0.093511638,,,1.403827158,,,1.403827158,,,,,,,,,,,,,,,0.0,0.0,,0.0,0.0,,0.0,0.0,,0.0,0.0,,0.0,0.0,,0.0,0.0,,0.0,0.0,,0.0,0.0,,0.0,0.0,,0.0,0.0,,0.0,0.0,,0.0,0.0,,0.0,0.0,,0.0,0.0,,0.0,0.0,
Yasuhikotakia_modesta_P_20,1,Yasuhikotakia_modesta_P_20_Sony_A7_28_to_70mm_D65_to_Pike_Cichlid_Crenicichla_frenata_D65_Acuity8.08_Dist500_FishOutline_WeberFiltered_itr5_rad5_fall3_FishOutline,1.0,1.0,inf,,0.0,,0.0,,inf,,0.0,1.0,1.0,1.0,1.0,inf,inf,,,0.0,0.0,,,0.0,0.0,,,inf,inf,,,0.0,0.0,inf,inf,inf,,0.191421506,,,0.089465274,,,1.296480864,,,,,,,,,0.191421506,,,0.191421506,,,0.089465274,,,0.089465274,,,1.296480864,,,1.296480864,,,,,,,,,,,,,,,0.0,0.0,,0.0,0.0,,0.0,0.0,,0.0,0.0,,0.0,0.0,,0.0,0.0,,0.0,0.0,,0.0,0.0,,0.0,0.0,,0.0,0.0,,0.0,0.0,,0.0,0.0,,0.0,0.0,,0.0,0.0,,0.0,0.0,
Yasuhikotakia_modesta_P_21,1,Yasuhikotakia_modesta_P_21_Sony_A7_28_to_70mm_D65_to_Pike_Cichlid_Crenicichla_frenata_D65_Acuity8.08_Dist500_FishOutline_WeberFiltered_itr5_rad5_fall3_FishOutline,1.0,1.0,inf,,0.0,,0.0,,inf,,0.0,1.0,1.0,1.0,1.0,inf,inf,,,0.0,0.0,,,0.0,0.0,,,inf,inf,,,0.0,0.0,inf,inf,inf,,0.307932468,,,0.014181201,,,0.244643526,,,,,,,,,0.307932468,,,0.307932468,,,0.014181201,,,0.014181201,,,0.244643526,,,0.244643526,,,,,,,,,,,,,,,0.0,0.0,,0.0,0.0,,0.0,0.0,,0.0,0.0,,0.0,0.0,,0.0,0.0,,0.0,0.0,,0.0,0.0,,0.0,0.0,,0.0,0.0,,0.0,0.0,,0.0,0.0,,0.0,0.0,,0.0,0.0,,0.0,0.0,
Yasuhikotakia_modesta_P_22,1,Yasuhikotakia_modesta_P_22_Sony_A7_28_to_70mm_D65_to_Pike_Cichlid_Crenicichla_frenata_D65_Acuity8.08_Dist500_FishOutline_WeberFiltered_itr5_rad5_fall3_FishOutline,1.0,1.0,inf,,0.0,,0.0,,inf,,0.0,1.0,1.0,1.0,1.0,inf,inf,,,0.0,0.0,,,0.0,0.0,,,inf,inf,,,0.0,0.0,inf,inf,inf,,0.179698752,,,0.170917878,,,2.698113554,,,,,,,,,0.179698752,,,0.179698752,,,0.170917878,,,0.170917878,,,2.698113554,,,2.698113554,,,,,,,,,,,,,,,0.0,0.0,,0.0,0.0,,0.0,0.0,,0.0,0.0,,0.0,0.0,,0.0,0.0,,0.0,0.0,,0.0,0.0,,0.0,0.0,,0.0,0.0,,0.0,0.0,,0.0,0.0,,0.0,0.0,,0.0,0.0,,0.0,0.0,
Yasuhikotakia_modesta_P_23,1,Yasuhikotakia_modesta_P_23_Sony_A7_28_to_70mm_D65_to_Pike_Cichlid_Crenicichla_frenata_D65_Acuity8.08_Dist500_FishOutline_WeberFiltered_itr5_rad5_fall3_FishOutline,1.0,1.0,inf,,0.0,,0.0,,inf,,0.0,1.0,1.0,1.0,1.0,inf,inf,,,0.0,0.0,,,0.0,0.0,,,inf,inf,,,0.0,0.0,inf,inf,inf,,0.154097226,,,0.070623017,,,1.073525488,,,,,,,,,0.154097226,,,0.154097226,,,0.070623017,,,0.070623017,,,1.073525488,,,1.073525488,,,,,,,,,,,,,,,0.0,0.0,,0.0,0.0,,0.0,0.0,,0.0,0.0,,0.0,0.0,,0.0,0.0,,0.0,0.0,,0.0,0.0,,0.0,0.0,,0.0,0.0,,0.0,0.0,,0.0,0.0,,0.0,0.0,,0.0,0.0,,0.0,0.0,
Yasuhikotakia_modesta_P_24,1,Yasuhikotakia_modesta_P_24_Sony_A7_28_to_70mm_D65_to_Pike_Cichlid_Crenicichla_frenata_D65_Acuity8.08_Dist500_FishOutline_WeberFiltered_itr5_rad5_fall3_FishOutline,1.999865481,0.99993274,1.0,1.0,0.693113548,0.999951479,0.0,,0.99996637,,0.012973916,1.999894099,1.999832802,0.999947049,0.999916401,1.0,1.0,1.0,1.0,0.693120704,0.693105377,inf,inf,0.0,0.0,0.0,0.0,0.999973525,0.999958201,inf,inf,0.009054435,0.016936147,76.077731092,109.443113772,58.045307443,0.653436894,0.128755118,0.036099709,0.280374946,0.125533068,0.018500264,0.14737363,1.907393165,0.21524532,0.112847903,4.024206997,0.0,0.0,0.325628315,0.0,0.0,0.128760419,0.036099655,0.280362985,0.12880807,0.036099102,0.280254971,0.125535785,0.018500236,0.147370221,0.125560205,0.018499953,0.147339301,1.907424774,0.215244999,0.112845865,1.907708898,0.2152417,0.112827329,4.024206997,0.0,0.0,4.024206997,0.0,0.0,0.325628315,0.0,0.0,0.325628315,0.0,0.0,0.19853824,,,0.104288326,,,0.079842551,,,4.024206997,,,0.325628315,,,0.19853824,,,0.19853824,,,0.104288326,,,0.104288326,,,0.079842551,,,0.079842551,,,4.024206997,,,4.024206997,,,0.325628315,,,0.325628315,,
Yasuhikotakia_modesta_P_25,1,Yasuhikotakia_modesta_P_25_Sony_A7_28_to_70mm_D65_to_Pike_Cichlid_Crenicichla_frenata_D65_Acuity8.08_Dist500_FishOutline_WeberFiltered_itr5_rad5_fall3_FishOutline,1.918625569,0.959312785,1.0,1.0,0.671788235,0.969185555,0.0,,0.979656392,,0.016504018,1.921096226,1.916079704,0.960548113,0.958039852,1.0,1.0,1.0,1.0,0.672468108,0.6710855,inf,inf,0.0,0.0,0.0,0.0,0.980274056,0.979019926,inf,inf,0.013139729,0.019900976,59.591304348,75.105072464,49.248792271,0.603962512,0.376525742,0.116282293,0.308829597,0.046289329,0.002608552,0.056353197,0.555537476,0.059242117,0.10663928,4.744285166,0.0,0.0,0.175810225,0.0,0.0,0.37708121,0.116122484,0.307950865,0.377636016,0.115957334,0.30706111,0.046276868,0.002604967,0.056290904,0.046264422,0.002601262,0.056225968,0.555254483,0.059160699,0.106547,0.554971826,0.05907656,0.106449657,4.744285166,0.0,0.0,4.744285166,0.0,0.0,0.175810225,0.0,0.0,0.175810225,0.0,0.0,0.23286278,,,0.040315065,,,0.075755458,,,4.744285166,,,0.175810225,,,0.23286278,,,0.23286278,,,0.040315065,,,0.040315065,,,0.075755458,,,0.075755458,,,4.744285166,,,4.744285166,,,0.175810225,,,0.175810225,,
Yasuhikotakia_modesta_P_26,1,Yasuhikotakia_modesta_P_26_Sony_A7_28_to_70mm_D65_to_Pike_Cichlid_Crenicichla_frenata_D65_Acuity8.08_Dist500_FishOutline_WeberFiltered_itr5_rad5_fall3_FishOutline,1.472994595,0.736497297,1.0,1.0,0.501685069,0.723778561,0.0,,0.868248649,,0.01047231,1.47920735,1.46665364,0.739603675,0.73332682,1.0,1.0,1.0,1.0,0.504970964,0.498293095,inf,inf,0.0,0.0,0.0,0.0,0.869801838,0.86666341,inf,inf,0.00582163,0.015176349,94.489913545,170.773195876,64.892,0.72464326,0.296957673,0.133276414,0.448806097,0.21916234,0.029598919,0.135054769,3.413848381,0.411960694,0.120673401,6.608818551,0.0,0.0,0.732591873,0.0,0.0,0.29643677,0.132736522,0.447773471,0.295308832,0.131545735,0.445451407,0.219046654,0.029479016,0.13457871,0.218796155,0.029214558,0.133524095,3.412238256,0.410291872,0.120241273,3.408751773,0.406611121,0.119284462,6.608818551,0.0,0.0,6.608818551,0.0,0.0,0.732591873,0.0,0.0,0.732591873,0.0,0.0,0.318916914,,,0.110472759,,,0.099397601,,,6.608818551,,,0.732591873,,,0.318916914,,,0.318916914,,,0.110472759,,,0.110472759,,,0.099397601,,,0.099397601,,,6.608818551,,,6.608818551,,,0.732591873,,,0.732591873,,
Yasuhikotakia_modesta_P_27,1,Yasuhikotakia_modesta_P_27_Sony_A7_28_to_70mm_D65_to_Pike_Cichlid_Crenicichla_frenata_D65_Acuity8.08_Dist500_FishOutline_WeberFiltered_itr5_rad5_fall3_FishOutline,1.954703597,0.977351798,1.0,1.0,0.681515497,0.983219028,0.0,,0.988675899,,0.017998135,1.95391856,1.955497375,0.97695928,0.977748688,1.0,1.0,1.0,1.0,0.681308329,0.681724773,inf,inf,0.0,0.0,0.0,0.0,0.98847964,0.988874344,inf,inf,0.014400494,0.021638524,54.561312608,68.442060086,45.213872832,0.602186426,0.365710011,0.105648872,0.28888701,0.111646763,0.024667898,0.220945929,1.633343618,0.375549718,0.229926951,4.062454952,0.0,0.0,0.537819332,0.0,0.0,0.365637125,0.105632904,0.288900924,0.365842327,0.105677597,0.288861045,0.111629745,0.024664169,0.220946213,0.111677657,0.024674605,0.220944864,1.633084531,0.375492957,0.229928671,1.63381396,0.375651827,0.229923257,4.062454952,0.0,0.0,4.062454952,0.0,0.0,0.537819332,0.0,0.0,0.537819332,0.0,0.0,0.200374557,,,0.154360114,,,0.160480889,,,4.062454952,,,0.537819332,,,0.200374557,,,0.200374557,,,0.154360114,,,0.154360114,,,0.160480889,,,0.160480889,,,4.062454952,,,4.062454952,,,0.537819332,,,0.537819332,,
Yasuhikotakia_modesta_P_28,1,Yasuhikotakia_modesta_P_28_Sony_A7_28_to_70mm_D65_to_Pike_Cichlid_Crenicichla_frenata_D65_Acuity8.08_Dist500_FishOutline_WeberFiltered_itr5_rad5_fall3_FishOutline,1.941580131,0.970790066,1.0,1.0,0.678026399,0.978185324,0.0,,0.985395033,,0.009932771,1.942158904,1.940987292,0.971079452,0.970493646,1.0,1.0,1.0,1.0,0.678181445,0.677867473,inf,inf,0.0,0.0,0.0,0.0,0.985539726,0.985246823,inf,inf,0.005331187,0.014581111,99.676844784,186.575471698,67.581881533,0.734094329,0.358219026,0.159546344,0.44538769,0.185895715,0.026532815,0.142729565,2.95326373,0.399629576,0.135317944,6.259009129,0.0,0.0,0.575682175,0.0,0.0,0.357927589,0.159474683,0.445550127,0.357722475,0.159423589,0.445662769,0.185847249,0.026520897,0.142702662,0.185813138,0.0265124,0.14268313,2.952533743,0.399450078,0.135290606,2.952019977,0.399322099,0.135270798,6.259009129,0.0,0.0,6.259009129,0.0,0.0,0.575682175,0.0,0.0,0.575682175,0.0,0.0,0.303118853,,,0.100663391,,,0.095521068,,,6.259009129,,,0.575682175,,,0.303118853,,,0.303118853,,,0.100663391,,,0.100663391,,,0.095521068,,,0.095521068,,,6.259009129,,,6.259009129,,,0.575682175,,,0.575682175,,
