Name, ,ClusterID_Particle#,X,Y,XM,YM,Perim.,Major,Minor,Angle,Circ.,Feret,FeretX,FeretY,FeretAngle,MinFeret,AR,Round,Solidity,Area (px)
Botia_lohachata_C_10,1,1_1,104.104712911,47.184201792,104.104712911,47.184201792,1171.269119346,231.157173808,66.383762789,172.112036499,0.110396575,332.284516642,0,0,166.423785752,78.0,3.482134246,0.287180197,0.612305035,12052
Botia_lohachata_C_10,2,1_2,278.548480084,22.599580713,278.548480084,22.599580713,577.788888605,97.280060206,49.945303204,168.736784718,0.143641476,168.240898714,167,0,158.008870083,63.0,1.947731898,0.513417684,0.528312336,3816
Botia_lohachata_C_10,3,1_3,178.543062201,34.543062201,178.543062201,34.543062201,66.183766184,28.561257158,9.31706414,18.918488398,0.599588364,27.856776554,165,40,21.037511025,10.49975301,3.065478216,0.326213377,0.876310273,209
Botia_lohachata_C_10,4,1_4,239.365030675,38.843558282,239.365030675,38.843558282,51.69848481,21.165762411,9.805365938,0.25430552,0.766375899,21.213203436,229,37,171.869897646,10.0,2.15858975,0.463265426,0.903047091,163
Botia_lohachata_C_10,5,2_1,175.185286012,29.981414264,175.185286012,29.981414264,1478.867099092,296.783075139,63.82434274,177.961995891,0.085480476,332.284516642,0,0,166.423785752,78.0,4.649998142,0.215053849,0.590497738,14877
Botia_lohachata_C_10,6,2_2,31.078947368,55.850877193,31.078947368,55.850877193,38.627416998,14.419163839,10.066416453,12.229227144,0.960115275,15.231546212,24,58,23.198590514,10.0,1.432402872,0.698127614,0.94214876,114
Botia_lohachata_C_10,7,3_1,162.449125469,38.881558981,162.449125469,38.881558981,836.426406871,362.283683575,88.009662386,179.86893295,0.449804094,332.284516642,0,0,166.423785752,78.0,4.11640806,0.242930241,0.993966817,25042
Botia_lohachata_C_11,1,1_1,55.002170767,9.670767004,55.002170767,9.670767004,400.610173055,119.259038425,22.131870348,3.065242605,0.162317453,142.337626789,0,48,19.707978843,47.453842755,5.388565745,0.185578138,0.437065149,2073
Botia_lohachata_C_11,2,1_2,217.652402981,17.83924441,217.652402981,17.83924441,605.931024229,131.841363563,37.576788761,175.002813259,0.133175617,153.792067416,131,6,159.44395478,59.120490714,3.508585164,0.285015171,0.610257215,3891
Botia_lohachata_C_11,3,1_3,89.254237288,30.122881356,89.254237288,30.122881356,144.066017178,46.536839134,19.370752601,20.304257473,0.428666971,52.554733374,64,44,21.194056482,27.083901213,2.402428036,0.416245559,0.697193501,708
Botia_lohachata_C_11,4,1_4,61.104651163,24.104651163,61.104651163,24.104651163,34.627416998,13.502827305,8.109309138,45.000748794,0.901297407,14.212670404,56,29,39.289406863,8.485281374,1.665102054,0.60056379,0.924731183,86
Botia_lohachata_C_11,5,1_5,37.800458716,33.802752294,37.800458716,33.802752294,104.811183182,26.998114952,20.561896358,56.932895706,0.49874793,32.756678708,27,49,58.736268306,22.710810177,1.31301678,0.76160489,0.797074954,436
Botia_lohachata_C_11,6,1_6,15.743697479,28.693277311,15.743697479,28.693277311,42.526911935,15.783112049,9.59984985,138.981731863,0.826854567,16.124515497,12,22,119.744881297,10.606601718,1.644099887,0.608235551,0.875,119
Botia_lohachata_C_11,7,1_7,134.22519084,34.965648855,134.22519084,34.965648855,45.455844123,17.571345725,9.492407865,4.643459382,0.796712637,17.720045147,126,37,16.389540334,9.950371902,1.851094683,0.540220881,0.894197952,131
Botia_lohachata_C_11,8,1_8,163.139344262,34.090163934,163.139344262,34.090163934,27.798989873,10.034981457,7.739686672,170.064046159,0.991931469,10.770329614,158,32,158.198590514,8.0,1.296561719,0.77127065,0.903703704,61
Botia_lohachata_C_11,9,1_9,184.912371134,40.37628866,184.912371134,40.37628866,36.04163056,12.391895169,9.966533299,5.376873913,0.938367023,13.0,179,38,157.380135052,10.751744045,1.243350601,0.804278374,0.898148148,97
Botia_lohachata_C_11,10,1_10,236.982,53.168,236.982,53.168,121.39696962,40.342324713,15.780443415,139.394234735,0.426347948,47.16990566,217,37,147.994616792,21.72100935,2.556475991,0.391163462,0.692520776,500
Botia_lohachata_C_11,11,1_11,132.501231148,63.540935673,132.501231148,63.540935673,698.048773235,220.435670121,18.766269899,0.813107768,0.083789199,275.878596488,0,50,175.42607874,25.0,11.746376414,0.085132637,0.517768924,3249
Botia_lohachata_C_11,12,1_12,99.790697674,55.88372093,99.790697674,55.88372093,48.284271247,16.308004335,13.428816745,166.683896989,0.927100785,17.88854382,91,53,153.434948823,14.0,1.21440367,0.823449422,0.9373297,172
Botia_lohachata_C_11,13,2_1,133.918009145,33.872775237,133.918009145,33.872775237,966.693434176,269.621336637,67.127848093,1.342486331,0.191152151,284.269238575,0,0,165.328249204,72.0,4.016534781,0.24897083,0.717929293,14215
Botia_lohachata_C_12,1,1_1,134.97868326,37.283540747,134.97868326,37.283540747,1509.168614282,256.819264745,61.748477263,2.061278766,0.068719195,303.898009207,0,0,166.100936907,73.0,4.159118996,0.240435535,0.578360808,12455
Botia_lohachata_C_12,2,1_2,218.914893617,35.936170213,218.914893617,35.936170213,34.627416998,11.824132151,10.122055105,5.208332779,0.985139026,12.649110641,213,38,18.434948823,10.0,1.168155284,0.856050573,0.930693069,94
Botia_lohachata_C_12,3,2_1,164.607064096,29.665682578,164.607064096,29.665682578,1519.276262021,275.449859914,64.977082529,174.861791885,0.076529523,303.898009207,0,0,166.100936907,73.0,4.239184789,0.235894411,0.741402954,14057
Botia_lohachata_C_12,4,2_2,36.563157895,68.071428571,36.563157895,68.071428571,298.04163056,71.182012327,11.89491937,174.141977705,0.094075741,122.065556157,0,35,161.861917844,36.48008819,5.98423664,0.167105691,0.291602719,665
Botia_lohachata_C_13,1,1_1,172.921532477,43.432857895,172.921532477,43.432857895,1691.778787338,351.848780004,89.306203432,0.238102333,0.108355328,367.695526217,0,0,165.510237406,92.0,3.939802236,0.253819847,0.753511236,24679
Botia_lohachata_C_13,2,1_2,115.840277778,79.951388889,115.840277778,79.951388889,43.69848481,14.576210001,12.578475092,157.455250985,0.947631741,15.524174696,108,79,165.068582822,13.0,1.158821709,0.862945518,0.923076923,144
Botia_lohachata_C_13,3,1_3,237.039473684,80.881578947,237.039473684,80.881578947,31.556349186,11.159516479,8.671182625,93.69082057,0.959069213,11.704699911,236,75,109.983106522,8.0,1.286965915,0.777021356,0.938271605,76
Botia_lohachata_C_13,4,2_1,185.914798481,46.36103965,185.914798481,46.36103965,893.656854249,347.457733108,89.738578941,0.778568911,0.385335777,367.695526217,0,0,165.510237406,92.0,3.871888069,0.258271929,0.747710064,24489
Botia_lohachata_C_13,5,2_2,170.898305085,20.75,170.898305085,20.75,94.183766184,41.98978492,7.15613412,12.515702046,0.334325699,42.449970554,150,25,15.018360631,9.943205053,5.867663213,0.170425596,0.715151515,236
Botia_lohachata_C_13,6,3_1,179.2556435,43.454973145,179.2556435,43.454973145,1208.249783362,342.511010963,92.053189057,178.882594076,0.213157035,367.695526217,0,0,165.510237406,92.0,3.720794624,0.268759795,0.756075965,24763
Botia_lohachata_C_13,7,3_2,190.735781991,47.562796209,190.735781991,47.562796209,210.852813742,88.539536111,12.137110978,177.683530522,0.238557738,89.805345053,148,46,172.321036193,16.775977902,7.294943275,0.137081258,0.612926652,844
Botia_lohachata_C_13,8,3_3,245.365671642,48.26119403,245.365671642,48.26119403,30.142135624,11.689794113,7.297566464,175.999636513,0.92669459,12.083045974,240,45,155.55604522,7.0,1.601875662,0.624268177,0.943661972,67
Botia_lohachata_C_14,1,1_1,32.125141563,6.250849377,32.125141563,6.250849377,219.355339059,79.321386862,14.173611462,5.756213732,0.230607883,92.655275079,0,29,18.239400847,27.914837458,5.596413241,0.178685876,0.66117559,883
Botia_lohachata_C_14,2,1_2,163.605504587,7.728211009,163.605504587,7.728211009,233.254833996,69.344930471,16.010757751,169.51391869,0.201402586,99.929975483,95,0,161.927677851,29.836475722,4.331146068,0.230885771,0.568078176,872
Botia_lohachata_C_14,3,1_3,19.800653595,42.983660131,19.800653595,42.983660131,142.970562748,46.084776591,4.227114999,176.290214262,0.094060664,65.76473219,0,35,171.253837737,10.0,10.902181891,0.091724758,0.422651934,153
Botia_lohachata_C_14,4,1_4,176.992647059,42.625,176.992647059,42.625,88.727922061,32.554360328,5.31912089,5.770072407,0.217084168,38.327535793,153,45,15.124007308,9.943960626,6.120252012,0.163391965,0.653846154,136
Botia_lohachata_C_4,1,1_1,62.179420704,28.236813874,62.179420704,28.236813874,723.546247918,113.869800452,62.538344192,12.633122574,0.13425241,158.319297624,0,77,27.050597007,77.0,1.820799734,0.549209219,0.594462454,5593
Botia_lohachata_C_4,2,1_2,211.9057454,34.4344724,211.9057454,34.4344724,1032.482322781,122.652381765,55.288562013,9.344883537,0.062783537,177.34147851,123,65,21.501434324,77.0,2.218404265,0.450774467,0.436628956,5326
Botia_lohachata_C_4,3,1_3,197.81871345,28.571637427,197.81871345,28.571637427,157.580735804,36.573385465,23.812284193,36.611845948,0.346146319,45.541190147,179,36,8.84181456,30.566938202,1.535904123,0.651082307,0.622100955,684
Botia_lohachata_C_4,4,1_4,38.43495935,45.213414634,38.43495935,45.213414634,97.74011537,28.057249479,22.326987414,97.653287516,0.647186236,32.893768407,28,59,70.463345062,26.282263545,1.256651825,0.795765366,0.843910806,492
Botia_lohachata_C_4,5,1_5,229.682119205,52.354304636,229.682119205,52.354304636,159.923881554,37.545083233,20.483019847,54.908388001,0.296770111,46.861498055,215,70,50.194428908,27.727242921,1.832985737,0.545557982,0.675993285,604
Botia_lohachata_C_4,6,1_6,260.441176471,58.147058824,260.441176471,58.147058824,39.455844123,15.877489112,8.179532207,148.438066021,0.823355437,16.643316977,253,55,147.264773728,9.17857036,1.941124347,0.515165348,0.890829694,102
Botia_lohachata_C_4,7,2_1,144.899950332,38.256565468,144.899950332,38.256565468,727.656854249,282.206955888,72.670318428,0.539909614,0.38227093,298.115749332,0,0,165.031442088,77.0,3.883386808,0.257507184,0.726325758,16107
Botia_lohachata_C_4,8,3_1,148.4696003,37.393272659,148.4696003,37.393272659,934.024386618,318.336992226,85.256739865,178.86348327,0.30704296,298.115749332,0,0,165.031442088,77.0,3.733863067,0.267819141,0.961219336,21316
Botia_lohachata_C_5,1,1_1,107.778903275,28.678522468,107.778903275,28.678522468,1096.818325857,185.273221697,45.116167002,0.686024534,0.068576481,239.870798556,0,0,166.253419279,57.0,4.106581609,0.243511537,0.494315187,6565
Botia_lohachata_C_5,2,1_2,128.321256039,28.292270531,128.321256039,28.292270531,55.455844123,17.885292535,14.736162981,13.994614276,0.845834838,20.0,120,35,36.869897646,14.955817283,1.213700782,0.823926304,0.915929204,207
Botia_lohachata_C_5,3,1_3,102.664556962,31.183544304,102.664556962,31.183544304,50.870057685,17.943887585,11.211162972,39.677923583,0.767259882,19.849433241,95,38,40.91438322,12.757485044,1.600537574,0.624790081,0.890140845,158
Botia_lohachata_C_5,4,1_4,151.994845361,34.469072165,151.994845361,34.469072165,63.941125497,21.604940541,11.432962345,120.473743314,0.596281096,24.839484697,146,24,130.100907546,14.760133416,1.889706262,0.529182773,0.8,194
Botia_lohachata_C_5,5,1_5,179.264705882,37.352941176,179.264705882,37.352941176,21.556349186,8.375930913,5.168397993,61.987331422,0.919471688,8.94427191,177,41,63.434948823,6.0,1.620604861,0.617053561,0.871794872,34
Botia_lohachata_C_5,6,2_1,116.998825692,23.680639232,116.998825692,23.680639232,1035.889393669,232.064999314,53.729924368,0.44834175,0.114682947,239.870798556,0,57,13.746580721,57.0,4.319101544,0.231529634,0.758236228,9793
Botia_lohachata_C_5,7,2_2,219.8,54.963636364,219.8,54.963636364,96.142135624,33.441359818,4.188117669,5.301320734,0.149546075,43.737855457,190,57,10.539183729,8.0,7.98481859,0.125237661,0.558375635,110
Botia_lohachata_C_5,8,3_1,118.269738356,28.107227806,118.269738356,28.107227806,577.656854249,260.301655173,63.749617633,179.507898138,0.490811124,239.870798556,0,0,166.253419279,57.0,4.083187709,0.244906693,0.981326707,13033
Botia_lohachata_C_5,9,4_1,118.233578038,28.198095894,118.233578038,28.198095894,588.627416998,259.663626658,64.122009466,179.528078198,0.474282406,239.870798556,0,0,166.253419279,57.0,4.049524162,0.246942594,0.990606772,13077
Botia_lohachata_C_5,10,4_2,2.209677419,53.85483871,2.209677419,53.85483871,25.313708499,8.7218025,4.525489529,117.006602178,0.607939005,10.816653826,0,48,123.690067526,6.0,1.927261668,0.518870902,0.849315068,31
Botia_lohachata_C_6,1,1_1,44.880748358,33.234647244,44.880748358,33.234647244,681.338095117,74.550396446,59.793265477,0.300048567,0.094771255,169.522859815,0,0,154.493061911,73.0,1.24680256,0.80205161,0.330501274,3501
Botia_lohachata_C_6,2,1_2,240.756885328,14.42438658,240.756885328,14.42438658,326.953318806,88.286319522,28.800151423,163.991888698,0.234755853,137.786066059,145,0,158.275808499,47.821020679,3.065481088,0.326213071,0.595586042,1997
Botia_lohachata_C_6,3,1_3,128.706422018,15.752293578,128.706422018,15.752293578,65.69848481,27.186578484,10.209678313,96.331018864,0.634681224,26.248809497,124,3,107.744671625,11.35829912,2.6628242,0.375541127,0.835249042,218
Botia_lohachata_C_6,4,1_4,158.369436202,17.948071217,158.369436202,17.948071217,84.568542495,23.465340311,18.285766193,158.533789788,0.592136829,28.425340807,153,5,129.289406863,22.471927625,1.283257155,0.779267036,0.800475059,337
Botia_lohachata_C_6,5,1_5,195.929429429,22.094594595,195.929429429,22.094594595,89.74011537,26.965143979,15.723586298,160.729835291,0.519614008,32.388269481,181,23,171.119340849,20.025961146,1.714948706,0.583107819,0.747474747,333
Botia_lohachata_C_6,6,1_6,95.810559006,22.622153209,95.810559006,22.622153209,108.367532368,38.34910105,16.036222057,10.781621943,0.516842985,41.0,76,32,12.680383492,21.058047438,2.391404965,0.418164223,0.758241758,483
Botia_lohachata_C_6,7,1_7,187.147058824,37.647058824,187.147058824,37.647058824,30.384776311,10.694599252,8.095702046,167.129013279,0.925564502,11.704699911,182,34,160.016893478,8.0,1.321021845,0.756989753,0.912751678,68
Botia_lohachata_C_6,8,1_8,235.847507331,68.796187683,235.847507331,68.796187683,254.870057685,93.134719098,9.323583921,3.823127635,0.131933962,114.756263446,160,73,10.036902454,19.885532562,9.989154373,0.100108574,0.570234114,682
Botia_lohachata_C_6,9,2_1,135.999621417,37.70048675,135.999621417,37.70048675,689.656854249,299.04477599,78.724662901,179.937969566,0.488518102,282.591578077,0,0,165.029401762,73.0,3.798616151,0.263253764,0.927793668,18490
Botia_lohachata_C_6,10,3_1,137.390590257,36.411865777,137.390590257,36.411865777,689.656854249,305.894415227,82.364576982,179.892332152,0.522812126,282.591578077,0,0,165.029401762,73.0,3.71390744,0.269258191,0.992924883,19788
Botia_lohachata_C_6,11,4_1,137.633775371,36.377562383,137.633775371,36.377562383,741.012193309,305.223971719,82.416179645,179.838324251,0.452147522,282.591578077,0,0,165.029401762,73.0,3.703447224,0.270018699,0.991369361,19757
Botia_lohachata_C_7,1,1_1,69.278489703,17.891304348,69.278489703,17.891304348,698.073159853,141.31912327,39.372285093,0.619333316,0.112691049,161.77144371,0,39,13.950342813,44.0,3.589304582,0.278605501,0.687052905,4370
Botia_lohachata_C_7,2,1_2,261.531840374,31.4772872,261.531840374,31.4772872,941.203102168,114.374250747,52.443897609,170.315971724,0.066827662,175.37673734,158,74,24.957683255,74.0,2.180887691,0.458528884,0.392648775,4711
Botia_lohachata_C_7,3,1_3,161.848837209,14.120155039,161.848837209,14.120155039,49.556349186,20.807609943,7.893645725,89.015153572,0.660086674,19.924858845,159,23,72.474431626,9.0,2.635994909,0.379363403,0.889655172,129
Botia_lohachata_C_7,4,1_4,197.113333333,14.02,197.113333333,14.02,35.213203436,14.545227904,6.5652437,124.004957023,0.760081314,15.0,193,8,126.869897646,7.211102551,2.215489412,0.451367537,0.882352941,75
Botia_lohachata_C_7,5,1_5,224.096774194,15.451612903,224.096774194,15.451612903,29.798989873,10.923283673,7.226842599,83.87691253,0.877401694,11.704699911,222,21,70.016893478,8.0,1.511487696,0.661599828,0.879432624,62
Botia_lohachata_C_7,6,1_6,234.021091811,25.949131514,234.021091811,25.949131514,95.497474683,32.096487168,15.986657164,43.478032574,0.555304427,34.409301068,220,38,54.462322208,21.591824762,2.007704728,0.49808121,0.781007752,403
Botia_lohachata_C_7,7,1_7,89.118181818,24.663636364,89.118181818,24.663636364,26.384776311,8.925334255,7.846000269,55.436019862,0.992809034,9.848857802,87,29,66.037511025,8.0,1.137564867,0.879070749,0.909090909,55
Botia_lohachata_C_7,8,1_8,226.797551789,61.857815443,226.797551789,61.857815443,112.325901808,39.195025832,17.249387745,168.878609285,0.528864672,42.544094772,205,55,156.447736327,20.0,2.27225606,0.440091246,0.845541401,531
Botia_lohachata_C_7,9,1_9,11.729050279,70.254189944,11.729050279,70.254189944,107.213203436,29.614866226,7.695792943,168.034920202,0.195688971,44.384682042,0,57,157.479434397,16.155494421,3.848189062,0.259862492,0.474801061,179
Botia_lohachata_C_7,10,2_1,151.803776683,37.08407225,151.803776683,37.08407225,939.43860018,312.021233844,74.552895634,1.534217306,0.26014268,325.522656662,0,0,166.860264114,74.0,4.18523293,0.238935327,0.778838776,18270
Botia_lohachata_C_8,1,1_1,138.409457731,37.566135223,138.409457731,37.566135223,1571.695526217,218.548631733,59.196833727,1.409552559,0.051690351,299.046819077,0,0,165.870819421,73.0,3.691897319,0.270863438,0.479971658,10161
Botia_lohachata_C_8,2,1_2,158.139705882,43.948529412,158.139705882,43.948529412,48.870057685,19.467148461,8.895015027,109.776081827,0.715588033,18.973665961,155,35,108.434948823,9.91054883,2.188545877,0.456924395,0.85,136
Botia_lohachata_C_8,3,1_3,226.668674699,46.813253012,226.668674699,46.813253012,37.213203436,14.675439354,7.2010711,71.829946387,0.753171438,15.231546212,225,54,66.801409486,8.104273273,2.037952292,0.490688621,0.878306878,83
Botia_lohachata_C_8,4,1_4,141.182539683,46.801587302,141.182539683,46.801587302,28.384776311,9.875993033,8.122129193,99.258510673,0.982606112,10.770329614,139,42,111.801409486,8.0,1.215936462,0.822411394,0.919708029,63
Botia_lohachata_C_8,5,1_5,241.277777778,45.444444444,241.277777778,45.444444444,21.556349186,5.4564608,4.200215606,106.4711159,0.486779129,6.708203932,241,42,116.565051177,5.813776741,1.299090645,0.769769226,0.620689655,18
Botia_lohachata_C_8,6,2_1,146.06100051,32.95941807,146.06100051,32.95941807,1651.050865276,299.621474027,74.922822158,179.871208574,0.08127667,299.046819077,0,0,165.870819421,73.0,3.99906818,0.250058252,0.832829476,17631
Botia_lohachata_C_8,7,2_2,275.9,48.7,275.9,48.7,11.313708499,4.734709399,1.344580456,49.213484511,0.490873852,5.656854249,274,51,45.0,2.121320344,3.521328439,0.283983734,0.555555556,5
Botia_lohachata_C_8,8,3_1,147.258196106,34.890560088,147.258196106,34.890560088,995.580735804,323.23470367,78.698396476,179.754688017,0.253297347,299.046819077,0,0,165.870819421,73.0,4.107259082,0.243471371,0.943741143,19979
Botia_lohachata_P_1,1,1_1,57.101051123,36.238493391,57.101051123,36.238493391,577.521861301,114.367937732,69.903080006,173.652551132,0.236572081,159.213692878,0,0,153.917766997,70.0,1.636092969,0.61121221,0.689015692,6279
Botia_lohachata_P_1,2,1_2,234.502906977,30.775268336,234.502906977,30.775268336,648.350288425,90.40781963,62.980473009,165.10041849,0.133687943,161.012421881,130,0,154.230672376,70.0,1.435489689,0.69662639,0.502020656,4472
Botia_lohachata_P_1,3,1_3,150.009830508,32.500677966,150.009830508,32.500677966,281.948268172,49.611321797,37.854833543,145.460826001,0.233164818,60.440052945,121,27,163.66395711,48.916355208,1.310567691,0.763028119,0.668782589,1475
Botia_lohachata_P_1,4,1_4,59.805084746,22.262711864,59.805084746,22.262711864,27.556349186,9.903420797,7.585372235,56.668977587,0.976379195,10.816653826,57,27,56.309932474,8.0,1.305594569,0.765934558,0.929133858,59
Botia_lohachata_P_1,5,2_1,139.722943967,36.007117036,139.722943967,36.007117036,687.656854249,297.234932456,75.837091939,0.014265852,0.470476258,283.769272473,0,0,165.718904264,70.0,3.919387266,0.255141922,0.919688312,17704
Botia_lohachata_P_1,6,3_1,142.293591375,30.449689301,142.293591375,30.449689301,1205.830519166,251.327575918,67.66730844,178.496462095,0.115437323,283.769272473,0,0,165.718904264,70.0,3.714165403,0.26923949,0.69387013,13357
Botia_lohachata_P_1,7,3_2,249.410714286,37.803571429,249.410714286,37.803571429,27.798989873,10.450950562,6.822481274,129.756397006,0.910625611,11.401754251,246,33,127.874983651,7.778174593,1.531840124,0.65280964,0.875,56
Botia_lohachata_P_1,8,3_3,13.907894737,49.078947368,13.907894737,49.078947368,31.798989873,11.948660405,8.098498252,83.478904056,0.94448879,12.649110641,12,55,71.565051177,8.0,1.475416804,0.677774577,0.926829268,76
Botia_lohachata_P_10,1,1_1,175.770100447,48.487919819,175.770100447,48.487919819,1508.641702348,332.276794544,86.596298459,0.844601205,0.124774796,348.30015791,0,0,165.36528478,88.0,3.837078495,0.260614945,0.762038036,22599
Botia_lohachata_P_10,2,1_2,80.492957746,38.316901408,80.492957746,38.316901408,48.04163056,17.23017673,10.493218856,172.635994602,0.773148166,17.720045147,73,33,163.610459666,11.692694348,1.642029673,0.609002393,0.865853659,142
Botia_lohachata_P_10,3,2_1,167.327662659,20.83222478,167.327662659,20.83222478,1179.997041407,332.104485622,44.959585876,0.499293305,0.105836374,343.595692639,0,0,168.755473639,66.990413913,7.386733644,0.135377834,0.573868363,11727
Botia_lohachata_P_10,4,2_2,276.593023256,44.337209302,276.593023256,44.337209302,46.04163056,17.910988799,9.170230807,10.724001629,0.764712489,18.027756377,268,48,19.440034828,10.0,1.95316663,0.511989087,0.895833333,129
Botia_lohachata_P_10,5,2_3,240.8307393,52.908560311,240.8307393,52.908560311,69.69848481,27.709325519,11.809113245,173.76644415,0.664808117,28.160255681,228,47,163.495638618,13.548428034,2.346435752,0.4261783,0.865319865,257
Botia_lohachata_P_10,6,2_4,268.878640777,59.694174757,268.878640777,59.694174757,36.627416998,12.90567855,10.161703052,79.434134229,0.964793798,13.601470509,266,66,72.897271031,10.0,1.270031065,0.787382315,0.923766816,103
Botia_lohachata_P_10,7,2_5,52.459109731,79.717908903,52.459109731,79.717908903,363.497474683,134.49064774,18.290482214,174.93418009,0.183744433,162.388423233,0,55,168.274887985,32.541821401,7.353040022,0.135998172,0.710555351,1932
Botia_lohachata_P_10,8,2_6,299.556768559,62.866812227,299.556768559,62.866812227,75.597979746,34.263515527,8.509688841,160.997893341,0.503529555,33.241540277,283,57,158.838740183,10.279365084,4.026412266,0.248360062,0.826714801,229
Botia_lohachata_P_10,9,2_7,290.021320495,84.317056396,290.021320495,84.317056396,347.455844123,118.688530517,7.798943546,2.745293927,0.075673711,162.00308639,176,88,6.379248168,18.0,15.218539514,0.065709328,0.472691808,727
Botia_lohachata_P_11,1,1_1,56.602005975,9.415066155,56.602005975,9.415066155,386.325901808,139.224111432,21.427324783,4.881550762,0.197276111,163.217646105,0,48,17.102728969,46.224856969,6.497503204,0.153905272,0.609283578,2343
Botia_lohachata_P_11,2,1_2,272.570430733,18.777066356,272.570430733,18.777066356,388.994949366,115.275116358,37.95139154,163.751147248,0.285348172,161.966045824,168,0,155.175445231,62.562763745,3.037441097,0.329224491,0.652859586,3436
Botia_lohachata_P_11,3,1_3,83.965674508,76.375180029,83.965674508,76.375180029,591.355339059,217.778908783,12.178213154,177.812407306,0.074851773,279.121837197,0,57,174.861324347,24.993007495,17.882665217,0.055920076,0.574462217,2083
Botia_lohachata_P_11,4,1_4,307.5,79.5,307.5,79.5,50.727922061,19.436271623,5.502707712,10.022624713,0.410199384,22.135943621,294,82,18.434948823,7.0,3.532128661,0.283115395,0.903225806,84
Botia_lohachata_P_12,1,1_1,143.7526425,28.758543545,143.7526425,28.758543545,1455.099638512,330.360002143,59.434032244,3.739011874,0.091524409,365.016437986,0,0,169.582836538,87.0,5.558431587,0.179906865,0.559350006,15421
Botia_lohachata_P_12,2,1_2,299.755520505,31.036277603,299.755520505,31.036277603,94.811183182,28.50124499,14.161379119,125.308209932,0.443149224,31.400636936,290,17,127.234833982,18.335757415,2.012603769,0.49686879,0.693654267,317
Botia_lohachata_P_12,3,1_3,322.326086957,42.108695652,322.326086957,42.108695652,30.384776311,11.434970652,7.682881859,134.409973106,0.939175745,12.806248475,318,37,128.659808254,8.485281374,1.488369971,0.671875958,0.92,69
Botia_lohachata_P_12,4,1_4,304.965116279,58.104651163,304.965116279,58.104651163,23.556349186,8.622463927,6.349612,151.982895498,0.973783368,9.433981132,301,55,147.994616792,7.0,1.357951309,0.736403429,0.914893617,43
Botia_lohachata_P_12,5,1_5,325.0,64.459459459,325.0,64.459459459,51.112698372,19.349896506,9.738525091,148.167734244,0.711891752,21.09502311,315,60,148.570434385,11.648704121,1.986943231,0.503285642,0.843304843,148
Botia_lohachata_P_12,6,1_6,295.615802943,86.430902111,295.615802943,86.430902111,430.526911935,162.921478469,12.214923576,2.876099586,0.105966413,198.579958707,162,92,7.232378708,24.936200908,13.337904036,0.074974299,0.607462106,1563
Botia_lohachata_P_12,7,1_7,23.9,88.842857143,23.9,88.842857143,193.556349186,35.466842521,5.025920651,174.708603632,0.046959456,82.462112512,0,72,165.963756532,19.679347914,7.05678521,0.141707586,0.164802825,140
Botia_lohachata_P_12,8,2_1,71.97854705,13.106777182,71.97854705,13.106777182,543.622366364,186.491967187,28.005649205,4.97031442,0.174425866,231.036793607,0,43,10.726294466,42.776785682,6.659083881,0.150170807,0.719775399,4102
Botia_lohachata_P_12,9,2_2,225.281705539,57.057319867,225.281705539,57.057319867,1415.134126397,320.65607214,76.26983332,6.568603106,0.120530457,370.600863464,0,92,14.373714706,92.0,4.204231977,0.237855572,0.698269594,19208
Botia_lohachata_P_13,1,1_1,54.283932347,11.806131078,54.283932347,11.806131078,400.350288425,112.789329123,26.697663216,179.80429318,0.185421768,120.830459736,0,31,12.425942865,31.0,4.224689188,0.236703804,0.712242132,2365
Botia_lohachata_P_13,2,1_2,223.50472534,13.925280567,223.50472534,13.925280567,350.124891681,80.81325971,26.673773054,163.91097226,0.173548493,145.773797371,118,0,157.833654178,51.387315459,3.029689859,0.330066788,0.444707118,1693
Botia_lohachata_P_13,3,1_3,140.117021277,14.20212766,140.117021277,14.20212766,89.840620434,36.00338396,13.297029784,8.597928731,0.585399334,37.483329628,120,19,9.211026541,15.550526291,2.70762603,0.369327222,0.856492027,376
Botia_lohachata_P_13,4,1_4,171.571428571,16.473214286,171.571428571,16.473214286,39.455844123,12.444580344,11.459030764,32.505327712,0.904076558,13.601470509,165,15,162.897271031,12.0,1.086006365,0.920804917,0.903225806,112
Botia_lohachata_P_13,5,1_5,34.287878788,28.823232323,34.287878788,28.823232323,70.183766184,26.768347258,14.126839477,9.093129881,0.757692475,26.47640459,21,33,10.885527055,14.838838441,1.894857466,0.52774418,0.886567164,297
Botia_lohachata_P_13,6,1_6,57.693617021,59.070212766,57.693617021,59.070212766,336.970562748,130.263407055,4.593942378,178.891885678,0.052014424,159.530561335,0,48,175.325836289,13.0,28.355472561,0.035266561,0.420017873,470
Botia_lohachata_P_13,7,1_7,243.051724138,59.586206897,243.051724138,59.586206897,65.899494937,25.345954855,2.913596825,4.619974835,0.167831581,30.413812651,223,61,9.462322208,5.0,8.699197719,0.114953129,0.617021277,58
Botia_lohachata_P_13,8,2_1,130.060863309,31.752446043,130.060863309,31.752446043,625.656854249,271.37315525,65.216582147,0.220295889,0.446223307,260.249879923,0,0,166.44432496,61.0,4.161106674,0.240320683,0.900667401,13900
Botia_lohachata_P_14,1,1_1,50.042349251,15.420181248,50.042349251,15.420181248,422.391918986,106.762573418,34.21540093,0.619433903,0.202073429,114.490174251,0,38,19.384515679,39.0,3.120307537,0.320481231,0.716265135,2869
Botia_lohachata_P_14,2,1_2,191.606160616,13.020352035,191.606160616,13.020352035,335.923881554,84.201293358,27.490664335,168.914906752,0.202451959,122.653984852,114,0,155.94265055,47.282015164,3.062905004,0.326487436,0.566973335,1818
Botia_lohachata_P_14,3,1_3,125.962585034,15.670068027,125.962585034,15.670068027,76.911688245,25.029741566,14.95550504,132.14194496,0.624557612,26.83281573,119,5,116.565051177,17.669089431,1.67361393,0.597509367,0.796747967,294
Botia_lohachata_P_14,4,1_4,73.185915493,54.570422535,73.185915493,54.570422535,337.213203436,155.29600463,5.821141883,179.749871082,0.078461945,163.196200936,0,49,177.190191864,8.0,26.677928104,0.03748417,0.749340369,710
Botia_lohachata_P_14,5,1_5,223.833333333,54.833333333,223.833333333,54.833333333,19.313708499,6.724699304,3.976093091,45.000210443,0.707453361,8.485281374,220,57,45.0,4.949747468,1.691283164,0.591267046,0.893617021,21
Botia_lohachata_P_14,6,2_1,116.671006397,29.788854852,116.671006397,29.788854852,563.656854249,236.236138534,59.820168898,0.020156579,0.438999606,233.077240416,0,0,165.844514707,57.0,3.949105174,0.253221921,0.861589815,11099
Botia_lohachata_P_15,1,1_1,41.282841823,13.238159071,41.282841823,13.238159071,355.296464556,92.375103495,30.847165452,12.779428396,0.222786143,133.764718816,0,63,28.097682967,59.210827545,2.994605895,0.333933758,0.551911221,2238
Botia_lohachata_P_15,2,1_2,216.185322673,12.591947459,216.185322673,12.591947459,321.882250994,88.445466328,25.20697256,166.506544702,0.212374295,136.35615131,121,0,159.837396009,44.531128166,3.50876989,0.285000166,0.565751212,1751
Botia_lohachata_P_15,3,1_3,129.973233405,19.277301927,129.973233405,19.277301927,109.39696962,33.753944948,17.615803673,26.344197676,0.49036127,38.832975678,110,26,11.88865804,22.803508502,1.916117231,0.521888736,0.73427673,467
Botia_lohachata_P_15,4,1_4,179.914110429,20.766871166,179.914110429,20.766871166,82.669047558,26.770331832,15.505078315,165.727620257,0.599434308,31.780497164,164,19,167.275644315,18.735070465,1.726552507,0.579188873,0.777115614,326
Botia_lohachata_P_15,5,1_5,86.459322034,24.842372881,86.459322034,24.842372881,70.669047558,23.573532377,15.933363727,34.260353215,0.742289648,26.400757565,75,33,24.623564786,18.335757415,1.479507578,0.67590056,0.862573099,295
Botia_lohachata_P_15,6,1_6,58.352272727,28.522727273,58.352272727,28.522727273,34.04163056,12.488797878,8.971646513,2.414536522,0.954271224,13.341664064,52,27,167.005383208,9.0,1.392029641,0.718375508,0.911917098,88
Botia_lohachata_P_15,7,1_7,33.59352518,33.95323741,33.59352518,33.95323741,43.455844123,14.892345671,11.88397722,141.349546938,0.924971355,15.811388301,28,29,145.304846469,12.727922061,1.253144919,0.797992303,0.929765886,139
Botia_lohachata_P_15,8,1_8,178.962121212,61.001893939,178.962121212,61.001893939,472.384776311,157.317017281,4.273348753,1.056240033,0.029733908,227.371941981,22,63,3.277675952,13.0,36.813521754,0.027163932,0.331034483,528
Botia_lohachata_P_15,9,2_1,125.13025327,32.271778458,125.13025327,32.271778458,621.656854249,268.536234009,68.143499534,179.866608757,0.467332107,256.846257516,0,0,165.801445976,63.0,3.940746158,0.25375905,0.916172627,14372
Botia_lohachata_P_15,10,3_1,125.159915395,31.398666838,125.159915395,31.398666838,644.627416998,279.537679158,71.064063481,179.852147683,0.471815921,256.846257516,0,0,165.801445976,63.0,3.933601112,0.254219981,0.994581501,15602
Botia_lohachata_P_2,1,1_1,114.487317448,31.630668716,114.487317448,31.630668716,1241.109739779,195.833505469,50.751825447,172.650744546,0.063682198,236.985231607,0,0,165.084156559,61.0,3.858649492,0.25915803,0.628426519,7806
Botia_lohachata_P_2,2,1_2,203.558415842,9.626732673,203.558415842,9.626732673,280.568542495,68.719498961,18.713348607,167.681899776,0.161232759,120.503111993,114,0,162.617611119,34.70806149,3.67221818,0.272314975,0.470862471,1010
Botia_lohachata_P_2,3,1_3,33.876146789,32.582568807,33.876146789,32.582568807,37.213203436,13.002006186,10.673976646,148.465864608,0.989104659,13.892443989,28,29,149.743562836,11.0,1.218103301,0.820948436,0.947826087,109
Botia_lohachata_P_2,4,2_1,102.782322782,30.227039679,102.782322782,30.227039679,577.656854249,206.394796245,55.347835329,0.435239127,0.337877496,236.985231607,0,0,165.084156559,61.0,3.729049113,0.268164878,0.642279333,8972
Botia_lohachata_P_2,5,2_2,121.76686217,29.215542522,121.76686217,29.215542522,84.325901808,28.041763336,15.483144892,47.978317332,0.602618214,32.649655435,109,40,40.030259272,18.35034861,1.811115476,0.552145908,0.831707317,341
Botia_lohachata_P_2,6,2_3,143.909090909,25.824675325,143.909090909,25.824675325,49.69848481,18.258556,10.739014076,65.889216528,0.783509539,19.235384062,139,35,62.102728969,12.159200379,1.700207847,0.588163384,0.89017341,154
Botia_lohachata_P_2,7,3_1,116.376938761,30.155792616,116.376938761,30.155792616,574.870057685,254.812419811,68.620668807,179.443860567,0.522198844,236.985231607,0,0,165.084156559,61.0,3.71334795,0.26929876,0.993848603,13733
Botia_lohachata_P_2,8,3_2,3.363013699,55.801369863,3.363013699,55.801369863,52.970562748,14.736541171,6.307211827,114.291532488,0.326936607,21.9544984,0,42,120.068582822,10.101372969,2.336458894,0.427998114,0.613445378,73
Botia_lohachata_P_3,1,1_1,106.250762374,30.303893971,106.250762374,30.303893971,952.333044483,212.273456098,51.13988606,179.740572025,0.1181347,231.624696438,0,0,166.263731694,55.0,4.150839442,0.240915124,0.688969697,8526
Botia_lohachata_P_3,2,2_1,111.866390754,17.056770264,111.866390754,17.056770264,850.61731573,201.490592246,40.461208209,1.848397181,0.111205157,231.624696438,0,55,13.736268306,55.0,4.979846158,0.200809416,0.578175087,6403
Botia_lohachata_P_3,3,2_2,35.714285714,25.861904762,35.714285714,25.861904762,53.941125497,18.750758169,14.2597063,152.598717447,0.906962125,19.313207916,27,22,158.749494493,15.178932769,1.31494701,0.760486919,0.933333333,210
Botia_lohachata_P_3,4,2_3,202.228723404,37.425531915,202.228723404,37.425531915,68.526911935,29.591581909,8.0890922,0.785547488,0.503089659,29.274562337,188,35,172.146686698,9.989685402,3.658208013,0.273357884,0.830022075,188
Botia_lohachata_P_3,5,2_4,195.221374046,50.742366412,195.221374046,50.742366412,257.455844123,78.462434544,8.503145809,4.572256656,0.099342627,119.079805173,107,55,7.7218258,15.997270951,9.227459614,0.108372189,0.518555171,524
Botia_lohachata_P_3,6,2_5,171.695652174,43.391304348,171.695652174,43.391304348,24.384776311,8.363270471,7.003123869,158.433059822,0.972142978,9.486832981,167,42,161.565051177,7.0,1.194219984,0.837366661,0.893203883,46
Botia_lohachata_P_3,7,3_1,113.760443064,27.400351508,113.760443064,27.400351508,581.69848481,250.674158146,62.134603207,179.839320908,0.454304433,231.624696438,0,0,166.263731694,55.0,4.034372881,0.247869999,0.988525253,12233
Botia_lohachata_P_4,1,1_1,54.220683843,20.526486877,54.220683843,20.526486877,641.889393669,115.571840571,45.75304679,6.970432723,0.126663474,146.413797164,0,46,18.311200032,59.0,2.525992227,0.395884037,0.690842552,4153
Botia_lohachata_P_4,2,1_2,245.665307232,17.583741164,245.665307232,17.583741164,513.764501988,124.189991457,37.708151765,171.565561772,0.175102925,168.617911267,142,0,157.693794945,61.394460192,3.293452096,0.303632775,0.622756519,3678
Botia_lohachata_P_4,3,1_3,155.378531073,21.854519774,155.378531073,21.854519774,130.225396744,47.743109245,18.881334122,12.297276804,0.524628335,51.195702945,128,31,12.407418527,23.084862813,2.528587701,0.395477681,0.79640045,708
Botia_lohachata_P_4,4,1_4,60.769005848,70.307017544,60.769005848,70.307017544,401.213203436,142.180778595,6.125271343,178.398596085,0.053396837,188.76705221,0,56,174.83305108,17.0,23.212160024,0.043080868,0.402352941,684
Botia_lohachata_P_4,5,1_5,283.830708661,70.736220472,283.830708661,70.736220472,110.142135624,36.780232399,4.396421981,4.996996626,0.13155477,50.635955605,248,73,9.090276921,8.0,8.365946799,0.119532197,0.547413793,127
Botia_lohachata_P_4,6,2_1,156.527747728,37.814149719,156.527747728,37.814149719,739.656854249,302.453365823,77.829032053,179.947624032,0.424657916,306.811016751,0,0,166.235513132,73.0,3.886125239,0.257325726,0.849866691,18488
Botia_lohachata_P_6,1,1_1,155.831477631,45.875612046,155.831477631,45.875612046,1566.666088965,265.061976585,71.616188097,0.141334475,0.076331798,311.708196877,0,0,164.938338455,81.0,3.701146118,0.270186577,0.611500759,14909
Botia_lohachata_P_6,2,2_1,146.534933297,25.658368863,146.534933297,25.658368863,1144.364573775,317.589862751,58.299875503,0.325446976,0.139542081,308.366664865,0,0,167.45103901,74.0,5.447522143,0.183569699,0.708899018,14542
Botia_lohachata_P_6,3,2_2,281.845454545,64.287878788,281.845454545,64.287878788,48.870057685,19.288904235,10.891470159,168.64544076,0.868176658,20.248456731,272,61,159.775140569,11.0,1.771010153,0.564649501,0.94017094,165
Botia_lohachata_P_6,4,2_3,280.23164557,76.765822785,280.23164557,76.765822785,139.213203436,53.79667358,9.348712229,6.091454812,0.256121541,62.369864518,240,81,12.030596097,13.0,5.754447486,0.17377863,0.89977221,395
Botia_lohachata_P_6,5,2_4,77.14960182,78.399886234,77.14960182,78.399886234,464.04163056,191.541355995,5.843007397,179.008924849,0.051296159,225.222112591,0,71,177.45519562,10.0,32.781296171,0.0305052,0.70263789,879
Botia_lohachata_P_7,1,1_1,83.888481675,39.871204188,83.888481675,39.871204188,1015.688383542,135.332262956,53.909263261,164.759359542,0.069798086,216.333076528,0,0,160.559965172,80.0,2.51037122,0.39834746,0.398789018,5730
Botia_lohachata_P_7,2,1_2,250.590479937,16.685287175,250.590479937,16.685287175,359.43860018,96.919303486,33.394533455,162.768298292,0.247249819,148.07092895,152,0,154.81947153,57.523013553,2.902250562,0.344560188,0.588562167,2542
Botia_lohachata_P_7,3,1_3,175.039270687,19.084151473,175.039270687,19.084151473,241.764501988,81.443016742,22.293373495,175.634808499,0.306580354,87.051708771,131,26,178.025065989,25.645106094,3.653238787,0.273729712,0.748163694,1426
Botia_lohachata_P_7,4,1_4,98.000572738,27.372852234,98.000572738,27.372852234,200.208152802,67.039275751,16.580401714,8.318438189,0.273691047,70.228199464,64,42,19.983106522,22.411474091,4.043284168,0.2473237,0.659116648,873
Botia_lohachata_P_7,5,1_5,56.736111111,31.291666667,56.736111111,31.291666667,32.142135624,11.806678208,7.764524924,100.866275121,0.875775723,12.529964086,53,26,118.610459666,8.0,1.52059248,0.657638396,0.923076923,72
Botia_lohachata_P_7,6,1_6,102.058823529,49.25,102.058823529,49.25,29.556349186,10.625118556,8.148642162,72.246477319,0.978176442,11.401754251,99,54,52.125016349,8.0,1.303912768,0.76692247,0.937931034,68
Botia_lohachata_P_7,7,1_7,208.064516129,55.870967742,208.064516129,55.870967742,31.213203436,10.468213838,7.541004893,94.083016594,0.799695897,11.180339887,206,51,116.565051177,8.0,1.388172264,0.72037169,0.861111111,62
Botia_lohachata_P_7,8,1_8,222.882352941,67.808823529,222.882352941,67.808823529,29.798989873,10.902379441,7.941412195,92.842979597,0.962311535,11.704699911,221,62,109.983106522,8.0,1.372851475,0.728410916,0.906666667,68
Botia_lohachata_P_7,9,1_9,267.163043478,75.565217391,267.163043478,75.565217391,137.455844123,48.870876113,9.587553769,8.027806447,0.244754826,60.166435826,228,80,15.422161319,15.972640995,5.097324854,0.196181336,0.724409449,368
Botia_lohachata_P_7,10,2_1,141.746116241,39.458392178,141.746116241,39.458392178,729.656854249,300.62575377,77.971829508,0.109251407,0.434536558,296.978113672,0,0,164.372616261,80.0,3.855568808,0.259365103,0.804632867,18410
Botia_lohachata_P_7,11,3_1,144.388040263,39.769480376,144.388040263,39.769480376,766.769552622,319.713092757,90.206343066,179.703711241,0.484136165,296.978113672,0,0,164.372616261,80.0,3.544241812,0.282147792,0.989991259,22651
Botia_lohachata_P_8,1,1_1,152.631719277,35.044039228,152.631719277,35.044039228,950.8355698,286.842472527,72.41920274,178.71459655,0.226770262,303.898009207,0,0,166.100936907,73.0,3.96086206,0.252470292,0.757603901,16315
Botia_lohachata_P_8,2,1_2,10.894736842,38.328947368,10.894736842,38.328947368,31.798989873,10.310319475,9.385374104,90.085071434,0.94448879,11.180339887,9,33,116.565051177,10.0,1.098551785,0.910289359,0.910179641,76
Botia_lohachata_P_8,3,2_1,146.073055625,33.851812233,146.073055625,33.851812233,733.656854249,291.479390259,69.419394719,0.340214823,0.371024392,303.898009207,0,0,166.100936907,73.0,4.198817801,0.238162275,0.737961458,15892
Botia_lohachata_P_8,4,2_2,186.074257426,29.985148515,186.074257426,29.985148515,38.284271247,14.30649359,8.988729014,111.015919933,0.865945318,15.231546212,183,23,113.198590514,10.027321168,1.591603615,0.628297141,0.874458874,101
Botia_lohachata_P_8,5,2_3,44.373015873,49.30952381,44.373015873,49.30952381,29.213203436,10.970488223,7.311806885,136.612779681,0.927666871,11.66190379,39,47,149.036243468,7.778174593,1.500379919,0.666497856,0.90647482,63
Botia_lohachata_P_8,6,2_4,96.824324324,49.716216216,96.824324324,49.716216216,32.727922061,12.299199261,7.660639064,158.326913698,0.868169889,13.601470509,91,46,143.972626615,8.0,1.605505645,0.622856733,0.942675159,74
Botia_lohachata_P_8,7,2_5,110.31443299,52.386597938,110.31443299,52.386597938,36.870057685,13.13104579,9.405514063,149.36915538,0.896672734,13.928388277,104,50,158.962488975,10.285912696,1.396100809,0.716280654,0.889908257,97
Botia_lohachata_P_8,8,2_6,224.805084746,61.974576271,224.805084746,61.974576271,26.970562748,9.302170402,8.075656529,115.705896295,1.0,10.295630141,223,57,119.054604099,8.0,1.151877915,0.868147559,0.929133858,59
Botia_lohachata_P_8,9,3_1,143.622171946,34.834474746,143.622171946,34.834474746,733.656854249,291.102869395,71.529901295,0.752285977,0.381810527,303.898009207,0,0,166.100936907,73.0,4.069666868,0.245720358,0.759414906,16354
Botia_lohachata_P_8,10,4_1,149.642884081,36.155070004,149.642884081,36.155070004,761.455844123,328.578285554,82.200290311,179.5713437,0.459750815,303.898009207,0,0,166.100936907,73.0,3.997288626,0.250169576,0.988559312,21213
Botia_lohachata_P_8,11,4_2,2.045454545,68.181818182,2.045454545,68.181818182,33.313708499,12.494398321,4.483812548,102.936352239,0.498214747,14.317821063,0,60,114.775140569,6.0,2.786556794,0.358865824,0.871287129,44
Botia_lohachata_P_9,1,1_1,112.053353659,34.230182927,112.053353659,34.230182927,1268.264068712,180.864793194,50.798701022,172.957853099,0.056375059,244.476992783,0,0,165.793233882,67.0,3.560421616,0.280865613,0.532349686,7216
Botia_lohachata_P_9,2,1_2,220.445602901,18.791024479,220.445602901,18.791024479,439.338095117,76.475329967,36.727745233,154.17531071,0.143620901,146.249786325,120,0,152.734117973,67.0,2.082222295,0.48025612,0.377804419,2206
Botia_lohachata_P_9,3,1_3,104.740310078,10.848837209,104.740310078,10.848837209,46.870057685,18.494963428,8.880682674,33.392676396,0.737918839,19.209372712,97,16,38.659808254,9.984603532,2.082606046,0.480167626,0.854304636,129
Botia_lohachata_P_9,4,1_4,30.642465753,36.990410959,30.642465753,36.990410959,91.982756057,34.198268369,13.589355718,57.92044352,0.542113088,35.846896658,21,55,67.011283198,17.731042998,2.516548178,0.397369702,0.805739514,365
Botia_lohachata_P_9,5,2_1,117.37755102,30.582479075,117.37755102,30.582479075,631.656854249,229.820989183,58.908266505,1.282096336,0.334890827,258.822332885,0,0,164.997283979,67.0,3.901336821,0.256322396,0.63480597,10633
Botia_lohachata_P_9,6,2_2,132.24340949,35.171353251,132.24340949,35.171353251,100.911688245,32.506765462,22.286846774,96.304022667,0.702165014,33.120990323,126,51,61.113418233,25.0,1.458562792,0.68560641,0.868039664,569
Botia_lohachata_P_9,7,2_3,176.05,31.5,176.05,31.5,35.213203436,13.562541168,7.510330278,162.477746483,0.810753402,14.76482306,170,28,151.699244234,8.310327217,1.805851496,0.55375539,0.87431694,80
Botia_lohachata_P_9,8,2_4,192.828125,37.265625,192.828125,37.265625,32.970562748,12.600738082,6.466869665,73.159421585,0.739838825,13.892443989,190,44,59.743562836,7.069156454,1.948506578,0.513213561,0.859060403,64
Botia_lohachata_P_9,9,3_1,126.896045609,33.2321082,126.896045609,33.2321082,673.012193309,277.869209686,75.550557175,179.606182217,0.457437724,258.822332885,0,0,164.997283979,67.0,3.67792403,0.271892511,0.984358209,16488
Yasuhikotakia_modesta_C_10,1,1_1,50.453942934,43.512581442,50.453942934,43.512581442,797.279220614,114.719038072,49.400599141,167.587251802,0.087992685,244.468811917,0,0,162.380330656,74.0,2.32221957,0.430622501,0.34266138,4451
Yasuhikotakia_modesta_C_10,2,1_2,202.873022481,18.042880933,202.873022481,18.042880933,315.681240867,84.780398666,36.073448988,156.929908691,0.302890266,129.76902558,119,0,151.460014812,55.033199639,2.350216047,0.425492797,0.66326108,2402
Yasuhikotakia_modesta_C_10,3,2_1,127.805671001,34.962662555,127.805671001,34.962662555,962.735064736,238.120485132,79.767129308,178.060142374,0.202258549,244.468811917,0,0,162.380330656,74.0,2.985195621,0.334986422,0.865212852,14918
Yasuhikotakia_modesta_C_10,4,2_2,37.262886598,56.231958763,37.262886598,56.231958763,34.870057685,11.975734691,10.312873408,148.582552941,1.0,12.649110641,31,54,161.565051177,10.606601718,1.161241316,0.861147451,0.923809524,97
Yasuhikotakia_modesta_C_6,1,1_1,129.913482722,39.21102159,129.913482722,39.21102159,1097.019335984,274.965128119,73.565534603,0.306379716,0.165891141,265.932322218,0,0,164.291362171,72.0,3.737689525,0.267544961,0.861924913,15887
Yasuhikotakia_modesta_C_6,2,2_1,137.107202808,14.485350221,137.107202808,14.485350221,750.333044483,260.293076028,32.054401385,178.15789528,0.146265495,263.167247202,0,0,166.597416737,60.84162446,8.120353673,0.123147346,0.517144774,6553
Yasuhikotakia_modesta_C_6,3,2_2,66.587628866,69.868556701,66.587628866,69.868556701,454.970562748,108.716941835,4.544065856,178.681780421,0.02355456,213.759210328,0,54,175.169580042,18.0,23.925036582,0.041797219,0.190944882,388
Yasuhikotakia_modesta_C_6,4,2_3,249.918918919,69.283783784,249.918918919,69.283783784,44.142135624,15.976414991,5.897426072,14.315772735,0.477237874,18.788294228,239,72,25.201123645,7.90569415,2.709048794,0.369133255,0.886227545,74
Yasuhikotakia_modesta_C_7,1,1_1,40.126344086,10.469354839,40.126344086,10.469354839,292.325901808,101.40073044,23.35511335,8.180087492,0.273519448,122.429571591,0,42,20.063072666,39.860116004,4.341692927,0.230324902,0.746089049,1860
Yasuhikotakia_modesta_C_7,2,1_2,218.288617886,16.835044929,218.288617886,16.835044929,340.852813742,87.936303521,33.837683606,160.148956987,0.252775402,140.890028036,123,0,154.344329272,55.504425229,2.598768419,0.384797658,0.589110159,2337
Yasuhikotakia_modesta_C_7,3,1_3,16.998607242,70.137883008,16.998607242,70.137883008,149.69848481,36.815542952,12.415761385,165.412662908,0.201311926,57.982756057,0,45,147.680383492,26.849056604,2.965226361,0.337242382,0.447630923,359
Yasuhikotakia_modesta_C_7,4,1_4,210.515151515,72.848484848,210.515151515,72.848484848,299.213203436,102.344487092,6.568702416,2.59504176,0.074110933,141.598022585,109,76,5.267697128,13.0,15.580624697,0.064182279,0.528528529,528
Yasuhikotakia_modesta_C_8,1,1_1,93.077152051,46.949557522,93.077152051,46.949557522,764.693434176,224.241034488,70.577481848,172.563582569,0.267119916,238.13651547,0,0,160.88027367,78.0,3.17723201,0.31473937,0.85046697,12430
Yasuhikotakia_modesta_C_8,2,1_2,217.74691358,19.38042328,217.74691358,19.38042328,350.752308679,93.495335936,38.607638265,158.261941034,0.289575524,145.344418537,121,0,153.434948823,58.672196386,2.421679754,0.412936516,0.655946321,2835
Yasuhikotakia_modesta_C_8,3,1_3,246.06043956,73.895604396,246.06043956,73.895604396,43.798989873,14.326976154,8.087177457,34.616513748,0.596105415,18.439088915,237,78,40.601294645,10.114913515,1.771566932,0.56447204,0.905472637,91
Yasuhikotakia_modesta_C_8,4,2_1,159.15043417,22.352264727,159.15043417,22.352264727,740.450793489,227.39669265,47.716381772,171.909892631,0.19532552,262.840255669,0,0,162.737003534,78.0,4.765589598,0.209837624,0.561008525,8522
Yasuhikotakia_modesta_C_8,5,2_2,54.964673913,72.675724638,54.964673913,72.675724638,471.597979746,132.399553973,10.61677638,176.688055184,0.06237852,218.673272258,0,51,172.907482672,26.926006074,12.470786728,0.080187403,0.361848574,1104
Yasuhikotakia_modesta_C_9,1,1_1,130.103799186,42.814111262,130.103799186,42.814111262,1146.374675043,241.631974191,69.902983068,1.027698817,0.126851816,262.923943375,0,0,163.425992243,75.0,3.456676147,0.289295253,0.701904762,13266
Yasuhikotakia_modesta_C_9,2,2_1,131.417593529,20.265116279,131.417593529,20.265116279,748.031529293,275.549607217,45.69899128,178.474067991,0.222109098,259.514932133,0,0,166.177945364,61.814479638,6.029664977,0.165846694,0.785887401,9890
Yasuhikotakia_modesta_C_9,3,2_2,23.004032258,69.185483871,23.004032258,69.185483871,243.455844123,48.523349724,13.014905562,169.635583197,0.105160134,95.754895436,0,35,155.308441837,36.842156702,3.728290574,0.268219437,0.27509706,496
Yasuhikotakia_modesta_C_9,4,2_3,227.604477612,72.358208955,227.604477612,72.358208955,168.384776311,60.058916107,5.681557712,3.891718586,0.118778821,77.781745931,175,75,8.130102354,11.0,10.570853831,0.094599738,0.56779661,268
Yasuhikotakia_modesta_P_11,1,1_1,41.014342895,8.834222815,41.014342895,8.834222815,283.982756057,92.876905924,20.549630272,6.274815994,0.233575645,114.236596588,0,45,23.198590514,41.90833888,4.519638782,0.22125662,0.60885459,1499
Yasuhikotakia_modesta_P_11,2,1_2,210.099376461,26.881917381,210.099376461,26.881917381,660.752308679,64.128245759,50.946858645,167.570615711,0.073856571,168.751296291,87,69,24.134858429,69.0,1.258728162,0.79445271,0.267124714,2566
Yasuhikotakia_modesta_P_11,3,1_3,194.6,40.368,194.6,40.368,58.769552622,19.833996245,16.048701545,163.399526602,0.909588798,20.615528128,185,37,165.963756532,16.978359929,1.235862988,0.809151184,0.927643785,250
Yasuhikotakia_modesta_P_11,4,1_4,22.521352313,63.295373665,22.521352313,63.295373665,147.112698372,55.743324934,12.836705112,172.949771236,0.326321626,62.625873247,0,48,160.407718109,20.4353843,4.342494779,0.230282372,0.777316736,562
Yasuhikotakia_modesta_P_11,5,2_1,117.31551767,33.948792932,117.31551767,33.948792932,687.840620434,265.23883949,77.151242263,0.764690547,0.426878369,250.683066839,0,0,164.023209155,69.0,3.437907566,0.290874603,0.9665043,16072
Yasuhikotakia_modesta_P_12,1,1_1,35.079234973,10.705221615,35.079234973,10.705221615,286.911688245,86.916942345,24.126775213,10.144886858,0.251424145,114.061386981,0,53,27.688353891,47.483843202,3.602509725,0.277584261,0.598256448,1647
Yasuhikotakia_modesta_P_12,2,1_2,208.819406482,20.703436158,208.819406482,20.703436158,486.166522241,77.742926103,41.942934715,152.38853138,0.136159937,149.003355667,109,0,151.542983405,71.0,1.85354045,0.539508053,0.371914028,2561
Yasuhikotakia_modesta_P_12,3,1_3,67.771119843,68.765225933,67.771119843,68.765225933,347.69848481,132.92832309,4.875401368,178.930715754,0.052908086,164.514437056,0,58,175.467738291,13.0,27.265103537,0.036676919,0.396108949,509
Yasuhikotakia_modesta_P_13,1,1_1,40.127599244,6.493383743,40.127599244,6.493383743,316.426406871,86.113172216,15.643221631,6.229904868,0.132785328,128.16005618,0,45,20.55604522,42.55404568,5.504823383,0.181658871,0.380301941,1058
Yasuhikotakia_modesta_P_13,2,1_2,223.735467255,18.038631347,223.735467255,18.038631347,359.09545443,94.789081488,36.509110841,160.305790837,0.264874104,147.139389696,127,0,152.912509386,60.1943659,2.596313066,0.385161564,0.605749944,2718
Yasuhikotakia_modesta_P_13,3,1_3,50.595304835,70.529432376,50.595304835,70.529432376,414.183766184,133.098197025,13.650919929,175.974000056,0.104531623,191.637678967,0,52,172.50414236,24.926815768,9.750126564,0.102562771,0.574939565,1427
Yasuhikotakia_modesta_P_13,4,1_4,254.041666667,74.291666667,254.041666667,74.291666667,32.142135624,10.925941042,5.593614125,25.845748341,0.583850482,13.601470509,247,77,36.027373385,7.211102551,1.953288303,0.511957195,0.880733945,48
Yasuhikotakia_modesta_P_14,1,1_1,37.133792049,8.240825688,37.133792049,8.240825688,277.840620434,85.545933251,19.467872536,6.770719907,0.212924741,110.072703247,0,46,24.702430228,42.290660908,4.394210672,0.227572157,0.551317176,1308
Yasuhikotakia_modesta_P_14,2,1_2,197.150747709,13.614809455,197.150747709,13.614809455,330.710678119,93.843004057,28.125970633,165.953295404,0.23818408,137.615406114,105,0,157.348108348,49.373306132,3.336524996,0.299713025,0.6,2073
Yasuhikotakia_modesta_P_14,3,1_3,25.969194313,61.992890995,25.969194313,61.992890995,222.627416998,68.603957886,7.832012969,175.944797896,0.106995379,102.95630141,0,52,172.184706453,14.0,8.759428535,0.114162699,0.54698639,422
Yasuhikotakia_modesta_P_14,4,1_4,206.282608696,63.54743083,206.282608696,63.54743083,175.798989873,59.823003157,5.384711362,3.586865739,0.102872107,80.894993665,152,66,8.53076561,12.0,11.109788275,0.090010716,0.481446242,253
Yasuhikotakia_modesta_P_15,1,1_1,121.545894299,40.313144639,121.545894299,40.313144639,1035.504617358,231.483360418,68.792879787,1.129961811,0.146574673,247.69537743,0,0,163.101351306,72.0,3.364931969,0.297182828,0.732946554,12507
Yasuhikotakia_modesta_P_15,2,2_1,128.7765982,19.433417955,128.7765982,19.433417955,749.445742855,251.846586808,43.811965191,177.556163589,0.193886761,245.230503812,0,0,165.113733151,62.739160354,5.748351751,0.17396291,0.729338495,8666
Yasuhikotakia_modesta_P_15,3,2_2,44.874064838,67.153366584,44.874064838,67.153366584,351.112698372,90.306843385,11.307427838,175.607493029,0.08175064,147.962833171,0,34,165.118470297,37.024349323,7.986506275,0.125211196,0.285714286,802
Yasuhikotakia_modesta_P_15,4,2_3,232.441176471,69.5,232.441176471,69.5,34.727922061,12.234821682,5.30741015,19.075057887,0.531401094,14.76482306,224,72,28.300755766,7.0,2.305233878,0.433795464,0.871794872,51
Yasuhikotakia_modesta_P_16,1,1_1,146.289332887,40.381959539,146.289332887,40.381959539,1470.523953342,234.25170025,65.017634527,2.285446054,0.069513548,298.826036349,0,0,165.266196281,76.0,3.602894845,0.27755459,0.544618467,11962
Yasuhikotakia_modesta_P_16,2,2_1,153.401030928,28.674925175,153.401030928,28.674925175,952.717820794,301.800777172,63.429778858,177.024503999,0.20815398,298.826036349,0,0,165.266196281,76.0,4.758029787,0.210171026,0.729624148,15035
Yasuhikotakia_modesta_P_16,3,2_2,16.170761671,68.374692875,16.170761671,68.374692875,182.870057685,34.859708575,14.86554294,157.632950658,0.15293929,69.202601107,0,34,142.633330587,34.055454527,2.345000698,0.426439105,0.338320865,407
Yasuhikotakia_modesta_P_16,4,2_3,198.247368421,64.636842105,198.247368421,64.636842105,39.213203436,13.649722966,8.861553971,74.421885019,0.776370141,14.317821063,196,57,102.094757077,9.803060747,1.540330625,0.649211269,0.844444444,95
Yasuhikotakia_modesta_P_16,5,2_4,88.421875,72.875,88.421875,72.875,49.798989873,21.989308453,7.411541026,1.456207868,0.648602721,22.360679775,77,76,10.304846469,7.0,2.966900996,0.337052029,0.951672862,128
Yasuhikotakia_modesta_P_17,1,1_1,39.077175698,7.013957307,39.077175698,7.013957307,243.012193309,97.274251937,15.942613123,4.516131321,0.259179723,108.258948822,0,22,11.725112015,21.865065312,6.101524962,0.163893454,0.912701386,1218
Yasuhikotakia_modesta_P_17,2,1_2,220.0412,19.044,220.0412,19.044,452.994949366,83.092328277,38.307975331,156.281602633,0.153095756,155.183762037,114,0,153.600065886,69.0,2.169060817,0.461029028,0.401606426,2500
Yasuhikotakia_modesta_P_17,3,1_3,33.975409836,64.991803279,33.975409836,64.991803279,289.455844123,85.806117643,8.146371486,176.15428427,0.08234127,130.698125465,0,48,170.753887254,20.902629589,10.53304748,0.094939285,0.384184745,549
Yasuhikotakia_modesta_P_18,1,1_1,40.912337662,8.924675325,40.912337662,8.924675325,318.669047558,93.181696225,21.042640114,7.681583423,0.19056837,126.625431885,0,53,24.743537825,48.635414739,4.428232186,0.22582375,0.491855637,1540
Yasuhikotakia_modesta_P_18,2,1_2,220.411412868,18.747332687,220.411412868,18.747332687,373.923881554,103.334717119,38.110424276,161.482103954,0.27798629,153.844076909,120,0,153.768060067,61.52555404,2.711455437,0.368805619,0.645114193,3093
Yasuhikotakia_modesta_P_18,3,1_3,51.774008811,76.370484581,51.774008811,76.370484581,444.769552622,133.698819229,10.808823082,176.643420554,0.07210006,207.393346084,0,58,173.35472179,23.961853899,12.369415081,0.080844566,0.438816934,1135
Yasuhikotakia_modesta_P_18,4,1_4,242.292682927,78.418699187,242.292682927,78.418699187,115.213203436,40.704315847,7.694931643,7.873520381,0.232884437,50.695167423,209,82,14.858614448,13.0,5.289756653,0.189044613,0.692957746,246
Yasuhikotakia_modesta_P_19,1,1_1,99.268869769,21.810324599,99.268869769,21.810324599,669.102597104,164.496016597,39.583615254,170.542282189,0.143544037,188.098378515,0,0,169.586174529,54.704924832,4.155659243,0.240635707,0.609753189,5114
Yasuhikotakia_modesta_P_19,2,1_2,214.304284677,18.071169208,214.304284677,18.071169208,361.09545443,95.697778906,36.641411601,160.463538976,0.265417624,148.030402283,117,0,153.088754972,60.284930572,2.611738324,0.382886751,0.609157266,2754
Yasuhikotakia_modesta_P_19,3,1_3,204.463709677,43.096774194,204.463709677,43.096774194,58.183766184,19.883584045,15.880608163,169.414335886,0.920572265,21.213203436,194,41,171.869897646,16.0,1.252066913,0.798679359,0.934086629,248
Yasuhikotakia_modesta_P_19,4,1_4,62.160660661,70.897397397,62.160660661,70.897397397,450.526911935,152.575856262,8.336615873,177.73897429,0.06184917,213.759210328,0,57,175.169580042,18.0,18.301893548,0.054639155,0.489585886,999
Yasuhikotakia_modesta_P_19,5,1_5,244.255555556,72.877777778,244.255555556,72.877777778,33.313708499,12.434448219,4.60782646,14.226058429,0.509537809,14.317821063,236,75,24.775140569,6.0,2.698549593,0.370569436,0.873786408,45
Yasuhikotakia_modesta_P_19,6,2_1,123.907457812,40.096284703,123.907457812,40.096284703,645.656854249,254.212634516,73.605815797,0.374859332,0.443001785,260.049995193,0,0,163.237445538,75.0,3.453703104,0.289544286,0.786934404,14696
Yasuhikotakia_modesta_P_20,1,1_1,124.199730316,38.583601921,124.199730316,38.583601921,967.09545443,264.594272805,73.157519977,1.122934824,0.204268065,264.969809601,0,0,164.232817458,72.0,3.616774774,0.276489431,0.828050109,15203
Yasuhikotakia_modesta_P_20,2,2_1,154.924578059,22.630537975,154.924578059,22.630537975,1192.173664916,204.00981651,47.332274851,172.970648629,0.067054687,264.969809601,0,0,164.232817458,72.0,4.310162931,0.232009791,0.445816066,7584
Yasuhikotakia_modesta_P_20,3,2_2,29.473518285,65.941361917,29.473518285,65.941361917,211.355339059,76.111777273,13.265738827,173.248198245,0.22307793,92.892410885,0,49,165.66456458,22.5679251,5.737469904,0.174292853,0.726856095,793
Yasuhikotakia_modesta_P_21,1,1_1,141.894127648,45.755820037,141.894127648,45.755820037,1158.960461481,259.312165798,75.084711348,1.284059344,0.143066158,284.091534545,0,0,163.223485712,82.0,3.453594762,0.289553369,0.68561693,15292
Yasuhikotakia_modesta_P_21,2,2_1,144.999873748,24.748379766,144.999873748,24.748379766,917.386868352,264.410843033,57.211568397,177.760420466,0.177401718,284.091534545,0,0,163.223485712,82.0,4.621632485,0.21637376,0.714711102,11881
Yasuhikotakia_modesta_P_21,3,2_2,213.205035971,40.874100719,213.205035971,40.874100719,48.04163056,18.455411664,9.589615227,71.309465673,0.75681405,18.867962264,209,50,57.994616792,11.411195582,1.92452056,0.519609933,0.876971609,139
Yasuhikotakia_modesta_P_21,4,2_3,223.902985075,50.320895522,223.902985075,50.320895522,32.384776311,12.004302026,7.106373141,59.114217345,0.802791681,13.03840481,220,56,57.528807709,8.27230527,1.689230468,0.591985534,0.858974359,67
Yasuhikotakia_modesta_P_21,5,2_4,50.019201229,75.963133641,50.019201229,75.963133641,374.183766184,128.101571285,12.940964507,175.917494926,0.116855986,170.988303694,0,56,171.253837737,25.864007731,9.898919916,0.101021122,0.567567568,1302
Yasuhikotakia_modesta_P_22,1,1_1,37.96462585,8.718367347,37.96462585,8.718367347,249.840620434,95.05305238,19.690710439,6.074227449,0.295938249,107.563934476,0,31,16.750264505,30.210945778,4.827304361,0.207154951,0.841442473,1470
Yasuhikotakia_modesta_P_22,2,1_2,211.256619145,17.189069925,211.256619145,17.189069925,380.509667992,107.422835632,34.917749813,163.967870154,0.255688512,157.990506044,107,0,155.706112397,59.737621805,3.076453558,0.325049601,0.615802676,2946
Yasuhikotakia_modesta_P_22,3,1_3,43.142052566,70.377346683,43.142052566,70.377346683,369.112698372,100.613809595,10.111120932,176.217314676,0.07369511,161.207940251,0,43,168.550662011,31.587581153,9.950806668,0.100494365,0.304671115,799
Yasuhikotakia_modesta_P_22,4,1_4,228.182539683,72.928571429,228.182539683,72.928571429,155.556349186,54.647071232,4.40357129,3.303627663,0.098151329,72.560319735,179,75,7.125016349,9.0,12.409716486,0.080582018,0.513586957,189
Yasuhikotakia_modesta_P_23,1,1_1,40.076547231,9.294788274,40.076547231,9.294788274,314.669047558,92.185298303,21.201023777,8.796522036,0.194809527,127.236001195,0,50,23.139461763,46.448437406,4.348153149,0.2299827,0.510305851,1535
Yasuhikotakia_modesta_P_23,2,1_2,218.690078329,14.451436031,218.690078329,14.451436031,320.124891681,82.889832218,29.415594928,162.498317982,0.234822525,132.502830158,128,0,155.94970147,49.800630468,2.817887329,0.354875793,0.570960048,1915
Yasuhikotakia_modesta_P_23,3,1_3,35.9646098,65.407441016,35.9646098,65.407441016,224.04163056,83.688705085,8.382911271,177.134114146,0.137944381,100.448992031,0,52,170.256358713,16.938990872,9.983250732,0.100167774,0.612903226,551
Yasuhikotakia_modesta_P_23,4,1_4,211.171604938,66.314814815,211.171604938,66.314814815,273.213203436,89.771872628,5.744137897,2.593559048,0.06818071,128.658462605,121,69,5.799217629,13.0,15.628432716,0.063985943,0.446035242,405
Yasuhikotakia_modesta_P_24,1,1_1,131.478415596,46.15209655,131.478415596,46.15209655,1270.700576851,230.342336626,71.449715221,1.463145071,0.100597587,272.029410175,0,0,162.897271031,80.0,3.223838414,0.310189244,0.621442308,12926
Yasuhikotakia_modesta_P_24,2,2_1,138.986911811,26.432767217,138.986911811,26.432767217,1111.906637612,269.904194052,60.552237262,176.838984121,0.130467676,272.029410175,0,0,162.897271031,80.0,4.457377733,0.224347152,0.649759555,12836
Yasuhikotakia_modesta_P_24,3,2_2,16.325301205,73.198795181,16.325301205,73.198795181,123.941125497,42.915704642,14.774854533,166.479966578,0.407388097,51.894122981,0,58,154.916405994,20.472637791,2.904644817,0.344276172,0.894075404,498
Yasuhikotakia_modesta_P_25,1,1_1,38.124906786,8.249440716,38.124906786,8.249440716,315.254833996,90.654057222,18.834393979,7.918653226,0.169556769,127.769323392,0,49,22.550875482,45.712818657,4.813218696,0.207761181,0.450907868,1341
Yasuhikotakia_modesta_P_25,2,1_2,233.474479167,22.14375,233.474479167,22.14375,410.894444303,110.455955891,44.264157712,158.81086857,0.28581206,168.6475615,124,0,152.067404818,70.354281192,2.495381401,0.400740344,0.640106684,3840
Yasuhikotakia_modesta_P_25,3,1_3,38.268874172,80.129139073,38.268874172,80.129139073,270.426406871,96.520549068,19.918988559,173.207346607,0.259470875,115.134703717,0,55,162.824096384,32.831103264,4.845655129,0.206370444,0.777749163,1510
Yasuhikotakia_modesta_P_25,4,1_4,267.333333333,86.166666667,267.333333333,86.166666667,42.142135624,15.018940137,6.10384264,16.565853638,0.509459048,17.88854382,257,89,26.565051177,8.0,2.460571319,0.406409679,0.911392405,72
Yasuhikotakia_modesta_P_25,5,1_5,168.5,88.5,168.5,88.5,154.242640687,86.885195862,1.128379167,0.0,0.04067164,77.006493233,130,88,179.255940797,1.0,77.0,0.012987013,1.0,77
Yasuhikotakia_modesta_P_26,1,1_1,125.270898018,40.76821113,125.270898018,40.76821113,1044.149278299,270.111068947,78.94610161,0.301571263,0.193040143,259.38388539,0,0,162.962232204,76.0,3.421461775,0.292272738,0.888582343,16748
Yasuhikotakia_modesta_P_26,2,2_1,119.825233281,39.032983411,119.825233281,39.032983411,1287.813275223,246.077018812,79.847491445,0.849816167,0.11693009,259.38388539,0,0,162.962232204,76.0,3.081837818,0.324481708,0.818760611,15432
Yasuhikotakia_modesta_P_26,3,2_2,200.583333333,53.5,200.583333333,53.5,15.313708499,5.603992889,2.726426468,149.313591739,0.643028702,6.708203932,198,52,153.434948823,3.8,2.055435184,0.486514976,0.727272727,12
Yasuhikotakia_modesta_P_26,4,3_1,138.316133942,21.420446474,138.316133942,21.420446474,674.149278299,265.83729256,47.200961131,176.309771637,0.272492369,256.376676006,0,0,165.31331205,64.787849207,5.632031344,0.17755583,0.750571211,9855
Yasuhikotakia_modesta_P_26,5,3_2,24.130541872,72.022167488,24.130541872,72.022167488,164.870057685,58.604757271,8.820704653,174.256339181,0.187694833,73.006848994,0,59,166.534791905,16.795419413,6.643999496,0.150511751,0.627511592,406
Yasuhikotakia_modesta_P_26,6,3_3,214.201923077,74.057692308,214.201923077,74.057692308,232.970562748,69.372392482,3.817567995,2.142050988,0.048158295,110.453610172,138,76,5.194428908,10.0,18.171881304,0.055030075,0.338762215,208
Yasuhikotakia_modesta_P_27,1,1_1,117.808155206,39.288691782,117.808155206,39.288691782,1025.889393669,260.11076613,78.089772136,0.250904214,0.190480775,260.340162096,0,0,163.026716232,76.0,3.330919774,0.300217378,0.843003593,15953
Yasuhikotakia_modesta_P_27,2,2_1,159.153991796,18.85689492,159.153991796,18.85689492,671.320851174,211.791563342,38.102519795,173.606008153,0.176726561,257.856549267,0,0,164.939764149,72.0,5.558466067,0.179905749,0.495291681,6338
Yasuhikotakia_modesta_P_27,3,2_2,134.893296089,42.297765363,134.893296089,42.297765363,141.539105243,48.928865962,23.28992038,163.316071143,0.561409824,55.713553109,109,36,158.962488975,28.138261654,2.100860165,0.475995507,0.823745973,895
Yasuhikotakia_modesta_P_27,4,2_3,51.979674797,71.01129178,51.979674797,71.01129178,385.112698372,134.937547312,10.445396438,176.809802566,0.093795458,181.0,0,57,173.974424992,19.0,12.918374914,0.077409117,0.608910891,1107
Yasuhikotakia_modesta_P_27,5,2_4,237.56,73.9,237.56,73.9,84.142135624,29.338452934,4.339831918,6.287423733,0.177493643,37.854986461,212,76,12.200468727,8.0,6.760274012,0.147922998,0.588235294,100
Yasuhikotakia_modesta_P_28,1,1_1,130.104882243,44.59807481,130.104882243,44.59807481,896.953318806,291.503525958,91.431907392,0.314852642,0.326965293,282.412818406,0,0,162.270786564,86.0,3.188203487,0.313656266,0.90485865,20933
Yasuhikotakia_modesta_P_28,2,2_1,160.441609343,15.29475284,160.441609343,15.29475284,723.948268172,243.176119078,32.729449028,176.014915661,0.149880211,278.212149267,0,0,165.214508317,70.469637184,7.429887343,0.134591543,0.442047946,6251
Yasuhikotakia_modesta_P_28,3,2_2,228.267676768,48.646464646,228.267676768,48.646464646,208.492424049,72.822252155,17.309367837,145.139408444,0.286196621,82.661962232,196,25,145.348684088,24.294507135,4.20710062,0.237693388,0.710696339,990
Yasuhikotakia_modesta_P_28,4,2_3,83.763657957,79.01128266,83.763657957,79.01128266,638.367532368,165.85668592,12.927639193,177.70828152,0.051929049,273.248970721,0,38,169.882700421,47.725326175,12.829619039,0.077944637,0.204816346,1684
Yasuhikotakia_modesta_P_28,5,3_1,134.666282659,42.769921315,134.666282659,42.769921315,714.627416998,303.763946186,96.418056242,179.929057179,0.566024194,282.412818406,0,0,162.270786564,86.0,3.150488176,0.317411126,0.994337339,23003
