Name, ,Image,Pass,ClusterID,lw_mean,lw_sd,mw_mean,mw_sd,sw_mean,sw_sd,lum_mean,lum_sd,Area,Coverage (pc),RNL X,RNL Y,RNL Saturation,Dmax Chromaticity,Dmax channel
Botia_lohachata_C_10,1,Botia_lohachata_C_10_Sony_A7_28_to_70mm_D65_to_Pike_Cichlid_Crenicichla_frenata_D65_Acuity8.08_Dist100_FishOutline_WeberFiltered_itr5_rad5_fall3,20,1,0.200343732,0.038557096,0.166068011,0.033353553,0.145876316,0.03045044,0.182281466,0.035670138,300057,60.87991333,2.166660966,-1.492653876,2.631052134,0.157320224,lw:sw
Botia_lohachata_C_10,2,Botia_lohachata_C_10_Sony_A7_28_to_70mm_D65_to_Pike_Cichlid_Crenicichla_frenata_D65_Acuity8.08_Dist100_FishOutline_WeberFiltered_itr5_rad5_fall3,20,2,0.343298153,0.069474893,0.286557288,0.059163993,0.246559294,0.05242676,0.313397463,0.063816782,175432,35.594184875,2.086105092,-1.586684712,2.620954564,0.164003793,lw:sw
Botia_lohachata_C_10,3,Botia_lohachata_C_10_Sony_A7_28_to_70mm_D65_to_Pike_Cichlid_Crenicichla_frenata_D65_Acuity8.08_Dist100_FishOutline_WeberFiltered_itr5_rad5_fall3,20,3,0.09392543,0.017281524,0.077388009,0.014363478,0.070953044,0.014072275,0.085210008,0.01552772,13033,2.644323826,2.236315134,-1.265275144,2.569440906,0.1393292,lw:sw
Botia_lohachata_C_10,4,Botia_lohachata_C_10_Sony_A7_28_to_70mm_D65_to_Pike_Cichlid_Crenicichla_frenata_D65_Acuity8.08_Dist100_FishOutline_WeberFiltered_itr5_rad5_fall3,20,4,0.039725012,0.006777623,0.028957734,0.006055317,0.029205655,0.005391458,0.034043259,0.006343869,4345,0.881576598,3.650536395,-1.18505777,3.838069552,0.156768314,lw:mw
Botia_lohachata_C_11,1,Botia_lohachata_C_11_Sony_A7_28_to_70mm_D65_to_Pike_Cichlid_Crenicichla_frenata_D65_Acuity8.08_Dist100_FishOutline_WeberFiltered_itr5_rad5_fall3,20,1,0.163230506,0.034867858,0.135495169,0.0289368,0.117154673,0.023196913,0.148614749,0.031646695,95018,26.523929596,2.150382094,-1.579746522,2.66828451,0.16433049,lw:sw
Botia_lohachata_C_11,2,Botia_lohachata_C_11_Sony_A7_28_to_70mm_D65_to_Pike_Cichlid_Crenicichla_frenata_D65_Acuity8.08_Dist100_FishOutline_WeberFiltered_itr5_rad5_fall3,20,2,0.396677148,0.050828955,0.335555082,0.042691658,0.282522385,0.038162304,0.3644677,0.046185534,109469,30.55787468,1.932248979,-1.66174606,2.548526257,0.1680725,lw:sw
Botia_lohachata_C_11,3,Botia_lohachata_C_11_Sony_A7_28_to_70mm_D65_to_Pike_Cichlid_Crenicichla_frenata_D65_Acuity8.08_Dist100_FishOutline_WeberFiltered_itr5_rad5_fall3,20,3,0.271264909,0.034133679,0.227798516,0.029071266,0.193902055,0.026232742,0.24835945,0.031198693,105434,29.431518555,2.016516488,-1.626266091,2.590575254,0.166312014,lw:sw
Botia_lohachata_C_11,4,Botia_lohachata_C_11_Sony_A7_28_to_70mm_D65_to_Pike_Cichlid_Crenicichla_frenata_D65_Acuity8.08_Dist100_FishOutline_WeberFiltered_itr5_rad5_fall3,20,4,0.630686291,0.115374028,0.521067501,0.086365237,0.429529683,0.068891604,0.572920562,0.099797815,42455,11.851159096,2.204672106,-1.877904692,2.896049918,0.189731727,lw:sw
Botia_lohachata_C_11,5,Botia_lohachata_C_11_Sony_A7_28_to_70mm_D65_to_Pike_Cichlid_Crenicichla_frenata_D65_Acuity8.08_Dist100_FishOutline_WeberFiltered_itr5_rad5_fall3,20,5,0.046233671,0.007811331,0.03390637,0.007078134,0.034446812,0.006744078,0.039730841,0.00733089,5859,1.635518551,3.580812056,-1.118760266,3.75151163,0.153821994,lw:mw
Botia_lohachata_C_12,1,Botia_lohachata_C_12_Sony_A7_28_to_70mm_D65_to_Pike_Cichlid_Crenicichla_frenata_D65_Acuity8.08_Dist100_FishOutline_WeberFiltered_itr5_rad5_fall3,20,1,0.142397834,0.026238495,0.120522359,0.022633954,0.111038744,0.020482058,0.130870043,0.024226499,72017,17.861536026,1.925931532,-1.131805891,2.233874849,0.123735453,lw:sw
Botia_lohachata_C_12,2,Botia_lohachata_C_12_Sony_A7_28_to_70mm_D65_to_Pike_Cichlid_Crenicichla_frenata_D65_Acuity8.08_Dist100_FishOutline_WeberFiltered_itr5_rad5_fall3,20,2,0.230705372,0.033536164,0.196709878,0.02866054,0.17706577,0.026147832,0.212790791,0.030759095,230445,57.154582977,1.840737324,-1.239238777,2.219014791,0.131543399,lw:sw
Botia_lohachata_C_12,3,Botia_lohachata_C_12_Sony_A7_28_to_70mm_D65_to_Pike_Cichlid_Crenicichla_frenata_D65_Acuity8.08_Dist100_FishOutline_WeberFiltered_itr5_rad5_fall3,20,3,0.357904551,0.044581933,0.303488828,0.038967733,0.266125628,0.036255571,0.329229138,0.04125432,99867,24.768846512,1.904362032,-1.414099984,2.37197671,0.147074495,lw:sw
Botia_lohachata_C_12,4,Botia_lohachata_C_12_Sony_A7_28_to_70mm_D65_to_Pike_Cichlid_Crenicichla_frenata_D65_Acuity8.08_Dist100_FishOutline_WeberFiltered_itr5_rad5_fall3,20,4,0.042634489,0.007763704,0.033820278,0.006952763,0.033860975,0.006306338,0.037984419,0.007297219,867,0.215031892,2.674337731,-0.897707874,2.82098595,0.11528661,lw:mw
Botia_lohachata_C_13,1,Botia_lohachata_C_13_Sony_A7_28_to_70mm_D65_to_Pike_Cichlid_Crenicichla_frenata_D65_Acuity8.08_Dist100_FishOutline_WeberFiltered_itr5_rad5_fall3,20,1,0.123149377,0.022597259,0.100852935,0.019891854,0.086063905,0.017366323,0.111399588,0.021021544,152201,25.669692993,2.306352405,-1.709465266,2.870807014,0.177261557,lw:sw
Botia_lohachata_C_13,2,Botia_lohachata_C_13_Sony_A7_28_to_70mm_D65_to_Pike_Cichlid_Crenicichla_frenata_D65_Acuity8.08_Dist100_FishOutline_WeberFiltered_itr5_rad5_fall3,20,2,0.230040549,0.042958988,0.197360616,0.038588035,0.170361495,0.035379532,0.212819222,0.040490339,314847,53.10100174,1.769278088,-1.460595425,2.294271986,0.149047824,lw:sw
Botia_lohachata_C_13,3,Botia_lohachata_C_13_Sony_A7_28_to_70mm_D65_to_Pike_Cichlid_Crenicichla_frenata_D65_Acuity8.08_Dist100_FishOutline_WeberFiltered_itr5_rad5_fall3,20,3,0.392548414,0.064651617,0.339211307,0.054277138,0.288218844,0.046365505,0.364441399,0.058903941,124030,20.918470383,1.68629664,-1.525066543,2.273636805,0.153252919,lw:sw
Botia_lohachata_C_13,4,Botia_lohachata_C_13_Sony_A7_28_to_70mm_D65_to_Pike_Cichlid_Crenicichla_frenata_D65_Acuity8.08_Dist100_FishOutline_WeberFiltered_itr5_rad5_fall3,20,4,0.052507791,0.012607346,0.041077037,0.013066524,0.038876637,0.012045601,0.046477681,0.01278506,983,0.165789366,2.834950081,-1.281705962,3.111223575,0.149162764,lw:sw
Botia_lohachata_C_13,5,Botia_lohachata_C_13_Sony_A7_28_to_70mm_D65_to_Pike_Cichlid_Crenicichla_frenata_D65_Acuity8.08_Dist100_FishOutline_WeberFiltered_itr5_rad5_fall3,20,5,0.031487531,0.002904326,0.019552575,0.002287622,0.019850546,0.002117018,0.025186473,0.002541354,860,0.145044625,5.502005471,-1.77275658,5.78054756,0.233834845,lw:mw
Botia_lohachata_C_14,1,Botia_lohachata_C_14_Sony_A7_28_to_70mm_D65_to_Pike_Cichlid_Crenicichla_frenata_D65_Acuity8.08_Dist100_FishOutline_WeberFiltered_itr5_rad5_fall3,20,1,0.112766157,0.018962312,0.093708199,0.016773942,0.082552493,0.014669896,0.102722896,0.017712494,45058,26.849004745,2.137717447,-1.465944996,2.592070719,0.154689089,lw:sw
Botia_lohachata_C_14,2,Botia_lohachata_C_14_Sony_A7_28_to_70mm_D65_to_Pike_Cichlid_Crenicichla_frenata_D65_Acuity8.08_Dist100_FishOutline_WeberFiltered_itr5_rad5_fall3,20,2,0.046206819,0.009420837,0.035304583,0.007367375,0.03569224,0.005301823,0.040453256,0.008310381,532,0.31700632,3.10748754,-0.987302046,3.260558869,0.133751053,lw:mw
Botia_lohachata_C_14,3,Botia_lohachata_C_14_Sony_A7_28_to_70mm_D65_to_Pike_Cichlid_Crenicichla_frenata_D65_Acuity8.08_Dist100_FishOutline_WeberFiltered_itr5_rad5_fall3,20,3,0.178692098,0.020838499,0.151781951,0.018476221,0.133817906,0.018470735,0.164511143,0.019357629,19418,11.570730209,1.884705514,-1.375740848,2.333404756,0.143592816,lw:sw
Botia_lohachata_C_14,4,Botia_lohachata_C_14_Sony_A7_28_to_70mm_D65_to_Pike_Cichlid_Crenicichla_frenata_D65_Acuity8.08_Dist100_FishOutline_WeberFiltered_itr5_rad5_fall3,20,4,0.313382247,0.076505269,0.267881715,0.063784548,0.231556589,0.052348109,0.289404856,0.06964087,98579,58.740913391,1.811484562,-1.46673658,2.330835153,0.150155674,lw:sw
Botia_lohachata_C_14,5,Botia_lohachata_C_14_Sony_A7_28_to_70mm_D65_to_Pike_Cichlid_Crenicichla_frenata_D65_Acuity8.08_Dist100_FishOutline_WeberFiltered_itr5_rad5_fall3,20,5,0.070166287,0.009035792,0.056529703,0.008240547,0.052955807,0.007885154,0.062978443,0.008512543,3992,2.378739119,2.495343871,-1.226892417,2.780648493,0.139783848,lw:sw
Botia_lohachata_C_14,6,Botia_lohachata_C_14_Sony_A7_28_to_70mm_D65_to_Pike_Cichlid_Crenicichla_frenata_D65_Acuity8.08_Dist100_FishOutline_WeberFiltered_itr5_rad5_fall3,20,6,0.034817084,0.00243914,0.026023709,0.002172797,0.027152663,0.002052876,0.030173218,0.002244838,241,0.143606246,3.361357006,-0.888332501,3.476759347,0.144530915,lw:mw
Botia_lohachata_C_4,1,Botia_lohachata_C_4_Sony_A7_28_to_70mm_D65_to_Pike_Cichlid_Crenicichla_frenata_D65_Acuity8.08_Dist100_FishOutline_WeberFiltered_itr5_rad5_fall3,20,1,0.313638799,0.043043905,0.266080745,0.038082426,0.230454536,0.034627272,0.288577159,0.040166256,141937,34.263526917,1.89882694,-1.484712221,2.410376346,0.152886018,lw:sw
Botia_lohachata_C_4,2,Botia_lohachata_C_4_Sony_A7_28_to_70mm_D65_to_Pike_Cichlid_Crenicichla_frenata_D65_Acuity8.08_Dist100_FishOutline_WeberFiltered_itr5_rad5_fall3,20,2,0.542359669,0.129099727,0.45928364,0.105882097,0.389512026,0.089920156,0.498581158,0.116618584,168751,40.736412048,1.919833623,-1.615032551,2.508802759,0.164022198,lw:sw
Botia_lohachata_C_4,3,Botia_lohachata_C_4_Sony_A7_28_to_70mm_D65_to_Pike_Cichlid_Crenicichla_frenata_D65_Acuity8.08_Dist100_FishOutline_WeberFiltered_itr5_rad5_fall3,20,3,0.20190322,0.028941485,0.168261767,0.02505617,0.147208851,0.021771325,0.184175148,0.026713806,84438,20.383295059,2.104658049,-1.495294186,2.581761067,0.156667079,lw:sw
Botia_lohachata_C_4,4,Botia_lohachata_C_4_Sony_A7_28_to_70mm_D65_to_Pike_Cichlid_Crenicichla_frenata_D65_Acuity8.08_Dist100_FishOutline_WeberFiltered_itr5_rad5_fall3,20,4,0.122200357,0.021655314,0.101602512,0.018127073,0.093435645,0.014695156,0.111345071,0.019612661,17136,4.136622429,2.131518195,-1.212135476,2.452068969,0.13339476,lw:sw
Botia_lohachata_C_4,5,Botia_lohachata_C_4_Sony_A7_28_to_70mm_D65_to_Pike_Cichlid_Crenicichla_frenata_D65_Acuity8.08_Dist100_FishOutline_WeberFiltered_itr5_rad5_fall3,20,5,0.05186295,0.01110488,0.038546937,0.0096559,0.039067988,0.007656253,0.044829947,0.010241281,1989,0.480143666,3.426341956,-1.080487485,3.592669259,0.14728492,lw:mw
Botia_lohachata_C_5,1,Botia_lohachata_C_5_Sony_A7_28_to_70mm_D65_to_Pike_Cichlid_Crenicichla_frenata_D65_Acuity8.08_Dist100_FishOutline_WeberFiltered_itr5_rad5_fall3,20,1,0.304932234,0.050393979,0.256067682,0.043011995,0.220155311,0.037421467,0.279182116,0.046336492,128648,50.069667816,2.016671691,-1.567721796,2.55435243,0.16145293,lw:sw
Botia_lohachata_C_5,2,Botia_lohachata_C_5_Sony_A7_28_to_70mm_D65_to_Pike_Cichlid_Crenicichla_frenata_D65_Acuity8.08_Dist100_FishOutline_WeberFiltered_itr5_rad5_fall3,20,2,0.500078826,0.108151681,0.419135274,0.090439841,0.356584839,0.079430489,0.457424064,0.098605237,101767,39.607608795,2.038891114,-1.6368426,2.61463777,0.167503295,lw:sw
Botia_lohachata_C_5,3,Botia_lohachata_C_5_Sony_A7_28_to_70mm_D65_to_Pike_Cichlid_Crenicichla_frenata_D65_Acuity8.08_Dist100_FishOutline_WeberFiltered_itr5_rad5_fall3,20,3,0.136949527,0.033533022,0.111829762,0.028806523,0.0992982,0.024885105,0.12371211,0.030849818,23475,9.136445045,2.339839024,-1.488026438,2.772917117,0.159372227,lw:sw
Botia_lohachata_C_5,4,Botia_lohachata_C_5_Sony_A7_28_to_70mm_D65_to_Pike_Cichlid_Crenicichla_frenata_D65_Acuity8.08_Dist100_FishOutline_WeberFiltered_itr5_rad5_fall3,20,4,0.057323188,0.011915056,0.045884095,0.011053774,0.045687873,0.011212365,0.051293861,0.011346384,2927,1.139185309,2.570225923,-0.894645698,2.721479785,0.112952091,lw:sw
Botia_lohachata_C_5,5,Botia_lohachata_C_5_Sony_A7_28_to_70mm_D65_to_Pike_Cichlid_Crenicichla_frenata_D65_Acuity8.08_Dist100_FishOutline_WeberFiltered_itr5_rad5_fall3,20,5,0.034025668,0.000752048,0.025808472,0.000340568,0.027413541,0.000438553,0.029692029,0.000479795,121,0.047093075,3.191755748,-0.72625732,3.273339953,0.137332909,lw:mw
Botia_lohachata_C_6,1,Botia_lohachata_C_6_Sony_A7_28_to_70mm_D65_to_Pike_Cichlid_Crenicichla_frenata_D65_Acuity8.08_Dist100_FishOutline_WeberFiltered_itr5_rad5_fall3,20,1,0.053138991,0.007750723,0.040795106,0.006551744,0.040140465,0.005717301,0.046625523,0.007062755,1084,0.298332483,3.052456829,-1.12747106,3.254025766,0.139350366,lw:sw
Botia_lohachata_C_6,2,Botia_lohachata_C_6_Sony_A7_28_to_70mm_D65_to_Pike_Cichlid_Crenicichla_frenata_D65_Acuity8.08_Dist100_FishOutline_WeberFiltered_itr5_rad5_fall3,20,2,0.227887906,0.03669965,0.187584691,0.030943413,0.161389216,0.026755552,0.206649306,0.033467042,83733,23.044532776,2.247332281,-1.64167204,2.783089914,0.170826095,lw:sw
Botia_lohachata_C_6,3,Botia_lohachata_C_6_Sony_A7_28_to_70mm_D65_to_Pike_Cichlid_Crenicichla_frenata_D65_Acuity8.08_Dist100_FishOutline_WeberFiltered_itr5_rad5_fall3,20,3,0.107970189,0.025099118,0.090328407,0.021884245,0.083640577,0.018458731,0.098672127,0.023317298,15492,4.263622284,2.060035518,-1.147683074,2.358160888,0.126974142,lw:sw
Botia_lohachata_C_6,4,Botia_lohachata_C_6_Sony_A7_28_to_70mm_D65_to_Pike_Cichlid_Crenicichla_frenata_D65_Acuity8.08_Dist100_FishOutline_WeberFiltered_itr5_rad5_fall3,20,4,0.348702347,0.043487532,0.287108657,0.035169345,0.241506261,0.029756752,0.316244362,0.038736493,144486,39.764636993,2.244266574,-1.772795351,2.859988779,0.181624065,lw:sw
Botia_lohachata_C_6,5,Botia_lohachata_C_6_Sony_A7_28_to_70mm_D65_to_Pike_Cichlid_Crenicichla_frenata_D65_Acuity8.08_Dist100_FishOutline_WeberFiltered_itr5_rad5_fall3,20,5,0.462423468,0.032062906,0.381264623,0.027840737,0.317134994,0.030198647,0.419655253,0.028790572,59498,16.374710083,2.228440657,-1.833075466,2.88550055,0.186372775,lw:sw
Botia_lohachata_C_6,6,Botia_lohachata_C_6_Sony_A7_28_to_70mm_D65_to_Pike_Cichlid_Crenicichla_frenata_D65_Acuity8.08_Dist100_FishOutline_WeberFiltered_itr5_rad5_fall3,20,6,0.667683569,0.1105854,0.550882948,0.089702717,0.459925576,0.079842032,0.606133236,0.099047526,57127,15.722176552,2.220411089,-1.80862811,2.863801851,0.18424646,lw:sw
Botia_lohachata_C_6,7,Botia_lohachata_C_6_Sony_A7_28_to_70mm_D65_to_Pike_Cichlid_Crenicichla_frenata_D65_Acuity8.08_Dist100_FishOutline_WeberFiltered_itr5_rad5_fall3,20,7,0.040132478,0.004898595,0.028273504,0.004777972,0.029287325,0.004082052,0.033868125,0.004703074,1933,0.531989574,4.044489622,-1.161852664,4.20806344,0.173361659,lw:mw
Botia_lohachata_C_7,1,Botia_lohachata_C_7_Sony_A7_28_to_70mm_D65_to_Pike_Cichlid_Crenicichla_frenata_D65_Acuity8.08_Dist100_FishOutline_WeberFiltered_itr5_rad5_fall3,20,1,0.100223412,0.013511948,0.081274904,0.011745446,0.074270228,0.010738185,0.090237943,0.012418007,127177,27.239877701,2.419858259,-1.346786402,2.769394809,0.148734267,lw:sw
Botia_lohachata_C_7,2,Botia_lohachata_C_7_Sony_A7_28_to_70mm_D65_to_Pike_Cichlid_Crenicichla_frenata_D65_Acuity8.08_Dist100_FishOutline_WeberFiltered_itr5_rad5_fall3,20,2,0.160423857,0.029932699,0.132679547,0.024986011,0.117072491,0.022048988,0.145803448,0.027138539,247639,53.041481018,2.192589683,-1.47508719,2.642599428,0.156223195,lw:sw
Botia_lohachata_C_7,3,Botia_lohachata_C_7_Sony_A7_28_to_70mm_D65_to_Pike_Cichlid_Crenicichla_frenata_D65_Acuity8.08_Dist100_FishOutline_WeberFiltered_itr5_rad5_fall3,20,3,0.273782039,0.05108438,0.227674171,0.044390834,0.194984072,0.038786873,0.249484608,0.047298347,91004,19.49202919,2.129475176,-1.628673702,2.680903309,0.168096552,lw:sw
Botia_lohachata_C_7,4,Botia_lohachata_C_7_Sony_A7_28_to_70mm_D65_to_Pike_Cichlid_Crenicichla_frenata_D65_Acuity8.08_Dist100_FishOutline_WeberFiltered_itr5_rad5_fall3,20,4,0.039394774,0.005884495,0.02826049,0.005656801,0.028233508,0.005317092,0.033518944,0.005648063,1058,0.226611659,3.835575546,-1.303210365,4.050925453,0.165038437,lw:sw
Botia_lohachata_C_8,1,Botia_lohachata_C_8_Sony_A7_28_to_70mm_D65_to_Pike_Cichlid_Crenicichla_frenata_D65_Acuity8.08_Dist100_t1_WeberFiltered_itr5_rad5_fall3,20,1,0.191841641,0.040520777,0.159813763,0.03522891,0.143216026,0.031703837,0.174963886,0.037602201,86107,21.690458298,2.10920202,-1.356117362,2.507546103,0.145126107,lw:sw
Botia_lohachata_C_8,2,Botia_lohachata_C_8_Sony_A7_28_to_70mm_D65_to_Pike_Cichlid_Crenicichla_frenata_D65_Acuity8.08_Dist100_t1_WeberFiltered_itr5_rad5_fall3,20,2,0.335609384,0.055471217,0.282679606,0.046073517,0.249511989,0.039928362,0.307717018,0.050313799,219945,55.404415131,1.98186926,-1.40182765,2.427535072,0.147144506,lw:sw
Botia_lohachata_C_8,3,Botia_lohachata_C_8_Sony_A7_28_to_70mm_D65_to_Pike_Cichlid_Crenicichla_frenata_D65_Acuity8.08_Dist100_t1_WeberFiltered_itr5_rad5_fall3,20,3,0.575548529,0.095306685,0.477301066,0.078057315,0.407966669,0.066821559,0.523775139,0.085963407,83341,20.993700027,2.161337164,-1.650963414,2.719753395,0.170390717,lw:sw
Botia_lohachata_C_8,4,Botia_lohachata_C_8_Sony_A7_28_to_70mm_D65_to_Pike_Cichlid_Crenicichla_frenata_D65_Acuity8.08_Dist100_t1_WeberFiltered_itr5_rad5_fall3,20,4,0.084037804,0.013074543,0.066272437,0.012369765,0.062256137,0.01190376,0.074675099,0.012584657,4628,1.165798903,2.742346644,-1.294098208,3.032351445,0.148889741,lw:sw
Botia_lohachata_C_8,5,Botia_lohachata_C_8_Sony_A7_28_to_70mm_D65_to_Pike_Cichlid_Crenicichla_frenata_D65_Acuity8.08_Dist100_t1_WeberFiltered_itr5_rad5_fall3,20,5,0.048089436,0.009560577,0.035796645,0.007458937,0.034990823,0.006960609,0.041607003,0.008344609,2960,0.745627642,3.408794374,-1.286646133,3.643533636,0.157662162,lw:sw
Botia_lohachata_P_1,1,Botia_lohachata_P_1_Sony_A7_28_to_70mm_D65_to_Pike_Cichlid_Crenicichla_frenata_D65_Acuity8.08_Dist100_FishOutline_WeberFiltered_itr5_rad5_fall3,20,1,0.258591407,0.033741858,0.221434161,0.030140134,0.196597939,0.029016713,0.23901068,0.031638559,120894,32.65102005,1.791228343,-1.303095759,2.215075063,0.136192703,lw:sw
Botia_lohachata_P_1,2,Botia_lohachata_P_1_Sony_A7_28_to_70mm_D65_to_Pike_Cichlid_Crenicichla_frenata_D65_Acuity8.08_Dist100_FishOutline_WeberFiltered_itr5_rad5_fall3,20,2,0.4756171,0.140763239,0.40954923,0.118435492,0.35828076,0.102955643,0.440801366,0.128807158,167076,45.123844147,1.726935014,-1.367926447,2.203072243,0.140708288,lw:sw
Botia_lohachata_P_1,3,Botia_lohachata_P_1_Sony_A7_28_to_70mm_D65_to_Pike_Cichlid_Crenicichla_frenata_D65_Acuity8.08_Dist100_FishOutline_WeberFiltered_itr5_rad5_fall3,20,3,0.16243617,0.026474004,0.135324013,0.022918799,0.11942731,0.020540453,0.14814885,0.02444457,79886,21.575592041,2.108648227,-1.445637883,2.556612257,0.152587559,lw:sw
Botia_lohachata_P_1,4,Botia_lohachata_P_1_Sony_A7_28_to_70mm_D65_to_Pike_Cichlid_Crenicichla_frenata_D65_Acuity8.08_Dist100_FishOutline_WeberFiltered_itr5_rad5_fall3,20,4,0.071456703,0.012985805,0.05953661,0.012797005,0.057932987,0.011823409,0.065171751,0.012852693,1155,0.31194213,2.107345469,-0.872933759,2.280990635,0.10451927,lw:sw
Botia_lohachata_P_1,5,Botia_lohachata_P_1_Sony_A7_28_to_70mm_D65_to_Pike_Cichlid_Crenicichla_frenata_D65_Acuity8.08_Dist100_FishOutline_WeberFiltered_itr5_rad5_fall3,20,5,0.042786381,0.00761196,0.033572148,0.007484473,0.033497684,0.007334313,0.037923768,0.007492244,1250,0.337599695,2.800432861,-0.960425702,2.96054754,0.121764577,lw:sw
Botia_lohachata_P_10,1,Botia_lohachata_P_10_Sony_A7_28_to_70mm_D65_to_Pike_Cichlid_Crenicichla_frenata_D65_Acuity8.08_Dist100_FishOutline_WeberFiltered_itr5_rad5_fall3,20,1,0.367629243,0.083819257,0.306649222,0.070500514,0.267500887,0.060922317,0.335494644,0.07660258,429378,77.384506226,2.094298861,-1.508859346,2.581229212,0.157650142,lw:sw
Botia_lohachata_P_10,2,Botia_lohachata_P_10_Sony_A7_28_to_70mm_D65_to_Pike_Cichlid_Crenicichla_frenata_D65_Acuity8.08_Dist100_FishOutline_WeberFiltered_itr5_rad5_fall3,20,2,0.638755278,0.111813525,0.534117936,0.091584838,0.46261016,0.084007349,0.583614619,0.100531016,122738,22.120414734,2.065827169,-1.541126485,2.577346064,0.159933399,lw:sw
Botia_lohachata_P_10,3,Botia_lohachata_P_10_Sony_A7_28_to_70mm_D65_to_Pike_Cichlid_Crenicichla_frenata_D65_Acuity8.08_Dist100_FishOutline_WeberFiltered_itr5_rad5_fall3,20,3,0.073018016,0.019707405,0.062357159,0.018507245,0.060570339,0.016086932,0.067396227,0.019031182,832,0.149946928,1.822449202,-0.786914725,1.985083343,0.093179356,lw:sw
Botia_lohachata_P_10,4,Botia_lohachata_P_10_Sony_A7_28_to_70mm_D65_to_Pike_Cichlid_Crenicichla_frenata_D65_Acuity8.08_Dist100_FishOutline_WeberFiltered_itr5_rad5_fall3,20,4,0.116483282,0.013122872,0.100549135,0.011957675,0.095562184,0.013126977,0.108085601,0.012357343,1698,0.306021482,1.698589666,-0.872732483,1.90967768,0.098663263,lw:sw
Botia_lohachata_P_10,5,Botia_lohachata_P_10_Sony_A7_28_to_70mm_D65_to_Pike_Cichlid_Crenicichla_frenata_D65_Acuity8.08_Dist100_FishOutline_WeberFiltered_itr5_rad5_fall3,20,5,0.037526457,0.004196123,0.02972253,0.003309384,0.029079163,0.00317183,0.033405704,0.003727093,217,0.039108753,2.692095982,-1.038994965,2.885635339,0.126825552,lw:sw
Botia_lohachata_P_11,1,Botia_lohachata_P_11_Sony_A7_28_to_70mm_D65_to_Pike_Cichlid_Crenicichla_frenata_D65_Acuity8.08_Dist100_FishOutline_WeberFiltered_itr5_rad5_fall3,20,1,0.248591132,0.044226501,0.205089885,0.03734333,0.175456971,0.032296387,0.22566726,0.040390512,69898,15.467205048,2.221209543,-1.665901267,2.776508394,0.172466661,lw:sw
Botia_lohachata_P_11,2,Botia_lohachata_P_11_Sony_A7_28_to_70mm_D65_to_Pike_Cichlid_Crenicichla_frenata_D65_Acuity8.08_Dist100_FishOutline_WeberFiltered_itr5_rad5_fall3,20,2,0.096710097,0.021372395,0.082759266,0.018861571,0.080611272,0.015571762,0.089355195,0.020042788,207,0.04580548,1.798825185,-0.762657662,1.953821577,0.090788974,lw:sw
Botia_lohachata_P_11,3,Botia_lohachata_P_11_Sony_A7_28_to_70mm_D65_to_Pike_Cichlid_Crenicichla_frenata_D65_Acuity8.08_Dist100_FishOutline_WeberFiltered_itr5_rad5_fall3,20,3,0.359945407,0.031437796,0.298059738,0.026979072,0.250617796,0.027640396,0.327333559,0.02867162,93817,20.760061264,2.17845399,-1.752871468,2.79610804,0.179060269,lw:sw
Botia_lohachata_P_11,4,Botia_lohachata_P_11_Sony_A7_28_to_70mm_D65_to_Pike_Cichlid_Crenicichla_frenata_D65_Acuity8.08_Dist100_FishOutline_WeberFiltered_itr5_rad5_fall3,20,4,0.492239664,0.055060106,0.408195758,0.0439475,0.341804454,0.038190087,0.447951111,0.048896844,157587,34.871246338,2.16183102,-1.771525853,2.794962828,0.180368408,lw:sw
Botia_lohachata_P_11,5,Botia_lohachata_P_11_Sony_A7_28_to_70mm_D65_to_Pike_Cichlid_Crenicichla_frenata_D65_Acuity8.08_Dist100_FishOutline_WeberFiltered_itr5_rad5_fall3,20,5,0.827639965,0.175512574,0.673949013,0.138923813,0.563167808,0.12056358,0.746649563,0.155849491,127130,28.131645203,2.372044606,-1.854765651,3.011104653,0.190157233,lw:sw
Botia_lohachata_P_11,6,Botia_lohachata_P_11_Sony_A7_28_to_70mm_D65_to_Pike_Cichlid_Crenicichla_frenata_D65_Acuity8.08_Dist100_FishOutline_WeberFiltered_itr5_rad5_fall3,20,6,0.043043272,0.007490012,0.033386209,0.006478111,0.032974934,0.00628873,0.037946842,0.006882272,1995,0.441458613,2.933686095,-1.065128082,3.121059425,0.13244641,lw:sw
Botia_lohachata_P_11,7,Botia_lohachata_P_11_Sony_A7_28_to_70mm_D65_to_Pike_Cichlid_Crenicichla_frenata_D65_Acuity8.08_Dist100_FishOutline_WeberFiltered_itr5_rad5_fall3,20,7,0.05763426,0.01129686,0.045590644,0.009670631,0.041450063,0.008165863,0.051282744,0.010404353,1277,0.282577753,2.706804626,-1.473666097,3.081960909,0.163337614,lw:sw
Botia_lohachata_P_12,1,Botia_lohachata_P_12_Sony_A7_28_to_70mm_D65_to_Pike_Cichlid_Crenicichla_frenata_D65_Acuity8.08_Dist100_FishOutline_WeberFiltered_itr5_rad5_fall3,20,1,0.096479499,0.016690194,0.07641133,0.014557431,0.06840374,0.013165577,0.085903372,0.015294859,8797,1.382428408,2.692773758,-1.559689363,3.111858194,0.170276613,lw:sw
Botia_lohachata_P_12,2,Botia_lohachata_P_12_Sony_A7_28_to_70mm_D65_to_Pike_Cichlid_Crenicichla_frenata_D65_Acuity8.08_Dist100_FishOutline_WeberFiltered_itr5_rad5_fall3,20,2,0.278624303,0.097265526,0.220303859,0.078765996,0.186108615,0.066844873,0.247891215,0.087399386,545515,85.7264328,2.711906869,-1.905875777,3.314634421,0.19907281,lw:sw
Botia_lohachata_P_12,3,Botia_lohachata_P_12_Sony_A7_28_to_70mm_D65_to_Pike_Cichlid_Crenicichla_frenata_D65_Acuity8.08_Dist100_FishOutline_WeberFiltered_itr5_rad5_fall3,20,3,0.044957964,0.007623225,0.033672197,0.007118484,0.033590116,0.006516787,0.039004695,0.007295061,3263,0.512772977,3.337746107,-1.143493905,3.528190384,0.144724705,lw:sw
Botia_lohachata_P_12,4,Botia_lohachata_P_12_Sony_A7_28_to_70mm_D65_to_Pike_Cichlid_Crenicichla_frenata_D65_Acuity8.08_Dist100_FishOutline_WeberFiltered_itr5_rad5_fall3,20,4,0.726285152,0.143341236,0.581542915,0.113817206,0.492872635,0.099962029,0.650010448,0.127309514,78769,12.378367424,2.56643002,-1.837654308,3.156506994,0.191453903,lw:sw
Botia_lohachata_P_13,1,Botia_lohachata_P_13_Sony_A7_28_to_70mm_D65_to_Pike_Cichlid_Crenicichla_frenata_D65_Acuity8.08_Dist100_FishOutline_WeberFiltered_itr5_rad5_fall3,20,1,0.38444605,0.063286298,0.318225053,0.052520081,0.278653914,0.045285484,0.349549619,0.057339599,150719,50.914798737,2.182913182,-1.516610425,2.658047618,0.159541761,lw:sw
Botia_lohachata_P_13,2,Botia_lohachata_P_13_Sony_A7_28_to_70mm_D65_to_Pike_Cichlid_Crenicichla_frenata_D65_Acuity8.08_Dist100_FishOutline_WeberFiltered_itr5_rad5_fall3,20,2,0.229928994,0.045467042,0.187607322,0.037582858,0.165902507,0.033109489,0.20762661,0.041096127,84546,28.560714722,2.348900812,-1.515119952,2.795160728,0.161751873,lw:sw
Botia_lohachata_P_13,3,Botia_lohachata_P_13_Sony_A7_28_to_70mm_D65_to_Pike_Cichlid_Crenicichla_frenata_D65_Acuity8.08_Dist100_FishOutline_WeberFiltered_itr5_rad5_fall3,20,3,0.079702553,0.010277488,0.06424971,0.008577549,0.061806478,0.008285086,0.071553836,0.009291269,1251,0.422603726,2.488677406,-1.069121893,2.708604226,0.126465957,lw:sw
Botia_lohachata_P_13,4,Botia_lohachata_P_13_Sony_A7_28_to_70mm_D65_to_Pike_Cichlid_Crenicichla_frenata_D65_Acuity8.08_Dist100_FishOutline_WeberFiltered_itr5_rad5_fall3,20,4,0.706870637,0.121514995,0.578739822,0.096185076,0.496771534,0.085587417,0.63934964,0.107479194,57230,19.333023071,2.309354134,-1.676198316,2.853551701,0.174552793,lw:sw
Botia_lohachata_P_13,5,Botia_lohachata_P_13_Sony_A7_28_to_70mm_D65_to_Pike_Cichlid_Crenicichla_frenata_D65_Acuity8.08_Dist100_FishOutline_WeberFiltered_itr5_rad5_fall3,20,5,0.045750668,0.008183712,0.032689685,0.006745616,0.032996085,0.006679964,0.038853638,0.007367428,2276,0.768861771,3.88151377,-1.258486766,4.080433566,0.166508466,lw:mw
Botia_lohachata_P_14,1,Botia_lohachata_P_14_Sony_A7_28_to_70mm_D65_to_Pike_Cichlid_Crenicichla_frenata_D65_Acuity8.08_Dist100_FishOutline_WeberFiltered_itr5_rad5_fall3,20,1,0.240632202,0.056761791,0.19717042,0.0474679,0.171692563,0.04139923,0.217729118,0.051730697,101231,44.162864685,2.300192075,-1.588953453,2.795649595,0.167197425,lw:sw
Botia_lohachata_P_14,2,Botia_lohachata_P_14_Sony_A7_28_to_70mm_D65_to_Pike_Cichlid_Crenicichla_frenata_D65_Acuity8.08_Dist100_FishOutline_WeberFiltered_itr5_rad5_fall3,20,2,0.085851243,0.014166561,0.070460129,0.013130001,0.068290962,0.012306931,0.077736084,0.01355135,986,0.430150688,2.281345637,-0.955034387,2.473181877,0.113922602,lw:sw
Botia_lohachata_P_14,3,Botia_lohachata_P_14_Sony_A7_28_to_70mm_D65_to_Pike_Cichlid_Crenicichla_frenata_D65_Acuity8.08_Dist100_FishOutline_WeberFiltered_itr5_rad5_fall3,20,3,0.050144404,0.009557495,0.037481074,0.00831837,0.037055573,0.007605332,0.043460182,0.008841117,2640,1.151721954,3.361017497,-1.203968579,3.57015111,0.150101308,lw:sw
Botia_lohachata_P_14,4,Botia_lohachata_P_14_Sony_A7_28_to_70mm_D65_to_Pike_Cichlid_Crenicichla_frenata_D65_Acuity8.08_Dist100_FishOutline_WeberFiltered_itr5_rad5_fall3,20,4,0.421859474,0.066816676,0.34640961,0.054102501,0.297290436,0.048288146,0.382099707,0.0597527,65258,28.469343185,2.275355893,-1.665807206,2.819957107,0.173217067,lw:sw
Botia_lohachata_P_14,5,Botia_lohachata_P_14_Sony_A7_28_to_70mm_D65_to_Pike_Cichlid_Crenicichla_frenata_D65_Acuity8.08_Dist100_FishOutline_WeberFiltered_itr5_rad5_fall3,20,5,0.73184919,0.123465288,0.591596735,0.098101627,0.50210032,0.086577538,0.657940461,0.10934952,43028,18.77132225,2.456632512,-1.792254038,3.040923846,0.186189847,lw:sw
Botia_lohachata_P_14,6,Botia_lohachata_P_14_Sony_A7_28_to_70mm_D65_to_Pike_Cichlid_Crenicichla_frenata_D65_Acuity8.08_Dist100_FishOutline_WeberFiltered_itr5_rad5_fall3,20,6,1.214178986,0.179582001,0.992662125,0.136686705,0.845774622,0.110496383,1.097446416,0.156247829,10307,4.49651432,2.325963338,-1.725265489,2.895970728,0.178841097,lw:sw
Botia_lohachata_P_14,7,Botia_lohachata_P_14_Sony_A7_28_to_70mm_D65_to_Pike_Cichlid_Crenicichla_frenata_D65_Acuity8.08_Dist100_FishOutline_WeberFiltered_itr5_rad5_fall3,20,7,0.130542795,0.020504132,0.105604088,0.015886586,0.095433352,0.015088557,0.117400079,0.017850705,5772,2.518082857,2.448027202,-1.421605003,2.830865233,0.155367915,lw:sw
Botia_lohachata_P_15,1,Botia_lohachata_P_15_Sony_A7_28_to_70mm_D65_to_Pike_Cichlid_Crenicichla_frenata_D65_Acuity8.08_Dist100_FishOutline_WeberFiltered_itr5_rad5_fall3,20,1,0.167732482,0.033375156,0.136978696,0.028125146,0.120560021,0.024819497,0.151525861,0.030487881,24751,8.540364265,2.338802344,-1.53940225,2.799956373,0.163627079,lw:sw
Botia_lohachata_P_15,2,Botia_lohachata_P_15_Sony_A7_28_to_70mm_D65_to_Pike_Cichlid_Crenicichla_frenata_D65_Acuity8.08_Dist100_FishOutline_WeberFiltered_itr5_rad5_fall3,20,2,0.059188505,0.012861007,0.045372806,0.011920958,0.045136405,0.01046611,0.051901871,0.01232895,2976,1.026872635,3.069380089,-1.069011863,3.250212377,0.134695533,lw:sw
Botia_lohachata_P_15,3,Botia_lohachata_P_15_Sony_A7_28_to_70mm_D65_to_Pike_Cichlid_Crenicichla_frenata_D65_Acuity8.08_Dist100_FishOutline_WeberFiltered_itr5_rad5_fall3,20,3,0.241096532,0.032339694,0.197850847,0.028638771,0.173572553,0.028801673,0.218307363,0.030179415,34632,11.94981575,2.282672266,-1.539399057,2.753242113,0.162838228,lw:sw
Botia_lohachata_P_15,4,Botia_lohachata_P_15_Sony_A7_28_to_70mm_D65_to_Pike_Cichlid_Crenicichla_frenata_D65_Acuity8.08_Dist100_FishOutline_WeberFiltered_itr5_rad5_fall3,20,4,0.470391489,0.132478549,0.394546775,0.109895369,0.348403201,0.095138896,0.430423651,0.120438118,188231,64.94934845,2.030295253,-1.415691601,2.475132628,0.148985197,lw:sw
Botia_lohachata_P_15,5,Botia_lohachata_P_15_Sony_A7_28_to_70mm_D65_to_Pike_Cichlid_Crenicichla_frenata_D65_Acuity8.08_Dist100_FishOutline_WeberFiltered_itr5_rad5_fall3,20,5,0.105702916,0.009091758,0.085226739,0.007333796,0.079751179,0.007720805,0.094911117,0.007900062,493,0.170110285,2.486285471,-1.230245527,2.774007841,0.139936174,lw:sw
Botia_lohachata_P_15,6,Botia_lohachata_P_15_Sony_A7_28_to_70mm_D65_to_Pike_Cichlid_Crenicichla_frenata_D65_Acuity8.08_Dist100_FishOutline_WeberFiltered_itr5_rad5_fall3,20,6,0.931966936,0.14805577,0.767065586,0.119888457,0.665583495,0.106331756,0.845068999,0.132628148,36381,12.553310394,2.248505352,-1.592241617,2.755178703,0.166744934,lw:sw
Botia_lohachata_P_15,7,Botia_lohachata_P_15_Sony_A7_28_to_70mm_D65_to_Pike_Cichlid_Crenicichla_frenata_D65_Acuity8.08_Dist100_FishOutline_WeberFiltered_itr5_rad5_fall3,20,7,0.043099626,0.008501416,0.030749848,0.007183371,0.030892007,0.006185246,0.03658152,0.007745217,2348,0.810180366,3.898631996,-1.291917933,4.107113754,0.167229062,lw:mw
Botia_lohachata_P_2,1,Botia_lohachata_P_2_Sony_A7_28_to_70mm_D65_to_Pike_Cichlid_Crenicichla_frenata_D65_Acuity8.08_Dist100_FishOutline_WeberFiltered_itr5_rad5_fall3,20,1,0.140316238,0.031514062,0.117085199,0.026646995,0.106990765,0.022980806,0.128073994,0.028828713,18149,7.266343117,2.089984989,-1.235375918,2.427795484,0.134753454,lw:sw
Botia_lohachata_P_2,2,Botia_lohachata_P_2_Sony_A7_28_to_70mm_D65_to_Pike_Cichlid_Crenicichla_frenata_D65_Acuity8.08_Dist100_FishOutline_WeberFiltered_itr5_rad5_fall3,20,2,0.388510052,0.120799727,0.322996214,0.099742474,0.281707309,0.085319017,0.353986273,0.109569184,228682,91.557762146,2.132496618,-1.522897533,2.620450099,0.159355381,lw:sw
Botia_lohachata_P_2,3,Botia_lohachata_P_2_Sony_A7_28_to_70mm_D65_to_Pike_Cichlid_Crenicichla_frenata_D65_Acuity8.08_Dist100_FishOutline_WeberFiltered_itr5_rad5_fall3,20,3,0.075116407,0.009360285,0.062384563,0.008781609,0.063275122,0.008108196,0.06840587,0.008980398,2254,0.902437449,2.144536724,-0.642459326,2.23870314,0.092594573,lw:mw
Botia_lohachata_P_2,4,Botia_lohachata_P_2_Sony_A7_28_to_70mm_D65_to_Pike_Cichlid_Crenicichla_frenata_D65_Acuity8.08_Dist100_FishOutline_WeberFiltered_itr5_rad5_fall3,20,4,0.045734227,0.007130596,0.035442816,0.006762506,0.035244774,0.006606787,0.040303828,0.006883917,683,0.273453772,2.943655096,-1.028701813,3.118225897,0.129533001,lw:sw
Botia_lohachata_P_3,1,Botia_lohachata_P_3_Sony_A7_28_to_70mm_D65_to_Pike_Cichlid_Crenicichla_frenata_D65_Acuity8.08_Dist100_FishOutline_WeberFiltered_itr5_rad5_fall3,20,1,0.349930184,0.066542122,0.297129792,0.057206352,0.261436229,0.051263403,0.322105992,0.061466336,153010,66.435386658,1.88869348,-1.388889703,2.344392814,0.14474782,lw:sw
Botia_lohachata_P_3,2,Botia_lohachata_P_3_Sony_A7_28_to_70mm_D65_to_Pike_Cichlid_Crenicichla_frenata_D65_Acuity8.08_Dist100_FishOutline_WeberFiltered_itr5_rad5_fall3,20,2,0.109811865,0.019735142,0.094687141,0.017778366,0.092027876,0.016225312,0.10184045,0.018689127,819,0.35560149,1.711166119,-0.745829831,1.866641804,0.088109453,lw:sw
Botia_lohachata_P_3,3,Botia_lohachata_P_3_Sony_A7_28_to_70mm_D65_to_Pike_Cichlid_Crenicichla_frenata_D65_Acuity8.08_Dist100_FishOutline_WeberFiltered_itr5_rad5_fall3,20,3,0.145734466,0.023712636,0.126140421,0.021136967,0.116854675,0.02131587,0.135408766,0.02223532,5322,2.310758352,1.667288623,-1.012125869,1.950448699,0.109980906,lw:sw
Botia_lohachata_P_3,4,Botia_lohachata_P_3_Sony_A7_28_to_70mm_D65_to_Pike_Cichlid_Crenicichla_frenata_D65_Acuity8.08_Dist100_FishOutline_WeberFiltered_itr5_rad5_fall3,20,4,0.608418739,0.121907415,0.508453612,0.102167158,0.436359431,0.093680235,0.555740192,0.11107369,68016,29.531856537,2.072578023,-1.59717815,2.616592766,0.164685014,lw:sw
Botia_lohachata_P_3,5,Botia_lohachata_P_3_Sony_A7_28_to_70mm_D65_to_Pike_Cichlid_Crenicichla_frenata_D65_Acuity8.08_Dist100_FishOutline_WeberFiltered_itr5_rad5_fall3,20,5,0.080451969,0.011882709,0.069479031,0.010872466,0.070839546,0.010839332,0.074667923,0.01127642,959,0.416388065,1.693209932,-0.459194495,1.754371528,0.073186581,lw:mw
Botia_lohachata_P_3,6,Botia_lohachata_P_3_Sony_A7_28_to_70mm_D65_to_Pike_Cichlid_Crenicichla_frenata_D65_Acuity8.08_Dist100_FishOutline_WeberFiltered_itr5_rad5_fall3,20,6,0.041188972,0.008209391,0.030812751,0.006821825,0.029966493,0.005285618,0.035714185,0.00745471,1588,0.689493477,3.351446783,-1.297014989,3.593667127,0.157717747,lw:sw
Botia_lohachata_P_3,7,Botia_lohachata_P_3_Sony_A7_28_to_70mm_D65_to_Pike_Cichlid_Crenicichla_frenata_D65_Acuity8.08_Dist100_FishOutline_WeberFiltered_itr5_rad5_fall3,20,7,0.055916965,0.007967716,0.044474686,0.007417087,0.045577288,0.007595217,0.049881399,0.007649999,600,0.260513902,2.643676684,-0.750879842,2.748244339,0.113976402,lw:mw
Botia_lohachata_P_4,1,Botia_lohachata_P_4_Sony_A7_28_to_70mm_D65_to_Pike_Cichlid_Crenicichla_frenata_D65_Acuity8.08_Dist100_FishOutline_WeberFiltered_itr5_rad5_fall3,20,1,0.206036081,0.040692097,0.171040432,0.033993554,0.157588109,0.031387856,0.187594418,0.037024324,116456,29.255083084,2.14950415,-1.2072033,2.465300773,0.133236381,lw:sw
Botia_lohachata_P_4,2,Botia_lohachata_P_4_Sony_A7_28_to_70mm_D65_to_Pike_Cichlid_Crenicichla_frenata_D65_Acuity8.08_Dist100_FishOutline_WeberFiltered_itr5_rad5_fall3,20,2,0.038927918,0.008574228,0.029540552,0.007761919,0.030559226,0.007791263,0.033975792,0.008086378,9015,2.264671326,3.186390265,-0.879325166,3.305494769,0.137104953,lw:mw
Botia_lohachata_P_4,3,Botia_lohachata_P_4_Sony_A7_28_to_70mm_D65_to_Pike_Cichlid_Crenicichla_frenata_D65_Acuity8.08_Dist100_FishOutline_WeberFiltered_itr5_rad5_fall3,20,3,0.336856909,0.050070093,0.282153031,0.043204976,0.257232591,0.03934805,0.308029647,0.046261823,167486,42.07440567,2.046242334,-1.234110753,2.389589303,0.134027478,lw:sw
Botia_lohachata_P_4,4,Botia_lohachata_P_4_Sony_A7_28_to_70mm_D65_to_Pike_Cichlid_Crenicichla_frenata_D65_Acuity8.08_Dist100_FishOutline_WeberFiltered_itr5_rad5_fall3,20,4,0.50683261,0.058414533,0.427542914,0.047849621,0.383406811,0.042740073,0.46504938,0.052410884,51523,12.94316864,1.964459832,-1.303065831,2.3573466,0.138643377,lw:sw
Botia_lohachata_P_4,5,Botia_lohachata_P_4_Sony_A7_28_to_70mm_D65_to_Pike_Cichlid_Crenicichla_frenata_D65_Acuity8.08_Dist100_FishOutline_WeberFiltered_itr5_rad5_fall3,20,5,0.069959273,0.011975174,0.05852865,0.011716213,0.057427382,0.011891356,0.063934122,0.011789419,964,0.24216786,2.059962925,-0.808213058,2.21283881,0.098376795,lw:sw
Botia_lohachata_P_4,6,Botia_lohachata_P_4_Sony_A7_28_to_70mm_D65_to_Pike_Cichlid_Crenicichla_frenata_D65_Acuity8.08_Dist100_FishOutline_WeberFiltered_itr5_rad5_fall3,20,6,0.683332208,0.069963481,0.57198079,0.05741682,0.515746549,0.056019721,0.624653437,0.062763157,52627,13.220505714,2.053945137,-1.301297603,2.431474055,0.139762011,lw:sw
Botia_lohachata_P_6,1,Botia_lohachata_P_6_Sony_A7_28_to_70mm_D65_to_Pike_Cichlid_Crenicichla_frenata_D65_Acuity8.08_Dist100_FishOutline_WeberFiltered_itr5_rad5_fall3,20,1,0.241179721,0.053409232,0.202843112,0.04588202,0.179973808,0.040016789,0.220977502,0.049319714,218569,47.930538177,1.998909757,-1.37720588,2.427413491,0.14532922,lw:sw
Botia_lohachata_P_6,2,Botia_lohachata_P_6_Sony_A7_28_to_70mm_D65_to_Pike_Cichlid_Crenicichla_frenata_D65_Acuity8.08_Dist100_FishOutline_WeberFiltered_itr5_rad5_fall3,20,2,0.37250024,0.039248198,0.311808966,0.03244877,0.269581784,0.029349661,0.340517806,0.03529029,144590,31.70749855,2.05361306,-1.547465439,2.571376263,0.160288643,lw:sw
Botia_lohachata_P_6,3,Botia_lohachata_P_6_Sony_A7_28_to_70mm_D65_to_Pike_Cichlid_Crenicichla_frenata_D65_Acuity8.08_Dist100_FishOutline_WeberFiltered_itr5_rad5_fall3,20,3,0.552628562,0.09350093,0.461998666,0.082788172,0.402577664,0.080185649,0.504869396,0.087549165,87062,19.092041016,2.0683601,-1.506484984,2.55882991,0.157087437,lw:sw
Botia_lohachata_P_6,4,Botia_lohachata_P_6_Sony_A7_28_to_70mm_D65_to_Pike_Cichlid_Crenicichla_frenata_D65_Acuity8.08_Dist100_FishOutline_WeberFiltered_itr5_rad5_fall3,20,4,0.08948337,0.016780619,0.073565427,0.016685024,0.068404329,0.015114134,0.081094885,0.016671289,2550,0.559195817,2.261814433,-1.191428602,2.556424582,0.133506543,lw:sw
Botia_lohachata_P_6,5,Botia_lohachata_P_6_Sony_A7_28_to_70mm_D65_to_Pike_Cichlid_Crenicichla_frenata_D65_Acuity8.08_Dist100_FishOutline_WeberFiltered_itr5_rad5_fall3,20,5,0.045889383,0.007679169,0.038205419,0.007476289,0.0385494,0.006664649,0.041837071,0.007541735,2695,0.590993226,2.116076439,-0.66336739,2.217619397,0.091372642,lw:mw
Botia_lohachata_P_6,6,Botia_lohachata_P_6_Sony_A7_28_to_70mm_D65_to_Pike_Cichlid_Crenicichla_frenata_D65_Acuity8.08_Dist100_FishOutline_WeberFiltered_itr5_rad5_fall3,20,6,0.033572427,0.006024166,0.024252225,0.005036077,0.023858327,0.003667854,0.028657202,0.005476939,546,0.119733691,3.755072588,-1.36633216,3.995927141,0.169144555,lw:sw
Botia_lohachata_P_7,1,Botia_lohachata_P_7_Sony_A7_28_to_70mm_D65_to_Pike_Cichlid_Crenicichla_frenata_D65_Acuity8.08_Dist100_FishOutline_WeberFiltered_itr5_rad5_fall3,20,1,0.049201366,0.007237993,0.037476296,0.006381767,0.036846232,0.005325252,0.043016224,0.006737851,1389,0.32848528,3.143262204,-1.16275065,3.351430494,0.143584874,lw:sw
Botia_lohachata_P_7,2,Botia_lohachata_P_7_Sony_A7_28_to_70mm_D65_to_Pike_Cichlid_Crenicichla_frenata_D65_Acuity8.08_Dist100_FishOutline_WeberFiltered_itr5_rad5_fall3,20,2,0.149378005,0.029835284,0.124523541,0.025294188,0.110393412,0.021863107,0.136280384,0.027350737,127403,30.12959671,2.101398201,-1.416700289,2.534346879,0.150072684,lw:sw
Botia_lohachata_P_7,3,Botia_lohachata_P_7_Sony_A7_28_to_70mm_D65_to_Pike_Cichlid_Crenicichla_frenata_D65_Acuity8.08_Dist100_FishOutline_WeberFiltered_itr5_rad5_fall3,20,3,0.253116436,0.038494491,0.214043389,0.033519375,0.187495719,0.031437965,0.232526138,0.035698234,212976,50.366798401,1.9361087,-1.430971947,2.407529359,0.148930791,lw:sw
Botia_lohachata_P_7,4,Botia_lohachata_P_7_Sony_A7_28_to_70mm_D65_to_Pike_Cichlid_Crenicichla_frenata_D65_Acuity8.08_Dist100_FishOutline_WeberFiltered_itr5_rad5_fall3,20,4,0.389469409,0.050122263,0.334220379,0.043852009,0.292553497,0.040067045,0.36035487,0.046468862,80701,19.085018158,1.766526782,-1.377880195,2.240350576,0.142100669,lw:sw
Botia_lohachata_P_7,5,Botia_lohachata_P_7_Sony_A7_28_to_70mm_D65_to_Pike_Cichlid_Crenicichla_frenata_D65_Acuity8.08_Dist100_FishOutline_WeberFiltered_itr5_rad5_fall3,20,5,0.034992842,0.002883767,0.025743828,0.002238549,0.02661694,0.002043433,0.030107842,0.002452683,381,0.090102874,3.544359772,-1.003651299,3.683721233,0.152280549,lw:mw
Botia_lohachata_P_8,1,Botia_lohachata_P_8_Sony_A7_28_to_70mm_D65_to_Pike_Cichlid_Crenicichla_frenata_D65_Acuity8.08_Dist100_FishOutline_WeberFiltered_itr5_rad5_fall3,20,1,0.174012884,0.040925224,0.147596182,0.035213282,0.134016891,0.031015977,0.160092031,0.037818046,76167,18.674560547,1.901218419,-1.208752366,2.252934477,0.129844566,lw:sw
Botia_lohachata_P_8,2,Botia_lohachata_P_8_Sony_A7_28_to_70mm_D65_to_Pike_Cichlid_Crenicichla_frenata_D65_Acuity8.08_Dist100_FishOutline_WeberFiltered_itr5_rad5_fall3,20,2,0.312400743,0.049045649,0.269103436,0.043397432,0.243035518,0.041164514,0.28958439,0.045891505,175346,42.991184235,1.722719941,-1.179855155,2.088018722,0.124884221,lw:sw
Botia_lohachata_P_8,3,Botia_lohachata_P_8_Sony_A7_28_to_70mm_D65_to_Pike_Cichlid_Crenicichla_frenata_D65_Acuity8.08_Dist100_FishOutline_WeberFiltered_itr5_rad5_fall3,20,3,0.465490781,0.053823847,0.402695049,0.045197368,0.361508927,0.040842,0.432399363,0.048952165,131329,32.199134827,1.673318642,-1.198327854,2.058150851,0.125733846,lw:sw
Botia_lohachata_P_8,4,Botia_lohachata_P_8_Sony_A7_28_to_70mm_D65_to_Pike_Cichlid_Crenicichla_frenata_D65_Acuity8.08_Dist100_FishOutline_WeberFiltered_itr5_rad5_fall3,20,4,0.063520136,0.006835861,0.052762947,0.006474173,0.052555308,0.005689375,0.057847876,0.006584634,740,0.181432575,2.142534884,-0.747946277,2.269334564,0.094462944,lw:sw
Botia_lohachata_P_8,5,Botia_lohachata_P_8_Sony_A7_28_to_70mm_D65_to_Pike_Cichlid_Crenicichla_frenata_D65_Acuity8.08_Dist100_FishOutline_WeberFiltered_itr5_rad5_fall3,20,5,0.671314934,0.07453724,0.568373393,0.061285814,0.494431503,0.051562386,0.61706791,0.067185529,21578,5.290475845,1.922124406,-1.466950127,2.417954695,0.151734053,lw:sw
Botia_lohachata_P_8,6,Botia_lohachata_P_8_Sony_A7_28_to_70mm_D65_to_Pike_Cichlid_Crenicichla_frenata_D65_Acuity8.08_Dist100_FishOutline_WeberFiltered_itr5_rad5_fall3,20,6,0.043631604,0.007572497,0.032238099,0.006831666,0.032707991,0.006618784,0.037618579,0.007103117,2705,0.663209617,3.494525041,-1.097438563,3.662796289,0.150172006,lw:mw
Botia_lohachata_P_9,1,Botia_lohachata_P_9_Sony_A7_28_to_70mm_D65_to_Pike_Cichlid_Crenicichla_frenata_D65_Acuity8.08_Dist100_FishOutline_WeberFiltered_itr5_rad5_fall3,20,1,0.283821271,0.052683624,0.238949535,0.046219195,0.207153183,0.041832908,0.260175243,0.049154364,125183,38.912841797,1.987163799,-1.509016787,2.49518569,0.156154944,lw:sw
Botia_lohachata_P_9,2,Botia_lohachata_P_9_Sony_A7_28_to_70mm_D65_to_Pike_Cichlid_Crenicichla_frenata_D65_Acuity8.08_Dist100_FishOutline_WeberFiltered_itr5_rad5_fall3,20,2,0.420052242,0.031232165,0.354751084,0.025889265,0.304773154,0.027138227,0.38564054,0.027762182,70109,21.793218613,1.951025871,-1.549849961,2.491693571,0.159043942,lw:sw
Botia_lohachata_P_9,3,Botia_lohachata_P_9_Sony_A7_28_to_70mm_D65_to_Pike_Cichlid_Crenicichla_frenata_D65_Acuity8.08_Dist100_FishOutline_WeberFiltered_itr5_rad5_fall3,20,3,0.153172771,0.032561443,0.127414942,0.026252796,0.113445663,0.021590079,0.139599071,0.029139781,32652,10.14979744,2.126019176,-1.399719727,2.545421939,0.149003603,lw:sw
Botia_lohachata_P_9,4,Botia_lohachata_P_9_Sony_A7_28_to_70mm_D65_to_Pike_Cichlid_Crenicichla_frenata_D65_Acuity8.08_Dist100_FishOutline_WeberFiltered_itr5_rad5_fall3,20,4,0.567621698,0.096623125,0.477818915,0.077342162,0.409107739,0.067664489,0.520298395,0.086191331,89651,27.867803574,1.988676673,-1.582538078,2.541507757,0.162290552,lw:sw
Botia_lohachata_P_9,5,Botia_lohachata_P_9_Sony_A7_28_to_70mm_D65_to_Pike_Cichlid_Crenicichla_frenata_D65_Acuity8.08_Dist100_FishOutline_WeberFiltered_itr5_rad5_fall3,20,5,0.074382333,0.011956303,0.063019038,0.011389958,0.060103276,0.010773448,0.068391195,0.011594455,1705,0.529995263,1.914293166,-0.925216492,2.126157069,0.106175352,lw:sw
Botia_lohachata_P_9,6,Botia_lohachata_P_9_Sony_A7_28_to_70mm_D65_to_Pike_Cichlid_Crenicichla_frenata_D65_Acuity8.08_Dist100_FishOutline_WeberFiltered_itr5_rad5_fall3,20,6,0.05170391,0.009376205,0.040989535,0.008895597,0.042139291,0.008873798,0.04605317,0.009083778,2401,0.746345222,2.681423505,-0.745048548,2.783007249,0.115589342,lw:mw
Yasuhikotakia_modesta_C_10,1,Yasuhikotakia_modesta_C_10_Sony_A7_28_to_70mm_D65_to_Pike_Cichlid_Crenicichla_frenata_D65_Acuity8.08_Dist100_FishOutline_WeberFiltered_itr5_rad5_fall3,20,1,0.228826483,0.056619614,0.214744416,0.052884485,0.19465118,0.050320127,0.221405665,0.053739771,315556,98.880699158,0.733417885,-0.823783303,1.102959983,0.080701549,lw:sw
Yasuhikotakia_modesta_C_10,2,Yasuhikotakia_modesta_C_10_Sony_A7_28_to_70mm_D65_to_Pike_Cichlid_Crenicichla_frenata_D65_Acuity8.08_Dist100_FishOutline_WeberFiltered_itr5_rad5_fall3,20,2,0.083086495,0.013337566,0.070985547,0.0113336,0.063075079,0.009480321,0.076709176,0.012233548,2034,0.637361825,1.817578158,-1.307240101,2.238853957,0.136912973,lw:sw
Yasuhikotakia_modesta_C_10,3,Yasuhikotakia_modesta_C_10_Sony_A7_28_to_70mm_D65_to_Pike_Cichlid_Crenicichla_frenata_D65_Acuity8.08_Dist100_FishOutline_WeberFiltered_itr5_rad5_fall3,20,3,0.037125636,0.006669954,0.030807946,0.005743169,0.031721188,0.004100647,0.033795821,0.006159224,1140,0.357223421,2.153935373,-0.557520697,2.224919531,0.092998039,lw:mw
Yasuhikotakia_modesta_C_10,4,Yasuhikotakia_modesta_C_10_Sony_A7_28_to_70mm_D65_to_Pike_Cichlid_Crenicichla_frenata_D65_Acuity8.08_Dist100_FishOutline_WeberFiltered_itr5_rad5_fall3,20,4,0.061470591,0.010709129,0.051613287,0.009994993,0.05142621,0.009760897,0.056275568,0.010317756,398,0.124714851,2.018195343,-0.704053304,2.137475964,0.088969583,lw:sw
Yasuhikotakia_modesta_C_6,1,Yasuhikotakia_modesta_C_6_Sony_A7_28_to_70mm_D65_to_Pike_Cichlid_Crenicichla_frenata_D65_Acuity8.08_Dist100_FishOutline_WeberFiltered_itr5_rad5_fall3,20,1,0.232292642,0.040500986,0.189262397,0.032381788,0.150569906,0.031407099,0.209617027,0.034924624,58396,16.686191559,2.365575885,-2.140468571,3.190228044,0.213451896,lw:sw
Yasuhikotakia_modesta_C_6,2,Yasuhikotakia_modesta_C_6_Sony_A7_28_to_70mm_D65_to_Pike_Cichlid_Crenicichla_frenata_D65_Acuity8.08_Dist100_FishOutline_WeberFiltered_itr5_rad5_fall3,20,2,0.152931711,0.017977311,0.125103127,0.015069096,0.101074998,0.013715674,0.138266904,0.016190673,90536,25.869941711,2.319266445,-2.034377591,3.085075205,0.204154895,lw:sw
Yasuhikotakia_modesta_C_6,3,Yasuhikotakia_modesta_C_6_Sony_A7_28_to_70mm_D65_to_Pike_Cichlid_Crenicichla_frenata_D65_Acuity8.08_Dist100_FishOutline_WeberFiltered_itr5_rad5_fall3,20,3,0.098247845,0.01530916,0.082136833,0.011831919,0.07064967,0.009544416,0.089757838,0.013331342,199925,57.126979828,2.068159955,-1.582472134,2.604132034,0.163401901,lw:sw
Yasuhikotakia_modesta_C_6,4,Yasuhikotakia_modesta_C_6_Sony_A7_28_to_70mm_D65_to_Pike_Cichlid_Crenicichla_frenata_D65_Acuity8.08_Dist100_FishOutline_WeberFiltered_itr5_rad5_fall3,20,4,0.032707343,0.004793924,0.02820832,0.004115311,0.027142105,0.003986912,0.030336496,0.004428602,545,0.155729413,1.708767163,-0.803874322,1.888411804,0.092987285,lw:sw
Yasuhikotakia_modesta_C_6,5,Yasuhikotakia_modesta_C_6_Sony_A7_28_to_70mm_D65_to_Pike_Cichlid_Crenicichla_frenata_D65_Acuity8.08_Dist100_FishOutline_WeberFiltered_itr5_rad5_fall3,20,5,0.021503499,0.002324223,0.018755927,0.002089766,0.021165519,0.001932233,0.020055613,0.002155489,564,0.161158517,1.578553442,0.174193133,1.588135453,0.06824668,lw:mw
Yasuhikotakia_modesta_C_7,1,Yasuhikotakia_modesta_C_7_Sony_A7_28_to_70mm_D65_to_Pike_Cichlid_Crenicichla_frenata_D65_Acuity8.08_Dist100_FishOutline_WeberFiltered_itr5_rad5_fall3,20,1,0.347781356,0.060122657,0.311783695,0.064197162,0.271648157,0.068214807,0.328811696,0.060877905,153267,43.316810608,1.261683894,-1.234328533,1.765053306,0.122908576,lw:sw
Yasuhikotakia_modesta_C_7,2,Yasuhikotakia_modesta_C_7_Sony_A7_28_to_70mm_D65_to_Pike_Cichlid_Crenicichla_frenata_D65_Acuity8.08_Dist100_FishOutline_WeberFiltered_itr5_rad5_fall3,20,2,0.502926361,0.070735063,0.480967195,0.056090821,0.43536736,0.053050942,0.491354556,0.061136121,196651,55.578132629,0.515515825,-0.758089634,0.916764124,0.072001975,lw:sw
Yasuhikotakia_modesta_C_7,3,Yasuhikotakia_modesta_C_7_Sony_A7_28_to_70mm_D65_to_Pike_Cichlid_Crenicichla_frenata_D65_Acuity8.08_Dist100_FishOutline_WeberFiltered_itr5_rad5_fall3,20,3,0.140255999,0.023520364,0.122988087,0.022213478,0.107483118,0.020759229,0.131156341,0.022610645,2653,0.749799311,1.517076263,-1.302868145,1.999746432,0.132287875,lw:sw
Yasuhikotakia_modesta_C_7,4,Yasuhikotakia_modesta_C_7_Sony_A7_28_to_70mm_D65_to_Pike_Cichlid_Crenicichla_frenata_D65_Acuity8.08_Dist100_FishOutline_WeberFiltered_itr5_rad5_fall3,20,4,0.049483301,0.01958228,0.043368347,0.016219554,0.042443992,0.012400368,0.046260908,0.017789937,1257,0.355257362,1.52312219,-0.641533052,1.652714695,0.076574744,lw:sw
Yasuhikotakia_modesta_C_8,1,Yasuhikotakia_modesta_C_8_Sony_A7_28_to_70mm_D65_to_Pike_Cichlid_Crenicichla_frenata_D65_Acuity8.08_Dist100_FishOutline_WeberFiltered_itr5_rad5_fall3,20,1,0.279438455,0.053103071,0.268062157,0.056034054,0.246817783,0.057766867,0.273443478,0.053535882,260793,71.526954651,0.479933444,-0.646199196,0.804928265,0.061986291,lw:sw
Yasuhikotakia_modesta_C_8,2,Yasuhikotakia_modesta_C_8_Sony_A7_28_to_70mm_D65_to_Pike_Cichlid_Crenicichla_frenata_D65_Acuity8.08_Dist100_FishOutline_WeberFiltered_itr5_rad5_fall3,20,2,0.484740627,0.082455767,0.451205998,0.07216314,0.403936547,0.068450106,0.467068908,0.0762371,100496,27.56275177,0.827809718,-0.928535042,1.243963928,0.090926247,lw:sw
Yasuhikotakia_modesta_C_8,3,Yasuhikotakia_modesta_C_8_Sony_A7_28_to_70mm_D65_to_Pike_Cichlid_Crenicichla_frenata_D65_Acuity8.08_Dist100_FishOutline_WeberFiltered_itr5_rad5_fall3,20,3,0.102877459,0.014995196,0.076314245,0.015683338,0.062899638,0.017896592,0.088876918,0.014934353,1880,0.515622258,3.44886934,-2.299593438,4.145217691,0.241154065,lw:sw
Yasuhikotakia_modesta_C_8,4,Yasuhikotakia_modesta_C_8_Sony_A7_28_to_70mm_D65_to_Pike_Cichlid_Crenicichla_frenata_D65_Acuity8.08_Dist100_FishOutline_WeberFiltered_itr5_rad5_fall3,20,4,1.031576334,0.114255092,0.802228861,0.078298619,0.615625874,0.056922322,0.910717275,0.094431019,1377,0.377665877,2.903506161,-2.533686304,3.853558655,0.252519368,lw:sw
Yasuhikotakia_modesta_C_8,5,Yasuhikotakia_modesta_C_8_Sony_A7_28_to_70mm_D65_to_Pike_Cichlid_Crenicichla_frenata_D65_Acuity8.08_Dist100_FishOutline_WeberFiltered_itr5_rad5_fall3,20,5,0.056041402,0.003304899,0.042655762,0.002847533,0.045155356,0.00247051,0.048975448,0.00305972,62,0.017004564,3.151525544,-0.732498397,3.235531974,0.135623349,lw:mw
Yasuhikotakia_modesta_C_9,1,Yasuhikotakia_modesta_C_9_Sony_A7_28_to_70mm_D65_to_Pike_Cichlid_Crenicichla_frenata_D65_Acuity8.08_Dist100_FishOutline_WeberFiltered_itr5_rad5_fall3,20,1,0.153474546,0.021135321,0.139563837,0.021843816,0.123276839,0.025795396,0.146144028,0.020177671,187001,52.859634399,1.097118201,-1.098302673,1.552397213,0.109114924,lw:sw
Yasuhikotakia_modesta_C_9,2,Yasuhikotakia_modesta_C_9_Sony_A7_28_to_70mm_D65_to_Pike_Cichlid_Crenicichla_frenata_D65_Acuity8.08_Dist100_FishOutline_WeberFiltered_itr5_rad5_fall3,20,2,0.227461527,0.045069915,0.208780393,0.036044292,0.181740916,0.034725592,0.217617144,0.039140317,161524,45.658042908,0.989563491,-1.147534509,1.515279299,0.111731032,lw:sw
Yasuhikotakia_modesta_C_9,3,Yasuhikotakia_modesta_C_9_Sony_A7_28_to_70mm_D65_to_Pike_Cichlid_Crenicichla_frenata_D65_Acuity8.08_Dist100_FishOutline_WeberFiltered_itr5_rad5_fall3,20,3,0.068360529,0.01114557,0.053014745,0.011444079,0.042338074,0.012809838,0.060273605,0.011036502,1618,0.457360595,2.935562011,-2.310894923,3.736008521,0.23507482,lw:sw
Yasuhikotakia_modesta_C_9,4,Yasuhikotakia_modesta_C_9_Sony_A7_28_to_70mm_D65_to_Pike_Cichlid_Crenicichla_frenata_D65_Acuity8.08_Dist100_FishOutline_WeberFiltered_itr5_rad5_fall3,20,4,0.045506491,0.006770028,0.038560232,0.006056785,0.038070248,0.005124018,0.041845426,0.006366842,2514,0.710633218,1.912583013,-0.721982855,2.044317251,0.088975031,lw:sw
Yasuhikotakia_modesta_C_9,5,Yasuhikotakia_modesta_C_9_Sony_A7_28_to_70mm_D65_to_Pike_Cichlid_Crenicichla_frenata_D65_Acuity8.08_Dist100_FishOutline_WeberFiltered_itr5_rad5_fall3,20,5,0.033692945,0.005475006,0.02713809,0.005263378,0.027228754,0.005162928,0.030238238,0.005350542,1112,0.314329416,2.498212664,-0.825626056,2.631107162,0.107755106,lw:mw
Yasuhikotakia_modesta_P_11,1,Yasuhikotakia_modesta_P_11_Sony_A7_28_to_70mm_D65_to_Pike_Cichlid_Crenicichla_frenata_D65_Acuity8.08_Dist100_FishOutline_WeberFiltered_itr5_rad5_fall3,20,1,0.249787455,0.030232559,0.225168825,0.024907687,0.194627185,0.026224134,0.23681419,0.026481911,75444,24.504989624,1.198124041,-1.259484755,1.738333416,0.124118929,lw:sw
Yasuhikotakia_modesta_P_11,2,Yasuhikotakia_modesta_P_11_Sony_A7_28_to_70mm_D65_to_Pike_Cichlid_Crenicichla_frenata_D65_Acuity8.08_Dist100_FishOutline_WeberFiltered_itr5_rad5_fall3,20,2,0.161381837,0.031797365,0.152195542,0.030743155,0.135489672,0.029522138,0.156540616,0.030623212,219773,71.384536743,0.676740335,-0.910268174,1.134268765,0.087216738,lw:sw
Yasuhikotakia_modesta_P_11,3,Yasuhikotakia_modesta_P_11_Sony_A7_28_to_70mm_D65_to_Pike_Cichlid_Crenicichla_frenata_D65_Acuity8.08_Dist100_FishOutline_WeberFiltered_itr5_rad5_fall3,20,3,0.438243719,0.102405698,0.379320027,0.071690952,0.326882133,0.057985596,0.407192612,0.084958258,8450,2.744647026,1.667339849,-1.435898151,2.200414886,0.145546756,lw:sw
Yasuhikotakia_modesta_P_11,4,Yasuhikotakia_modesta_P_11_Sony_A7_28_to_70mm_D65_to_Pike_Cichlid_Crenicichla_frenata_D65_Acuity8.08_Dist100_FishOutline_WeberFiltered_itr5_rad5_fall3,20,4,0.051013288,0.008570956,0.037522446,0.008003712,0.038275259,0.006997138,0.043885657,0.00818644,3621,1.176138163,3.546648759,-1.083465444,3.708451805,0.152377364,lw:mw
Yasuhikotakia_modesta_P_11,5,Yasuhikotakia_modesta_P_11_Sony_A7_28_to_70mm_D65_to_Pike_Cichlid_Crenicichla_frenata_D65_Acuity8.08_Dist100_FishOutline_WeberFiltered_itr5_rad5_fall3,20,5,0.830808194,0.087811027,0.663753262,0.054986665,0.51772167,0.076597418,0.742774599,0.065776042,584,0.189689219,2.592186116,-2.332956027,3.487422069,0.232168773,lw:sw
Yasuhikotakia_modesta_P_12,1,Yasuhikotakia_modesta_P_12_Sony_A7_28_to_70mm_D65_to_Pike_Cichlid_Crenicichla_frenata_D65_Acuity8.08_Dist100_FishOutline_WeberFiltered_itr5_rad5_fall3,20,1,0.332406644,0.056816389,0.304115386,0.062744116,0.277256417,0.071190559,0.317498022,0.058594227,299874,96.713890076,1.027134213,-0.889310226,1.358630696,0.090460175,lw:sw
Yasuhikotakia_modesta_P_12,2,Yasuhikotakia_modesta_P_12_Sony_A7_28_to_70mm_D65_to_Pike_Cichlid_Crenicichla_frenata_D65_Acuity8.08_Dist100_FishOutline_WeberFiltered_itr5_rad5_fall3,20,2,0.154488071,0.032909027,0.120052167,0.021946062,0.09640131,0.02999599,0.136341346,0.02355705,7173,2.313400745,2.912063852,-2.270852904,3.692815834,0.231523395,lw:sw
Yasuhikotakia_modesta_P_12,3,Yasuhikotakia_modesta_P_12_Sony_A7_28_to_70mm_D65_to_Pike_Cichlid_Crenicichla_frenata_D65_Acuity8.08_Dist100_FishOutline_WeberFiltered_itr5_rad5_fall3,20,3,0.114970426,0.022348981,0.090457141,0.019584077,0.073502672,0.019592676,0.10205266,0.020706508,955,0.308001935,2.768975413,-2.152993558,3.507507106,0.220019484,lw:sw
Yasuhikotakia_modesta_P_12,4,Yasuhikotakia_modesta_P_12_Sony_A7_28_to_70mm_D65_to_Pike_Cichlid_Crenicichla_frenata_D65_Acuity8.08_Dist100_FishOutline_WeberFiltered_itr5_rad5_fall3,20,4,0.069021595,0.009864069,0.0585652,0.009127023,0.054842226,0.008606463,0.063510131,0.009422237,1151,0.371214896,1.896939864,-1.026624682,2.15692816,0.114475465,lw:sw
Yasuhikotakia_modesta_P_12,5,Yasuhikotakia_modesta_P_12_Sony_A7_28_to_70mm_D65_to_Pike_Cichlid_Crenicichla_frenata_D65_Acuity8.08_Dist100_FishOutline_WeberFiltered_itr5_rad5_fall3,20,5,0.033483394,0.005947173,0.027524155,0.004781473,0.029005388,0.004024,0.030340759,0.005291029,910,0.293488741,2.263061811,-0.458460616,2.309033326,0.097680363,lw:mw
Yasuhikotakia_modesta_P_13,1,Yasuhikotakia_modesta_P_13_Sony_A7_28_to_70mm_D65_to_Pike_Cichlid_Crenicichla_frenata_D65_Acuity8.08_Dist100_FishOutline_WeberFiltered_itr5_rad5_fall3,20,1,0.279409891,0.041479188,0.262760792,0.036836226,0.255152334,0.04002582,0.270636299,0.038186873,74997,20.617731094,0.70940365,-0.412177908,0.820453634,0.04537836,lw:sw
Yasuhikotakia_modesta_P_13,2,Yasuhikotakia_modesta_P_13_Sony_A7_28_to_70mm_D65_to_Pike_Cichlid_Crenicichla_frenata_D65_Acuity8.08_Dist100_FishOutline_WeberFiltered_itr5_rad5_fall3,20,2,0.176259266,0.028292648,0.167357315,0.029082005,0.161020302,0.033333323,0.171568107,0.027797609,284881,78.317802429,0.598425916,-0.428644689,0.736104507,0.045181997,lw:sw
Yasuhikotakia_modesta_P_13,3,Yasuhikotakia_modesta_P_13_Sony_A7_28_to_70mm_D65_to_Pike_Cichlid_Crenicichla_frenata_D65_Acuity8.08_Dist100_FishOutline_WeberFiltered_itr5_rad5_fall3,20,3,0.064133124,0.007968348,0.052074763,0.007896791,0.052634891,0.008081351,0.057767524,0.007794153,769,0.211408928,2.405031985,-0.750953566,2.519545615,0.103765426,lw:mw
Yasuhikotakia_modesta_P_13,4,Yasuhikotakia_modesta_P_13_Sony_A7_28_to_70mm_D65_to_Pike_Cichlid_Crenicichla_frenata_D65_Acuity8.08_Dist100_FishOutline_WeberFiltered_itr5_rad5_fall3,20,4,0.051426324,0.009429581,0.035040159,0.009253626,0.037425229,0.008640901,0.04277507,0.009181283,3103,0.853058398,4.430098932,-1.112878762,4.567742954,0.18950886,lw:mw
Yasuhikotakia_modesta_P_14,1,Yasuhikotakia_modesta_P_14_Sony_A7_28_to_70mm_D65_to_Pike_Cichlid_Crenicichla_frenata_D65_Acuity8.08_Dist100_FishOutline_WeberFiltered_itr5_rad5_fall3,20,1,0.252674412,0.038393694,0.2309269,0.039118066,0.20711606,0.044839874,0.241214043,0.036604958,56893,19.908807755,1.039243369,-0.989258016,1.434802496,0.099085029,lw:sw
Yasuhikotakia_modesta_P_14,2,Yasuhikotakia_modesta_P_14_Sony_A7_28_to_70mm_D65_to_Pike_Cichlid_Crenicichla_frenata_D65_Acuity8.08_Dist100_FishOutline_WeberFiltered_itr5_rad5_fall3,20,2,0.399243487,0.068650856,0.36425896,0.061682122,0.325457784,0.066526663,0.38080771,0.064005653,224869,78.689353943,1.058941405,-1.018250069,1.469077977,0.101815336,lw:sw
Yasuhikotakia_modesta_P_14,3,Yasuhikotakia_modesta_P_14_Sony_A7_28_to_70mm_D65_to_Pike_Cichlid_Crenicichla_frenata_D65_Acuity8.08_Dist100_FishOutline_WeberFiltered_itr5_rad5_fall3,20,3,0.068085454,0.014693728,0.05326649,0.012796304,0.050579417,0.011519584,0.060266135,0.013585365,1645,0.575641751,2.83430189,-1.262190091,3.102642588,0.147525019,lw:sw
Yasuhikotakia_modesta_P_14,4,Yasuhikotakia_modesta_P_14_Sony_A7_28_to_70mm_D65_to_Pike_Cichlid_Crenicichla_frenata_D65_Acuity8.08_Dist100_FishOutline_WeberFiltered_itr5_rad5_fall3,20,4,0.127537751,0.016965297,0.109986257,0.016346837,0.099195924,0.020205296,0.11828835,0.016429775,1651,0.577741385,1.709625733,-1.183454739,2.079275178,0.125000521,lw:sw
Yasuhikotakia_modesta_P_14,5,Yasuhikotakia_modesta_P_14_Sony_A7_28_to_70mm_D65_to_Pike_Cichlid_Crenicichla_frenata_D65_Acuity8.08_Dist100_FishOutline_WeberFiltered_itr5_rad5_fall3,20,5,0.040022062,0.004593527,0.026007697,0.002610559,0.029032265,0.00261096,0.032620446,0.003335622,710,0.248453289,4.977233861,-1.0391828,5.084560729,0.212243175,lw:mw
Yasuhikotakia_modesta_P_15,1,Yasuhikotakia_modesta_P_15_Sony_A7_28_to_70mm_D65_to_Pike_Cichlid_Crenicichla_frenata_D65_Acuity8.08_Dist100_FishOutline_WeberFiltered_itr5_rad5_fall3,20,1,0.132247179,0.028899887,0.118985316,0.025818584,0.107244246,0.021737657,0.125258242,0.027081582,6827,2.168919563,1.220210438,-1.02158811,1.591400572,0.104400119,lw:sw
Yasuhikotakia_modesta_P_15,2,Yasuhikotakia_modesta_P_15_Sony_A7_28_to_70mm_D65_to_Pike_Cichlid_Crenicichla_frenata_D65_Acuity8.08_Dist100_FishOutline_WeberFiltered_itr5_rad5_fall3,20,2,0.294887422,0.047711382,0.290082725,0.054144962,0.281235368,0.064408631,0.292355493,0.049720016,239241,76.006225586,0.189689922,-0.245675861,0.310385076,0.023696432,lw:sw
Yasuhikotakia_modesta_P_15,3,Yasuhikotakia_modesta_P_15_Sony_A7_28_to_70mm_D65_to_Pike_Cichlid_Crenicichla_frenata_D65_Acuity8.08_Dist100_FishOutline_WeberFiltered_itr5_rad5_fall3,20,3,0.087132015,0.021808112,0.077335784,0.01982316,0.069999966,0.016207895,0.081968296,0.020758463,255,0.081012823,1.377192569,-1.049914672,1.731756389,0.109029673,lw:sw
Yasuhikotakia_modesta_P_15,4,Yasuhikotakia_modesta_P_15_Sony_A7_28_to_70mm_D65_to_Pike_Cichlid_Crenicichla_frenata_D65_Acuity8.08_Dist100_FishOutline_WeberFiltered_itr5_rad5_fall3,20,4,0.457747891,0.109129559,0.443690355,0.064446547,0.42379249,0.043567952,0.45034,0.084323891,66586,21.154193878,0.36017252,-0.390713899,0.531395893,0.038518259,lw:sw
Yasuhikotakia_modesta_P_15,5,Yasuhikotakia_modesta_P_15_Sony_A7_28_to_70mm_D65_to_Pike_Cichlid_Crenicichla_frenata_D65_Acuity8.08_Dist100_FishOutline_WeberFiltered_itr5_rad5_fall3,20,5,0.061668552,0.010482713,0.051800326,0.010142439,0.049982596,0.011334504,0.056467416,0.010272052,519,0.16488491,2.013552624,-0.890525148,2.201687809,0.104664897,lw:sw
Yasuhikotakia_modesta_P_15,6,Yasuhikotakia_modesta_P_15_Sony_A7_28_to_70mm_D65_to_Pike_Cichlid_Crenicichla_frenata_D65_Acuity8.08_Dist100_FishOutline_WeberFiltered_itr5_rad5_fall3,20,6,0.033353306,0.005717053,0.026609327,0.005896964,0.028022763,0.005686596,0.029797695,0.005760275,1337,0.424761325,2.608428616,-0.579182386,2.671956602,0.112469692,lw:mw
Yasuhikotakia_modesta_P_16,1,Yasuhikotakia_modesta_P_16_Sony_A7_28_to_70mm_D65_to_Pike_Cichlid_Crenicichla_frenata_D65_Acuity8.08_Dist100_FishOutline_WeberFiltered_itr5_rad5_fall3,20,1,0.254121173,0.067549224,0.230909275,0.064451067,0.204050182,0.063073096,0.2418892,0.064644077,413825,99.466400146,1.106052312,-1.098801796,1.559075721,0.109284421,lw:sw
Yasuhikotakia_modesta_P_16,2,Yasuhikotakia_modesta_P_16_Sony_A7_28_to_70mm_D65_to_Pike_Cichlid_Crenicichla_frenata_D65_Acuity8.08_Dist100_FishOutline_WeberFiltered_itr5_rad5_fall3,20,2,0.060689236,0.010417629,0.049565298,0.009439944,0.04816149,0.008057954,0.054822462,0.009863816,1133,0.27232632,2.337999504,-0.959326673,2.527162311,0.115091062,lw:sw
Yasuhikotakia_modesta_P_16,3,Yasuhikotakia_modesta_P_16_Sony_A7_28_to_70mm_D65_to_Pike_Cichlid_Crenicichla_frenata_D65_Acuity8.08_Dist100_FishOutline_WeberFiltered_itr5_rad5_fall3,20,3,0.037937407,0.004473107,0.028005942,0.003669368,0.02919835,0.0032698,0.032696644,0.003949324,1087,0.261269808,3.504779833,-0.941375555,3.629003942,0.150606006,lw:mw
Yasuhikotakia_modesta_P_17,1,Yasuhikotakia_modesta_P_17_Sony_A7_28_to_70mm_D65_to_Pike_Cichlid_Crenicichla_frenata_D65_Acuity8.08_Dist100_FishOutline_WeberFiltered_itr5_rad5_fall3,20,1,0.306177823,0.05797735,0.291375884,0.056674969,0.269332296,0.057676278,0.298377656,0.056370381,331841,97.748069763,0.572179988,-0.654552072,0.869383893,0.064022379,lw:sw
Yasuhikotakia_modesta_P_17,2,Yasuhikotakia_modesta_P_17_Sony_A7_28_to_70mm_D65_to_Pike_Cichlid_Crenicichla_frenata_D65_Acuity8.08_Dist100_FishOutline_WeberFiltered_itr5_rad5_fall3,20,2,0.166810721,0.018870423,0.143911857,0.014161877,0.124797098,0.013421089,0.154743564,0.015988984,2959,0.871611774,1.705027375,-1.411914553,2.21373464,0.144075779,lw:sw
Yasuhikotakia_modesta_P_17,3,Yasuhikotakia_modesta_P_17_Sony_A7_28_to_70mm_D65_to_Pike_Cichlid_Crenicichla_frenata_D65_Acuity8.08_Dist100_FishOutline_WeberFiltered_itr5_rad5_fall3,20,3,0.116719381,0.019910309,0.104562902,0.017503459,0.094751704,0.015777648,0.110313054,0.01860712,1125,0.331383318,1.269991382,-1.007008281,1.62078493,0.103880289,lw:sw
Yasuhikotakia_modesta_P_17,4,Yasuhikotakia_modesta_P_17_Sony_A7_28_to_70mm_D65_to_Pike_Cichlid_Crenicichla_frenata_D65_Acuity8.08_Dist100_FishOutline_WeberFiltered_itr5_rad5_fall3,20,4,0.07250287,0.017680409,0.063790841,0.017339205,0.058798155,0.013813874,0.067910693,0.01748707,683,0.201186493,1.478216922,-0.977661968,1.772272043,0.104376299,lw:sw
Yasuhikotakia_modesta_P_17,5,Yasuhikotakia_modesta_P_17_Sony_A7_28_to_70mm_D65_to_Pike_Cichlid_Crenicichla_frenata_D65_Acuity8.08_Dist100_FishOutline_WeberFiltered_itr5_rad5_fall3,20,5,0.043226887,0.012511359,0.036895905,0.010768864,0.03774911,0.00960125,0.039890088,0.011514057,1199,0.353180975,1.828619882,-0.484678041,1.891762003,0.079015992,lw:mw
Yasuhikotakia_modesta_P_17,6,Yasuhikotakia_modesta_P_17_Sony_A7_28_to_70mm_D65_to_Pike_Cichlid_Crenicichla_frenata_D65_Acuity8.08_Dist100_FishOutline_WeberFiltered_itr5_rad5_fall3,20,6,0.700730495,0.055950718,0.527168763,0.03290642,0.369979506,0.031250643,0.609268803,0.040493651,1679,0.494571209,3.28632904,-3.186585956,4.577585457,0.308908097,lw:sw
Yasuhikotakia_modesta_P_18,1,Yasuhikotakia_modesta_P_18_Sony_A7_28_to_70mm_D65_to_Pike_Cichlid_Crenicichla_frenata_D65_Acuity8.08_Dist100_FishOutline_WeberFiltered_itr5_rad5_fall3,20,1,0.337298304,0.065394303,0.30877781,0.060219542,0.27485369,0.0635069,0.322268879,0.060618798,387841,98.7996521,1.020135442,-1.027100168,1.44762256,0.102008348,lw:sw
Yasuhikotakia_modesta_P_18,2,Yasuhikotakia_modesta_P_18_Sony_A7_28_to_70mm_D65_to_Pike_Cichlid_Crenicichla_frenata_D65_Acuity8.08_Dist100_FishOutline_WeberFiltered_itr5_rad5_fall3,20,2,0.103316355,0.013315486,0.087957872,0.0110674,0.07946577,0.01086886,0.09522249,0.011737303,1391,0.35434705,1.858360493,-1.223654022,2.225046716,0.13048642,lw:sw
Yasuhikotakia_modesta_P_18,3,Yasuhikotakia_modesta_P_18_Sony_A7_28_to_70mm_D65_to_Pike_Cichlid_Crenicichla_frenata_D65_Acuity8.08_Dist100_FishOutline_WeberFiltered_itr5_rad5_fall3,20,3,0.138857744,0.026019826,0.124256385,0.025669622,0.111622129,0.024953649,0.131163133,0.025702126,1569,0.399691254,1.282914436,-1.062352863,1.665671953,0.108733747,lw:sw
Yasuhikotakia_modesta_P_18,4,Yasuhikotakia_modesta_P_18_Sony_A7_28_to_70mm_D65_to_Pike_Cichlid_Crenicichla_frenata_D65_Acuity8.08_Dist100_FishOutline_WeberFiltered_itr5_rad5_fall3,20,4,0.061569544,0.01190765,0.052277219,0.010557695,0.050842568,0.009483082,0.056671201,0.011194746,152,0.038720887,1.889178748,-0.802186188,2.052437337,0.095425441,lw:sw
Yasuhikotakia_modesta_P_18,5,Yasuhikotakia_modesta_P_18_Sony_A7_28_to_70mm_D65_to_Pike_Cichlid_Crenicichla_frenata_D65_Acuity8.08_Dist100_FishOutline_WeberFiltered_itr5_rad5_fall3,20,5,1.196183948,0.121830073,0.82518337,0.095847898,0.573737936,0.114470192,1.000678051,0.106414751,949,0.241750792,4.287269969,-3.580060347,5.585473648,0.351679935,lw:sw
Yasuhikotakia_modesta_P_18,6,Yasuhikotakia_modesta_P_18_Sony_A7_28_to_70mm_D65_to_Pike_Cichlid_Crenicichla_frenata_D65_Acuity8.08_Dist100_FishOutline_WeberFiltered_itr5_rad5_fall3,20,6,0.047243481,0.010698336,0.037227816,0.007960036,0.03692281,0.006140498,0.041964201,0.009241475,172,0.043815739,2.751189289,-0.978961093,2.920172482,0.122622379,lw:sw
Yasuhikotakia_modesta_P_18,7,Yasuhikotakia_modesta_P_18_Sony_A7_28_to_70mm_D65_to_Pike_Cichlid_Crenicichla_frenata_D65_Acuity8.08_Dist100_FishOutline_WeberFiltered_itr5_rad5_fall3,20,7,0.031090757,0.002082567,0.025487741,0.001310669,0.028041999,0.001178589,0.028136665,0.001625848,479,0.122021742,2.294554687,-0.216628183,2.304757901,0.099030843,lw:mw
Yasuhikotakia_modesta_P_19,1,Yasuhikotakia_modesta_P_19_Sony_A7_28_to_70mm_D65_to_Pike_Cichlid_Crenicichla_frenata_D65_Acuity8.08_Dist100_FishOutline_WeberFiltered_itr5_rad5_fall3,20,1,0.368180515,0.061784602,0.319961458,0.061466253,0.282840503,0.062472355,0.342770514,0.060384493,83634,23.889558792,1.62089587,-1.270977161,2.059778232,0.131086416,lw:sw
Yasuhikotakia_modesta_P_19,2,Yasuhikotakia_modesta_P_19_Sony_A7_28_to_70mm_D65_to_Pike_Cichlid_Crenicichla_frenata_D65_Acuity8.08_Dist100_FishOutline_WeberFiltered_itr5_rad5_fall3,20,2,0.573211387,0.090172415,0.529241544,0.081557675,0.484056473,0.08478714,0.550040632,0.083339348,262635,75.020141602,0.921568114,-0.834721463,1.243401668,0.084325759,lw:sw
Yasuhikotakia_modesta_P_19,3,Yasuhikotakia_modesta_P_19_Sony_A7_28_to_70mm_D65_to_Pike_Cichlid_Crenicichla_frenata_D65_Acuity8.08_Dist100_FishOutline_WeberFiltered_itr5_rad5_fall3,20,3,0.066307486,0.023017613,0.050437947,0.020723396,0.051437272,0.016805558,0.057926757,0.021745781,1039,0.296784222,3.158807378,-0.953691475,3.299635053,0.135932847,lw:mw
Yasuhikotakia_modesta_P_19,4,Yasuhikotakia_modesta_P_19_Sony_A7_28_to_70mm_D65_to_Pike_Cichlid_Crenicichla_frenata_D65_Acuity8.08_Dist100_FishOutline_WeberFiltered_itr5_rad5_fall3,20,4,1.474645351,0.156113556,1.043358935,0.082679143,0.775877291,0.071872799,1.247370261,0.114754101,933,0.266505957,3.994969169,-3.087238609,5.04884352,0.310491459,lw:sw
Yasuhikotakia_modesta_P_19,5,Yasuhikotakia_modesta_P_19_Sony_A7_28_to_70mm_D65_to_Pike_Cichlid_Crenicichla_frenata_D65_Acuity8.08_Dist100_FishOutline_WeberFiltered_itr5_rad5_fall3,20,5,2.215141548,0.272451969,1.417523665,0.116229168,0.907631984,0.061800171,1.79482132,0.188200547,1552,0.443319649,5.154672212,-4.356326242,6.748942431,0.418701373,lw:sw
Yasuhikotakia_modesta_P_19,6,Yasuhikotakia_modesta_P_19_Sony_A7_28_to_70mm_D65_to_Pike_Cichlid_Crenicichla_frenata_D65_Acuity8.08_Dist100_FishOutline_WeberFiltered_itr5_rad5_fall3,20,6,0.14860105,0.026850085,0.113149829,0.020636872,0.098368392,0.018361938,0.129909847,0.023044226,293,0.08369372,3.147183422,-1.885052483,3.668540085,0.203396249,lw:sw
Yasuhikotakia_modesta_P_20,1,Yasuhikotakia_modesta_P_20_Sony_A7_28_to_70mm_D65_to_Pike_Cichlid_Crenicichla_frenata_D65_Acuity8.08_Dist100_FishOutline_WeberFiltered_itr5_rad5_fall3,20,1,0.195953407,0.025193318,0.183380267,0.021511822,0.16723102,0.023560258,0.189327749,0.022316537,180203,53.068778992,0.765743992,-0.799246404,1.106868861,0.079084853,lw:sw
Yasuhikotakia_modesta_P_20,2,Yasuhikotakia_modesta_P_20_Sony_A7_28_to_70mm_D65_to_Pike_Cichlid_Crenicichla_frenata_D65_Acuity8.08_Dist100_FishOutline_WeberFiltered_itr5_rad5_fall3,20,2,0.304531317,0.049300342,0.27204544,0.039620863,0.241007108,0.037912633,0.287412258,0.043622773,58971,17.366630554,1.30256615,-1.150539741,1.737935635,0.116443144,lw:sw
Yasuhikotakia_modesta_P_20,3,Yasuhikotakia_modesta_P_20_Sony_A7_28_to_70mm_D65_to_Pike_Cichlid_Crenicichla_frenata_D65_Acuity8.08_Dist100_FishOutline_WeberFiltered_itr5_rad5_fall3,20,3,0.138632961,0.02035642,0.127578762,0.022595543,0.117113426,0.026084227,0.132807733,0.020769555,96785,28.502643585,0.959515619,-0.826157497,1.266177883,0.084144044,lw:sw
Yasuhikotakia_modesta_P_20,4,Yasuhikotakia_modesta_P_20_Sony_A7_28_to_70mm_D65_to_Pike_Cichlid_Crenicichla_frenata_D65_Acuity8.08_Dist100_FishOutline_WeberFiltered_itr5_rad5_fall3,20,4,0.05635485,0.01031216,0.044300608,0.009504299,0.036256411,0.009197788,0.050002468,0.009724553,1457,0.42907837,2.779034334,-2.114369005,3.49193186,0.21701938,lw:sw
Yasuhikotakia_modesta_P_20,5,Yasuhikotakia_modesta_P_20_Sony_A7_28_to_70mm_D65_to_Pike_Cichlid_Crenicichla_frenata_D65_Acuity8.08_Dist100_FishOutline_WeberFiltered_itr5_rad5_fall3,20,5,0.721359669,0.088201771,0.551780741,0.05491814,0.421512446,0.039270592,0.631996764,0.069466061,1409,0.414942652,3.094468278,-2.624934802,4.057833984,0.262362883,lw:sw
Yasuhikotakia_modesta_P_20,6,Yasuhikotakia_modesta_P_20_Sony_A7_28_to_70mm_D65_to_Pike_Cichlid_Crenicichla_frenata_D65_Acuity8.08_Dist100_FishOutline_WeberFiltered_itr5_rad5_fall3,20,6,0.027301511,0.00592176,0.021645774,0.00462894,0.023451954,0.003956093,0.024320144,0.005236278,740,0.217925876,2.680444239,-0.437197499,2.71586505,0.115547505,lw:mw
Yasuhikotakia_modesta_P_21,1,Yasuhikotakia_modesta_P_21_Sony_A7_28_to_70mm_D65_to_Pike_Cichlid_Crenicichla_frenata_D65_Acuity8.08_Dist100_FishOutline_WeberFiltered_itr5_rad5_fall3,20,1,0.310081787,0.074367491,0.303525517,0.077678733,0.299409654,0.088401215,0.306626832,0.074929113,405954,99.278800964,0.246765817,-0.163486607,0.296008849,0.017509898,lw:sw
Yasuhikotakia_modesta_P_21,2,Yasuhikotakia_modesta_P_21_Sony_A7_28_to_70mm_D65_to_Pike_Cichlid_Crenicichla_frenata_D65_Acuity8.08_Dist100_FishOutline_WeberFiltered_itr5_rad5_fall3,20,2,0.051368622,0.018301639,0.043356596,0.015960337,0.042610308,0.013994602,0.047144822,0.01703181,2094,0.512101889,1.958022879,-0.764159721,2.101854818,0.093194445,lw:sw
Yasuhikotakia_modesta_P_21,3,Yasuhikotakia_modesta_P_21_Sony_A7_28_to_70mm_D65_to_Pike_Cichlid_Crenicichla_frenata_D65_Acuity8.08_Dist100_FishOutline_WeberFiltered_itr5_rad5_fall3,20,3,0.836944886,0.084787398,0.602450814,0.042006555,0.416911234,0.045017095,0.713373706,0.05521591,855,0.209096044,3.79612765,-3.441441809,5.123876156,0.334993501,lw:sw
Yasuhikotakia_modesta_P_22,1,Yasuhikotakia_modesta_P_22_Sony_A7_28_to_70mm_D65_to_Pike_Cichlid_Crenicichla_frenata_D65_Acuity8.08_Dist100_FishOutline_WeberFiltered_itr5_rad5_fall3,20,1,0.242289364,0.042991191,0.1989487,0.035891409,0.165968325,0.031155235,0.219450167,0.03893125,148734,43.285701752,2.275764486,-1.831997879,2.921527037,0.186943297,lw:sw
Yasuhikotakia_modesta_P_22,2,Yasuhikotakia_modesta_P_22_Sony_A7_28_to_70mm_D65_to_Pike_Cichlid_Crenicichla_frenata_D65_Acuity8.08_Dist100_FishOutline_WeberFiltered_itr5_rad5_fall3,20,2,0.163140362,0.020089514,0.137788571,0.016811684,0.120059788,0.015594953,0.149780746,0.018002619,191450,55.71723938,1.950192308,-1.466839273,2.440259718,0.152120589,lw:sw
Yasuhikotakia_modesta_P_22,3,Yasuhikotakia_modesta_P_22_Sony_A7_28_to_70mm_D65_to_Pike_Cichlid_Crenicichla_frenata_D65_Acuity8.08_Dist100_FishOutline_WeberFiltered_itr5_rad5_fall3,20,3,0.062355559,0.016121581,0.049819221,0.013878891,0.046443232,0.012183035,0.055747311,0.014849535,1296,0.377171785,2.591764394,-1.288000522,2.894164476,0.146254625,lw:sw
Yasuhikotakia_modesta_P_22,4,Yasuhikotakia_modesta_P_22_Sony_A7_28_to_70mm_D65_to_Pike_Cichlid_Crenicichla_frenata_D65_Acuity8.08_Dist100_FishOutline_WeberFiltered_itr5_rad5_fall3,20,4,0.57394935,0.082573499,0.429067641,0.055255974,0.331086007,0.052147435,0.497601048,0.067885291,1388,0.40394634,3.359352186,-2.655568679,4.282206455,0.268346801,lw:sw
Yasuhikotakia_modesta_P_22,5,Yasuhikotakia_modesta_P_22_Sony_A7_28_to_70mm_D65_to_Pike_Cichlid_Crenicichla_frenata_D65_Acuity8.08_Dist100_FishOutline_WeberFiltered_itr5_rad5_fall3,20,5,0.029402006,0.004639318,0.021398966,0.003443312,0.023852945,0.003032646,0.025180644,0.003976159,742,0.215942487,3.668741457,-0.60500473,3.718291893,0.157537143,lw:mw
Yasuhikotakia_modesta_P_23,1,Yasuhikotakia_modesta_P_23_Sony_A7_28_to_70mm_D65_to_Pike_Cichlid_Crenicichla_frenata_D65_Acuity8.08_Dist100_FishOutline_WeberFiltered_itr5_rad5_fall3,20,1,0.162831594,0.043375512,0.151284561,0.036129453,0.140725833,0.032749223,0.156746606,0.039115709,314418,96.085594177,0.849333068,-0.711286665,1.107833643,0.072822337,lw:sw
Yasuhikotakia_modesta_P_23,2,Yasuhikotakia_modesta_P_23_Sony_A7_28_to_70mm_D65_to_Pike_Cichlid_Crenicichla_frenata_D65_Acuity8.08_Dist100_FishOutline_WeberFiltered_itr5_rad5_fall3,20,2,0.081386803,0.015974518,0.065790752,0.015849268,0.060680088,0.014798217,0.073165237,0.015682783,11333,3.463345051,2.456454557,-1.304885747,2.781527602,0.145753278,lw:sw
Yasuhikotakia_modesta_P_23,3,Yasuhikotakia_modesta_P_23_Sony_A7_28_to_70mm_D65_to_Pike_Cichlid_Crenicichla_frenata_D65_Acuity8.08_Dist100_FishOutline_WeberFiltered_itr5_rad5_fall3,20,3,0.045611635,0.008924594,0.031729673,0.01016335,0.031713728,0.010601503,0.038286098,0.009473502,648,0.19802767,4.190556505,-1.420652139,4.424818225,0.179732834,lw:sw
Yasuhikotakia_modesta_P_23,4,Yasuhikotakia_modesta_P_23_Sony_A7_28_to_70mm_D65_to_Pike_Cichlid_Crenicichla_frenata_D65_Acuity8.08_Dist100_FishOutline_WeberFiltered_itr5_rad5_fall3,20,4,0.616579486,0.079464531,0.472495841,0.07469775,0.366530018,0.080818,0.540651657,0.074392743,828,0.253035367,3.073350986,-2.527825912,3.979370569,0.25434549,lw:sw
Yasuhikotakia_modesta_P_24,1,Yasuhikotakia_modesta_P_24_Sony_A7_28_to_70mm_D65_to_Pike_Cichlid_Crenicichla_frenata_D65_Acuity8.08_Dist100_FishOutline_WeberFiltered_itr5_rad5_fall3,20,1,0.112924643,0.01475369,0.10011543,0.014786329,0.090188716,0.015812521,0.106174582,0.014454782,235048,60.303661346,1.390232523,-1.082204078,1.761792307,0.111937134,lw:sw
Yasuhikotakia_modesta_P_24,2,Yasuhikotakia_modesta_P_24_Sony_A7_28_to_70mm_D65_to_Pike_Cichlid_Crenicichla_frenata_D65_Acuity8.08_Dist100_FishOutline_WeberFiltered_itr5_rad5_fall3,20,2,0.175551286,0.033057559,0.152821752,0.026167019,0.130480229,0.021934272,0.163573521,0.029099391,152444,39.110870361,1.601106539,-1.467810394,2.172097949,0.147275869,lw:sw
Yasuhikotakia_modesta_P_24,3,Yasuhikotakia_modesta_P_24_Sony_A7_28_to_70mm_D65_to_Pike_Cichlid_Crenicichla_frenata_D65_Acuity8.08_Dist100_FishOutline_WeberFiltered_itr5_rad5_fall3,20,3,0.043612643,0.009067936,0.036690747,0.00743385,0.038082804,0.005871511,0.039964443,0.008156822,1614,0.414086103,1.995594978,-0.456921794,2.047236391,0.086196811,lw:mw
Yasuhikotakia_modesta_P_24,4,Yasuhikotakia_modesta_P_24_Sony_A7_28_to_70mm_D65_to_Pike_Cichlid_Crenicichla_frenata_D65_Acuity8.08_Dist100_FishOutline_WeberFiltered_itr5_rad5_fall3,20,4,0.401283716,0.023811173,0.277015234,0.020178013,0.187936917,0.032904846,0.335798049,0.016193691,668,0.171381369,4.279303624,-3.721124542,5.670908866,0.362083041,lw:sw
Yasuhikotakia_modesta_P_25,1,Yasuhikotakia_modesta_P_25_Sony_A7_28_to_70mm_D65_to_Pike_Cichlid_Crenicichla_frenata_D65_Acuity8.08_Dist100_FishOutline_WeberFiltered_itr5_rad5_fall3,20,1,0.334802711,0.073739863,0.323492207,0.070742897,0.299754468,0.072891199,0.328842422,0.070254132,343875,76.835159302,0.396831689,-0.580833219,0.703450509,0.055232602,lw:sw
Yasuhikotakia_modesta_P_25,2,Yasuhikotakia_modesta_P_25_Sony_A7_28_to_70mm_D65_to_Pike_Cichlid_Crenicichla_frenata_D65_Acuity8.08_Dist100_FishOutline_WeberFiltered_itr5_rad5_fall3,20,2,0.123478719,0.019559724,0.109907798,0.015820338,0.103034603,0.015315895,0.116326994,0.017152745,1860,0.415596962,1.344391979,-0.833227267,1.581662882,0.090255689,lw:sw
Yasuhikotakia_modesta_P_25,3,Yasuhikotakia_modesta_P_25_Sony_A7_28_to_70mm_D65_to_Pike_Cichlid_Crenicichla_frenata_D65_Acuity8.08_Dist100_FishOutline_WeberFiltered_itr5_rad5_fall3,20,3,0.0784546,0.016918773,0.065934552,0.013884732,0.059642896,0.011796738,0.071855663,0.015199218,1438,0.321305603,2.007546324,-1.266835215,2.373839444,0.136220457,lw:sw
Yasuhikotakia_modesta_P_25,4,Yasuhikotakia_modesta_P_25_Sony_A7_28_to_70mm_D65_to_Pike_Cichlid_Crenicichla_frenata_D65_Acuity8.08_Dist100_FishOutline_WeberFiltered_itr5_rad5_fall3,20,4,0.051745859,0.007700601,0.041348712,0.005772574,0.038913796,0.005161375,0.046265322,0.006629588,357,0.079767801,2.590046311,-1.23188203,2.868078316,0.14154105,lw:sw
Yasuhikotakia_modesta_P_25,5,Yasuhikotakia_modesta_P_25_Sony_A7_28_to_70mm_D65_to_Pike_Cichlid_Crenicichla_frenata_D65_Acuity8.08_Dist100_FishOutline_WeberFiltered_itr5_rad5_fall3,20,5,0.034551062,0.005905637,0.028543913,0.004428008,0.02970969,0.003387907,0.031382403,0.005070099,1322,0.295386642,2.205429475,-0.511554402,2.263980361,0.095208039,lw:mw
Yasuhikotakia_modesta_P_25,6,Yasuhikotakia_modesta_P_25_Sony_A7_28_to_70mm_D65_to_Pike_Cichlid_Crenicichla_frenata_D65_Acuity8.08_Dist100_FishOutline_WeberFiltered_itr5_rad5_fall3,20,6,0.550296167,0.057877134,0.554284814,0.062505258,0.511504983,0.071219727,0.55239806,0.057639819,98697,22.052780151,-0.083393481,-0.442451998,0.450242427,0.040139088,mw:sw
Yasuhikotakia_modesta_P_26,1,Yasuhikotakia_modesta_P_26_Sony_A7_28_to_70mm_D65_to_Pike_Cichlid_Crenicichla_frenata_D65_Acuity8.08_Dist100_FishOutline_WeberFiltered_itr5_rad5_fall3,20,1,0.29316299,0.025288556,0.236345238,0.018545859,0.19422837,0.019916257,0.263221782,0.020158349,114083,32.221920013,2.487646432,-1.991628591,3.186686243,0.202988046,lw:sw
Yasuhikotakia_modesta_P_26,2,Yasuhikotakia_modesta_P_26_Sony_A7_28_to_70mm_D65_to_Pike_Cichlid_Crenicichla_frenata_D65_Acuity8.08_Dist100_FishOutline_WeberFiltered_itr5_rad5_fall3,20,2,0.417264462,0.055110549,0.321065346,0.043273147,0.247260326,0.037235594,0.366570487,0.04747262,85924,24.268613815,3.026207124,-2.554385924,3.960153659,0.255828134,lw:sw
Yasuhikotakia_modesta_P_26,3,Yasuhikotakia_modesta_P_26_Sony_A7_28_to_70mm_D65_to_Pike_Cichlid_Crenicichla_frenata_D65_Acuity8.08_Dist100_FishOutline_WeberFiltered_itr5_rad5_fall3,20,3,0.622888399,0.068256807,0.481349136,0.05598999,0.367075037,0.050994809,0.548301562,0.06060395,42020,11.868246078,2.976542631,-2.595148203,3.948999902,0.258406879,lw:sw
Yasuhikotakia_modesta_P_26,4,Yasuhikotakia_modesta_P_26_Sony_A7_28_to_70mm_D65_to_Pike_Cichlid_Crenicichla_frenata_D65_Acuity8.08_Dist100_FishOutline_WeberFiltered_itr5_rad5_fall3,20,4,0.196684784,0.032296824,0.162223368,0.028734944,0.137523241,0.027083563,0.178524675,0.030103769,111127,31.387020111,2.224292639,-1.720425072,2.811999319,0.177020113,lw:sw
Yasuhikotakia_modesta_P_26,5,Yasuhikotakia_modesta_P_26_Sony_A7_28_to_70mm_D65_to_Pike_Cichlid_Crenicichla_frenata_D65_Acuity8.08_Dist100_FishOutline_WeberFiltered_itr5_rad5_fall3,20,5,0.065785897,0.011835745,0.049509231,0.009217813,0.043867151,0.007725359,0.057205996,0.010420328,116,0.032763362,3.282215229,-1.819399555,3.75275253,0.199891811,lw:sw
Yasuhikotakia_modesta_P_26,6,Yasuhikotakia_modesta_P_26_Sony_A7_28_to_70mm_D65_to_Pike_Cichlid_Crenicichla_frenata_D65_Acuity8.08_Dist100_FishOutline_WeberFiltered_itr5_rad5_fall3,20,6,0.043168772,0.006846826,0.032227992,0.005331623,0.03069399,0.004422372,0.037400497,0.006023613,86,0.024290079,3.375002992,-1.427569364,3.664505354,0.168891353,lw:sw
Yasuhikotakia_modesta_P_26,7,Yasuhikotakia_modesta_P_26_Sony_A7_28_to_70mm_D65_to_Pike_Cichlid_Crenicichla_frenata_D65_Acuity8.08_Dist100_FishOutline_WeberFiltered_itr5_rad5_fall3,20,7,0.026366976,0.002811039,0.01913181,0.002335487,0.02067335,0.001837976,0.022551191,0.002521937,698,0.197145075,3.703840251,-0.798954182,3.78903159,0.159018881,lw:mw
Yasuhikotakia_modesta_P_27,1,Yasuhikotakia_modesta_P_27_Sony_A7_28_to_70mm_D65_to_Pike_Cichlid_Crenicichla_frenata_D65_Acuity8.08_Dist100_FishOutline_WeberFiltered_itr5_rad5_fall3,20,1,0.479980263,0.06934965,0.425452688,0.052219589,0.36980014,0.047300059,0.451245908,0.058833861,166405,47.67150116,1.392476538,-1.292576433,1.899932826,0.129657171,lw:sw
Yasuhikotakia_modesta_P_27,2,Yasuhikotakia_modesta_P_27_Sony_A7_28_to_70mm_D65_to_Pike_Cichlid_Crenicichla_frenata_D65_Acuity8.08_Dist100_FishOutline_WeberFiltered_itr5_rad5_fall3,20,2,0.305088409,0.05441653,0.278799323,0.046580949,0.251017697,0.042966344,0.291234868,0.049155204,173338,49.657657623,1.04049982,-0.967104826,1.4205392,0.097230926,lw:sw
Yasuhikotakia_modesta_P_27,3,Yasuhikotakia_modesta_P_27_Sony_A7_28_to_70mm_D65_to_Pike_Cichlid_Crenicichla_frenata_D65_Acuity8.08_Dist100_FishOutline_WeberFiltered_itr5_rad5_fall3,20,3,0.164185832,0.02951995,0.140252472,0.025537507,0.126347313,0.023849612,0.151573664,0.027126583,7729,2.214194536,1.819297041,-1.227302817,2.194564633,0.130238218,lw:sw
Yasuhikotakia_modesta_P_27,4,Yasuhikotakia_modesta_P_27_Sony_A7_28_to_70mm_D65_to_Pike_Cichlid_Crenicichla_frenata_D65_Acuity8.08_Dist100_FishOutline_WeberFiltered_itr5_rad5_fall3,20,4,1.135141863,0.083522926,0.838756272,0.071461913,0.596476435,0.086962701,0.978955775,0.069233496,642,0.18391937,3.494062407,-3.179558053,4.724199564,0.311076309,lw:sw
Yasuhikotakia_modesta_P_27,5,Yasuhikotakia_modesta_P_27_Sony_A7_28_to_70mm_D65_to_Pike_Cichlid_Crenicichla_frenata_D65_Acuity8.08_Dist100_FishOutline_WeberFiltered_itr5_rad5_fall3,20,5,0.051971043,0.015563174,0.043924844,0.013152124,0.046000688,0.012679907,0.047729865,0.014199283,952,0.272727787,1.942295252,-0.386515118,1.980379959,0.083905575,lw:mw
Yasuhikotakia_modesta_P_28,1,Yasuhikotakia_modesta_P_28_Sony_A7_28_to_70mm_D65_to_Pike_Cichlid_Crenicichla_frenata_D65_Acuity8.08_Dist100_FishOutline_WeberFiltered_itr5_rad5_fall3,20,1,0.339650463,0.096193638,0.27727647,0.07322527,0.233630605,0.058023533,0.306781284,0.083619147,326157,77.579772949,2.342924813,-1.796260577,2.952261631,0.184935217,lw:sw
Yasuhikotakia_modesta_P_28,2,Yasuhikotakia_modesta_P_28_Sony_A7_28_to_70mm_D65_to_Pike_Cichlid_Crenicichla_frenata_D65_Acuity8.08_Dist100_FishOutline_WeberFiltered_itr5_rad5_fall3,20,2,0.638474999,0.0739629,0.515498416,0.063168388,0.424982781,0.06141511,0.573670123,0.067085748,76622,18.225324631,2.470477824,-1.967224873,3.158042809,0.200752886,lw:sw
Yasuhikotakia_modesta_P_28,3,Yasuhikotakia_modesta_P_28_Sony_A7_28_to_70mm_D65_to_Pike_Cichlid_Crenicichla_frenata_D65_Acuity8.08_Dist100_FishOutline_WeberFiltered_itr5_rad5_fall3,20,3,0.148952655,0.024793689,0.117272558,0.021477811,0.097884634,0.024155539,0.132258088,0.022133943,13624,3.2406075,2.761226709,-1.993077077,3.405397066,0.206889412,lw:sw
Yasuhikotakia_modesta_P_28,4,Yasuhikotakia_modesta_P_28_Sony_A7_28_to_70mm_D65_to_Pike_Cichlid_Crenicichla_frenata_D65_Acuity8.08_Dist100_FishOutline_WeberFiltered_itr5_rad5_fall3,20,4,1.137791593,0.125034236,0.843403475,0.092042517,0.608721614,0.106094607,0.982658033,0.104879276,2296,0.546127021,3.457183995,-3.080380441,4.630428149,0.302929275,lw:sw
Yasuhikotakia_modesta_P_28,5,Yasuhikotakia_modesta_P_28_Sony_A7_28_to_70mm_D65_to_Pike_Cichlid_Crenicichla_frenata_D65_Acuity8.08_Dist100_FishOutline_WeberFiltered_itr5_rad5_fall3,20,5,1.66459786,0.207780545,1.195501055,0.125230387,0.81613337,0.066715236,1.417398278,0.163668903,1019,0.242379546,3.822293122,-3.53004649,5.202994612,0.342021933,lw:sw
Yasuhikotakia_modesta_P_28,6,Yasuhikotakia_modesta_P_28_Sony_A7_28_to_70mm_D65_to_Pike_Cichlid_Crenicichla_frenata_D65_Acuity8.08_Dist100_FishOutline_WeberFiltered_itr5_rad5_fall3,20,6,0.073085184,0.016079575,0.056821635,0.012399527,0.054462217,0.009880189,0.064511215,0.014108597,113,0.026878204,2.906498176,-1.231809743,3.156752587,0.146008202,lw:sw
Yasuhikotakia_modesta_P_28,7,Yasuhikotakia_modesta_P_28_Sony_A7_28_to_70mm_D65_to_Pike_Cichlid_Crenicichla_frenata_D65_Acuity8.08_Dist100_FishOutline_WeberFiltered_itr5_rad5_fall3,20,7,0.039152636,0.006756228,0.030492768,0.005637255,0.033496331,0.005011896,0.034584923,0.006153627,584,0.138910368,2.886518303,-0.426033204,2.917788924,0.12434228,lw:mw
